,stormIdentifier,ensembleMemberNumber,latitude,longitude,pressureReducedToMeanSeaLevel
0,04W,1,7.3,152.0,98400.0
1,04W,1,8.1,152.5,98800.0
2,04W,1,8.6,152.20000000000002,98600.0
3,04W,1,8.6,152.20000000000002,98700.0
4,04W,1,9.3,151.8,98400.0
5,04W,1,9.3,151.1,98300.0
6,04W,1,9.4,150.8,97900.0
7,04W,1,9.5,150.4,98200.0
8,04W,1,9.8,149.9,97800.0
9,04W,1,10.200000000000001,149.3,97900.0
10,04W,1,10.5,148.70000000000002,97500.0
11,04W,1,10.700000000000001,148.4,97600.0
12,04W,1,11.200000000000001,148.20000000000002,97400.0
13,04W,1,11.700000000000001,147.70000000000002,97800.0
14,04W,1,11.9,147.1,97700.0
15,04W,1,12.1,146.6,98000.0
16,04W,1,12.3,146.3,97600.0
17,04W,1,12.4,146.0,97800.0
18,04W,1,12.5,145.8,97600.0
19,04W,1,12.6,145.6,97900.0
20,04W,1,12.700000000000001,145.1,97500.0
21,04W,1,12.8,144.70000000000002,97800.0
22,04W,1,13.0,144.20000000000002,97400.0
23,04W,1,13.3,143.5,97500.0
24,04W,1,13.8,142.5,97100.0
25,04W,1,13.9,141.8,96900.0
26,04W,1,14.4,141.0,96500.0
27,04W,1,14.700000000000001,140.20000000000002,96600.0
28,04W,1,15.3,139.4,96100.0
29,04W,1,15.700000000000001,138.70000000000002,95900.0
30,04W,1,16.4,138.1,95600.0
31,04W,1,17.0,137.3,95900.0
32,04W,1,17.8,136.8,95600.0
33,04W,1,18.5,136.6,95800.0
34,04W,1,19.0,136.4,95600.0
35,04W,1,19.900000000000002,136.4,96100.0
36,04W,1,20.900000000000002,136.8,96100.0
37,04W,1,21.8,137.6,96500.0
38,04W,1,22.6,138.5,96600.0
39,04W,1,23.2,139.70000000000002,97100.0
40,04W,2,7.9,151.20000000000002,98100.0
41,04W,2,7.4,151.0,98300.0
42,04W,2,7.3,151.5,97600.0
43,04W,2,7.5,151.9,98100.0
44,04W,2,7.7,152.20000000000002,97700.0
45,04W,2,7.9,152.0,97700.0
46,04W,2,8.1,151.8,97600.0
47,04W,2,8.5,151.70000000000002,97500.0
48,04W,2,8.9,151.70000000000002,96800.0
49,04W,2,9.5,151.5,96600.0
50,04W,2,10.0,151.1,96300.0
51,04W,2,10.700000000000001,150.5,95400.0
52,04W,2,11.200000000000001,149.8,95800.0
53,04W,2,11.5,149.1,95900.0
54,04W,2,12.0,148.5,95500.0
55,04W,2,12.6,148.0,95500.0
56,04W,2,13.3,147.3,95600.0
57,04W,2,13.8,146.6,95600.0
58,04W,2,14.5,146.0,95200.0
59,04W,2,15.200000000000001,145.4,95500.0
60,04W,2,15.9,144.70000000000002,95300.0
61,04W,2,16.4,144.0,95500.0
62,04W,2,16.9,143.4,95700.0
63,04W,2,17.5,142.8,96100.0
64,04W,2,18.3,142.5,95900.0
65,04W,2,19.0,142.4,96400.0
66,04W,2,19.5,142.4,96700.0
67,04W,2,20.2,142.5,97200.0
68,04W,2,21.1,142.6,97200.0
69,04W,2,22.0,142.9,97800.0
70,04W,2,22.8,143.5,97900.0
71,04W,2,23.2,143.9,98300.0
72,04W,2,24.3,144.4,98300.0
73,04W,2,24.900000000000002,145.20000000000002,98800.0
74,04W,2,26.0,146.3,98700.0
75,04W,2,27.400000000000002,148.0,98800.0
76,04W,2,28.0,150.3,98800.0
77,04W,2,28.8,153.3,99100.0
78,04W,2,,,
79,04W,2,30.8,160.6,97600.0
80,04W,3,7.6000000000000005,150.3,98000.0
81,04W,3,7.1000000000000005,150.20000000000002,98100.0
82,04W,3,7.3,150.9,97600.0
83,04W,3,7.9,151.3,97200.0
84,04W,3,8.6,151.1,96700.0
85,04W,3,8.8,150.5,96200.0
86,04W,3,9.1,150.3,95200.0
87,04W,3,9.5,149.9,94600.0
88,04W,3,10.1,149.5,95200.0
89,04W,3,10.700000000000001,148.9,95600.0
90,04W,3,11.200000000000001,148.20000000000002,95000.0
91,04W,3,11.700000000000001,147.5,94500.0
92,04W,3,12.1,146.8,93800.0
93,04W,3,12.6,146.1,94300.0
94,04W,3,13.200000000000001,145.4,94000.0
95,04W,3,13.6,144.9,94700.0
96,04W,3,14.200000000000001,144.4,94900.0
97,04W,3,14.700000000000001,144.1,95300.0
98,04W,3,15.1,143.5,95000.0
99,04W,3,15.5,143.0,95000.0
100,04W,3,16.1,142.3,94800.0
101,04W,3,16.4,141.9,95100.0
102,04W,3,16.8,141.5,95200.0
103,04W,3,17.3,141.1,95700.0
104,04W,3,17.8,140.6,95600.0
105,04W,3,18.5,140.4,95900.0
106,04W,3,19.2,139.9,96100.0
107,04W,3,19.900000000000002,139.70000000000002,96500.0
108,04W,3,20.7,139.6,96400.0
109,04W,3,21.6,139.9,96700.0
110,04W,3,22.6,140.20000000000002,96700.0
111,04W,3,23.6,140.6,97000.0
112,04W,3,24.6,141.3,97000.0
113,04W,3,25.6,142.5,97500.0
114,04W,3,26.7,144.0,97800.0
115,04W,3,28.0,145.5,98300.0
116,04W,3,29.2,147.70000000000002,98600.0
117,04W,3,30.3,150.3,98900.0
118,04W,3,32.0,153.9,98900.0
119,04W,3,,,
120,04W,4,7.8,151.8,98100.0
121,04W,4,8.1,151.8,97900.0
122,04W,4,8.3,151.8,97000.0
123,04W,4,8.6,152.1,96900.0
124,04W,4,8.6,152.3,96500.0
125,04W,4,9.0,152.20000000000002,96900.0
126,04W,4,9.5,151.9,96200.0
127,04W,4,10.0,151.4,96700.0
128,04W,4,10.5,150.70000000000002,96300.0
129,04W,4,10.700000000000001,149.9,95000.0
130,04W,4,11.4,149.20000000000002,94900.0
131,04W,4,12.1,148.70000000000002,95000.0
132,04W,4,12.6,147.6,94700.0
133,04W,4,12.8,146.6,95000.0
134,04W,4,13.3,145.5,94700.0
135,04W,4,13.200000000000001,144.9,94700.0
136,04W,4,13.5,144.20000000000002,94200.0
137,04W,4,13.6,143.70000000000002,94400.0
138,04W,4,13.6,143.4,94200.0
139,04W,4,13.8,142.9,94700.0
140,04W,4,14.0,142.8,94500.0
141,04W,4,14.0,142.5,94900.0
142,04W,4,14.3,142.4,94800.0
143,04W,4,15.0,142.4,95500.0
144,04W,4,15.5,142.5,95500.0
145,04W,4,16.1,142.70000000000002,96000.0
146,04W,4,16.5,142.5,96300.0
147,04W,4,17.1,142.6,96800.0
148,04W,4,17.6,142.3,96800.0
149,04W,4,18.1,142.3,97300.0
150,04W,4,18.6,141.4,97200.0
151,04W,4,19.5,141.4,97500.0
152,04W,4,20.3,141.1,97400.0
153,04W,4,21.2,141.6,97600.0
154,04W,4,22.3,141.5,97500.0
155,04W,4,23.8,142.3,97900.0
156,04W,4,24.400000000000002,143.3,98000.0
157,04W,4,25.1,143.8,98200.0
158,04W,4,25.5,145.1,98300.0
159,04W,4,25.3,145.8,98900.0
160,04W,5,7.9,151.9,98000.0
161,04W,5,8.4,152.0,98200.0
162,04W,5,8.6,151.6,97200.0
163,04W,5,8.9,152.0,97500.0
164,04W,5,9.200000000000001,151.6,96900.0
165,04W,5,9.6,151.5,96900.0
166,04W,5,9.5,150.8,96300.0
167,04W,5,10.0,150.3,95800.0
168,04W,5,10.200000000000001,149.6,94500.0
169,04W,5,10.700000000000001,149.1,94600.0
170,04W,5,11.4,148.0,94600.0
171,04W,5,11.700000000000001,146.9,94900.0
172,04W,5,12.200000000000001,146.1,94300.0
173,04W,5,12.6,145.3,94300.0
174,04W,5,13.1,144.6,94000.0
175,04W,5,13.8,143.9,93900.0
176,04W,5,14.200000000000001,143.20000000000002,93200.0
177,04W,5,14.6,142.9,93300.0
178,04W,5,14.8,142.5,93100.0
179,04W,5,15.200000000000001,142.1,93800.0
180,04W,5,15.5,141.8,94100.0
181,04W,5,15.700000000000001,141.5,94600.0
182,04W,5,16.2,141.0,94600.0
183,04W,5,16.2,140.4,94600.0
184,04W,5,16.6,140.1,94300.0
185,04W,5,16.8,139.70000000000002,94400.0
186,04W,5,17.1,139.3,94500.0
187,04W,5,17.400000000000002,139.0,95100.0
188,04W,5,18.0,138.5,95100.0
189,04W,5,18.400000000000002,138.20000000000002,95700.0
190,04W,5,19.0,138.0,96000.0
191,04W,5,19.7,137.70000000000002,96200.0
192,04W,5,20.7,137.9,96200.0
193,04W,5,21.7,138.4,96500.0
194,04W,5,23.0,139.20000000000002,96500.0
195,04W,5,23.8,140.6,96900.0
196,04W,5,24.8,142.1,97000.0
197,04W,5,25.6,144.0,97800.0
198,04W,5,26.1,146.20000000000002,98200.0
199,04W,5,26.8,148.4,98700.0
200,04W,6,6.7,151.1,98300.0
201,04W,6,6.9,152.5,98600.0
202,04W,6,7.4,152.3,97700.0
203,04W,6,7.9,152.70000000000002,97700.0
204,04W,6,8.5,152.3,96600.0
205,04W,6,8.6,152.0,97400.0
206,04W,6,8.8,151.70000000000002,97000.0
207,04W,6,8.6,151.5,97300.0
208,04W,6,9.200000000000001,151.3,96700.0
209,04W,6,9.6,150.9,96500.0
210,04W,6,10.200000000000001,150.8,95800.0
211,04W,6,10.8,150.1,95600.0
212,04W,6,11.4,149.6,95000.0
213,04W,6,12.1,149.0,95200.0
214,04W,6,12.6,148.3,95000.0
215,04W,6,13.3,147.8,94900.0
216,04W,6,14.0,147.3,94300.0
217,04W,6,14.6,146.8,94800.0
218,04W,6,15.200000000000001,146.3,95200.0
219,04W,6,15.700000000000001,145.9,95400.0
220,04W,6,16.2,145.4,95000.0
221,04W,6,16.4,145.0,94900.0
222,04W,6,17.1,144.70000000000002,94600.0
223,04W,6,17.400000000000002,144.70000000000002,94900.0
224,04W,6,18.1,144.8,94600.0
225,04W,6,18.5,145.3,95100.0
226,04W,6,19.1,145.70000000000002,95200.0
227,04W,6,19.5,146.3,95800.0
228,04W,6,20.2,146.4,95900.0
229,04W,6,20.6,146.9,96200.0
230,04W,6,21.0,147.4,96500.0
231,04W,6,21.400000000000002,147.20000000000002,97100.0
232,04W,6,21.6,147.0,97300.0
233,04W,6,22.1,146.8,98000.0
234,04W,6,22.6,146.4,98100.0
235,04W,6,23.1,146.3,98700.0
236,04W,6,24.1,146.20000000000002,98800.0
237,04W,6,24.900000000000002,146.3,99200.0
238,04W,6,25.7,146.6,99200.0
239,04W,6,26.5,147.20000000000002,99500.0
240,04W,7,7.8,152.0,97900.0
241,04W,7,8.4,151.9,98400.0
242,04W,7,8.4,151.6,97900.0
243,04W,7,8.6,151.5,97800.0
244,04W,7,9.1,151.70000000000002,97500.0
245,04W,7,9.4,151.4,97800.0
246,04W,7,9.9,151.1,97500.0
247,04W,7,10.3,150.4,97500.0
248,04W,7,10.8,150.0,97200.0
249,04W,7,11.4,149.20000000000002,97400.0
250,04W,7,11.700000000000001,148.1,97200.0
251,04W,7,11.9,147.3,97300.0
252,04W,7,12.5,146.3,96800.0
253,04W,7,12.8,145.6,96800.0
254,04W,7,13.4,144.9,96400.0
255,04W,7,13.9,144.20000000000002,96500.0
256,04W,7,14.3,143.70000000000002,96100.0
257,04W,7,14.700000000000001,143.3,96200.0
258,04W,7,15.1,142.9,96100.0
259,04W,7,15.3,142.5,96300.0
260,04W,7,15.6,142.1,96000.0
261,04W,7,15.700000000000001,141.8,96200.0
262,04W,7,16.0,141.4,96100.0
263,04W,7,16.3,141.1,96500.0
264,04W,7,16.7,140.6,96300.0
265,04W,7,17.0,140.3,96500.0
266,04W,7,17.400000000000002,139.9,96500.0
267,04W,7,17.400000000000002,139.4,96900.0
268,04W,7,18.0,138.9,96700.0
269,04W,7,18.400000000000002,138.6,96700.0
270,04W,7,19.1,138.3,96900.0
271,04W,7,20.0,138.1,97100.0
272,04W,7,20.900000000000002,138.0,96800.0
273,04W,7,21.2,138.4,97100.0
274,04W,7,22.1,138.6,97300.0
275,04W,7,23.400000000000002,139.5,97700.0
276,04W,7,24.3,140.4,97700.0
277,04W,7,25.1,141.4,98100.0
278,04W,7,26.1,142.5,98200.0
279,04W,7,26.6,143.6,98800.0
280,04W,8,7.6000000000000005,152.20000000000002,98100.0
281,04W,8,7.9,152.9,98400.0
282,04W,8,8.6,152.5,98100.0
283,04W,8,9.0,152.4,98100.0
284,04W,8,9.8,152.0,97800.0
285,04W,8,10.1,151.3,97900.0
286,04W,8,10.5,150.6,97600.0
287,04W,8,11.0,150.0,97700.0
288,04W,8,11.6,149.5,97400.0
289,04W,8,12.200000000000001,148.5,97600.0
290,04W,8,12.6,147.3,97400.0
291,04W,8,13.0,146.1,97800.0
292,04W,8,13.3,145.20000000000002,97700.0
293,04W,8,13.700000000000001,144.4,98000.0
294,04W,8,14.0,143.3,97900.0
295,04W,8,14.200000000000001,142.4,98100.0
296,04W,8,14.4,141.8,97700.0
297,04W,8,14.4,141.1,97700.0
298,04W,8,14.3,140.4,97200.0
299,04W,8,14.0,140.0,97100.0
300,04W,8,14.3,139.3,96900.0
301,04W,8,14.4,138.6,97000.0
302,04W,8,14.5,137.8,96600.0
303,04W,8,14.700000000000001,136.9,96600.0
304,04W,8,15.200000000000001,135.9,96000.0
305,04W,8,15.0,135.4,95500.0
306,04W,8,15.1,134.1,94900.0
307,04W,8,15.200000000000001,133.3,94300.0
308,04W,8,15.4,132.3,93500.0
309,04W,8,15.700000000000001,131.5,93100.0
310,04W,8,16.1,130.7,93200.0
311,04W,8,16.2,130.0,93300.0
312,04W,8,16.9,129.2,92900.0
313,04W,8,17.3,128.6,93300.0
314,04W,8,17.8,128.0,94000.0
315,04W,8,18.3,127.5,94800.0
316,04W,8,19.400000000000002,127.10000000000001,94900.0
317,04W,8,20.400000000000002,127.10000000000001,95500.0
318,04W,8,21.7,127.4,95600.0
319,04W,8,23.0,128.2,95900.0
320,04W,9,8.8,150.3,98700.0
321,04W,9,8.6,149.8,98700.0
322,04W,9,8.4,150.1,98100.0
323,04W,9,8.9,150.1,97900.0
324,04W,9,9.6,149.5,97500.0
325,04W,9,9.8,148.9,97600.0
326,04W,9,10.5,148.4,96900.0
327,04W,9,11.0,147.4,96700.0
328,04W,9,11.4,146.20000000000002,96300.0
329,04W,9,11.6,145.20000000000002,96300.0
330,04W,9,11.8,144.3,95900.0
331,04W,9,12.4,143.20000000000002,96100.0
332,04W,9,12.8,142.20000000000002,95500.0
333,04W,9,13.200000000000001,141.1,95200.0
334,04W,9,13.4,140.4,94500.0
335,04W,9,13.6,139.70000000000002,94800.0
336,04W,9,14.0,139.3,94600.0
337,04W,9,14.1,139.0,94900.0
338,04W,9,14.3,138.6,94900.0
339,04W,9,14.4,138.3,95200.0
340,04W,9,14.700000000000001,138.0,95300.0
341,04W,9,14.9,137.6,95700.0
342,04W,9,15.200000000000001,137.1,95500.0
343,04W,9,15.3,136.6,95700.0
344,04W,9,15.6,136.0,95300.0
345,04W,9,15.9,135.4,94700.0
346,04W,9,16.2,135.0,94000.0
347,04W,9,16.8,134.3,93900.0
348,04W,9,17.7,133.9,93400.0
349,04W,9,18.400000000000002,133.7,93700.0
350,04W,9,19.2,133.5,94100.0
351,04W,9,20.2,133.6,94700.0
352,04W,9,21.6,134.2,94700.0
353,04W,9,22.900000000000002,135.1,95200.0
354,04W,9,24.5,136.6,95400.0
355,04W,9,25.8,138.3,95800.0
356,04W,9,27.1,141.1,96100.0
357,04W,9,28.6,144.4,96700.0
358,04W,9,30.5,147.70000000000002,97100.0
359,04W,9,33.0,151.5,97400.0
360,04W,10,8.0,151.1,98000.0
361,04W,10,7.6000000000000005,150.5,98200.0
362,04W,10,7.6000000000000005,150.6,97700.0
363,04W,10,7.6000000000000005,151.1,97900.0
364,04W,10,7.9,151.3,97500.0
365,04W,10,8.1,151.8,98000.0
366,04W,10,8.6,152.0,98200.0
367,04W,10,9.200000000000001,152.20000000000002,98600.0
368,04W,10,9.5,152.1,98200.0
369,04W,10,10.200000000000001,151.5,98600.0
370,04W,10,11.0,150.9,98500.0
371,04W,10,11.3,149.8,97100.0
372,04W,10,12.0,149.20000000000002,97600.0
373,04W,10,12.200000000000001,148.3,97100.0
374,04W,10,12.6,147.70000000000002,96200.0
375,04W,10,12.9,147.4,96700.0
376,04W,10,13.5,147.3,96400.0
377,04W,10,14.3,147.0,96700.0
378,04W,10,15.0,146.6,96600.0
379,04W,10,15.700000000000001,146.3,97000.0
380,04W,10,16.4,145.70000000000002,96800.0
381,04W,10,16.7,144.9,96900.0
382,04W,10,17.0,144.4,96800.0
383,04W,10,17.5,144.0,97000.0
384,04W,10,18.1,143.5,96800.0
385,04W,10,18.6,143.0,97000.0
386,04W,10,19.2,142.6,97000.0
387,04W,10,19.8,142.0,97300.0
388,04W,10,20.7,141.3,97200.0
389,04W,10,21.6,140.70000000000002,97400.0
390,04W,10,22.6,140.5,97300.0
391,04W,10,23.8,140.6,97600.0
392,04W,10,25.2,141.1,97600.0
393,04W,10,26.400000000000002,142.5,98100.0
394,04W,10,27.8,144.1,98200.0
395,04W,10,28.5,146.70000000000002,98900.0
396,04W,10,29.400000000000002,149.4,99100.0
397,04W,10,30.900000000000002,153.70000000000002,99500.0
398,04W,10,,,
399,04W,10,,,
400,04W,11,8.4,151.70000000000002,98900.0
401,04W,11,9.0,151.1,99000.0
402,04W,11,8.5,151.20000000000002,98600.0
403,04W,11,8.8,151.1,98700.0
404,04W,11,8.9,150.8,98400.0
405,04W,11,9.3,150.8,98700.0
406,04W,11,9.4,150.4,98400.0
407,04W,11,9.5,150.1,98600.0
408,04W,11,9.700000000000001,149.8,98300.0
409,04W,11,10.700000000000001,149.6,98700.0
410,04W,11,10.9,148.5,98600.0
411,04W,11,11.1,147.4,98700.0
412,04W,11,11.200000000000001,146.9,98200.0
413,04W,11,11.9,146.1,98100.0
414,04W,11,12.200000000000001,145.4,97600.0
415,04W,11,12.6,144.70000000000002,97600.0
416,04W,11,12.9,144.20000000000002,97300.0
417,04W,11,12.8,143.8,97400.0
418,04W,11,12.6,143.5,97000.0
419,04W,11,12.700000000000001,143.3,97200.0
420,04W,11,12.6,143.20000000000002,96800.0
421,04W,11,12.9,143.5,96700.0
422,04W,11,13.6,143.1,96400.0
423,04W,11,14.0,142.6,96200.0
424,04W,11,14.5,142.1,95800.0
425,04W,11,15.0,141.8,95800.0
426,04W,11,15.5,141.4,95300.0
427,04W,11,16.1,140.8,95600.0
428,04W,11,17.0,140.20000000000002,95100.0
429,04W,11,17.8,139.9,94900.0
430,04W,11,18.5,139.5,94800.0
431,04W,11,19.400000000000002,139.3,94900.0
432,04W,11,20.7,139.4,94400.0
433,04W,11,21.8,139.9,94900.0
434,04W,11,23.2,141.1,95100.0
435,04W,11,24.7,142.9,95800.0
436,04W,11,26.900000000000002,145.6,95800.0
437,04W,11,28.7,149.1,96400.0
438,04W,11,31.5,153.20000000000002,96600.0
439,04W,11,35.800000000000004,158.0,96000.0
440,04W,12,7.7,152.0,97300.0
441,04W,12,8.4,152.0,97900.0
442,04W,12,8.6,151.4,97600.0
443,04W,12,8.700000000000001,151.0,97400.0
444,04W,12,8.8,150.6,96700.0
445,04W,12,8.8,150.3,96500.0
446,04W,12,9.1,150.0,96200.0
447,04W,12,9.5,149.5,96300.0
448,04W,12,10.200000000000001,148.9,96100.0
449,04W,12,10.8,147.8,96300.0
450,04W,12,11.3,146.8,96000.0
451,04W,12,11.700000000000001,145.8,96400.0
452,04W,12,12.4,144.70000000000002,96400.0
453,04W,12,12.8,143.5,96700.0
454,04W,12,13.1,142.3,96400.0
455,04W,12,13.3,141.4,96600.0
456,04W,12,13.6,140.6,96300.0
457,04W,12,13.8,140.20000000000002,96500.0
458,04W,12,14.0,139.4,96300.0
459,04W,12,13.9,138.70000000000002,96400.0
460,04W,12,14.0,138.20000000000002,96100.0
461,04W,12,14.0,137.70000000000002,96200.0
462,04W,12,14.200000000000001,137.20000000000002,95900.0
463,04W,12,14.3,136.8,96100.0
464,04W,12,14.700000000000001,136.5,95900.0
465,04W,12,14.9,136.0,96000.0
466,04W,12,15.200000000000001,135.7,96100.0
467,04W,12,15.5,135.4,96500.0
468,04W,12,15.9,135.0,96300.0
469,04W,12,16.4,134.7,96400.0
470,04W,12,17.3,134.5,96400.0
471,04W,12,18.1,134.2,96700.0
472,04W,12,18.900000000000002,134.1,96700.0
473,04W,12,19.8,134.5,96900.0
474,04W,12,20.8,135.1,96900.0
475,04W,12,22.2,136.0,97100.0
476,04W,12,23.5,137.1,97000.0
477,04W,12,24.6,138.5,97200.0
478,04W,12,25.7,140.4,97400.0
479,04W,12,26.5,141.8,97800.0
480,04W,13,7.2,150.8,98100.0
481,04W,13,7.2,151.1,98600.0
482,04W,13,7.4,151.3,98400.0
483,04W,13,7.6000000000000005,151.3,98300.0
484,04W,13,7.8,151.6,98200.0
485,04W,13,8.1,151.70000000000002,98700.0
486,04W,13,8.4,151.3,97400.0
487,04W,13,9.1,151.0,98200.0
488,04W,13,9.5,150.4,97300.0
489,04W,13,9.8,150.0,97800.0
490,04W,13,10.4,149.6,97700.0
491,04W,13,10.700000000000001,148.70000000000002,97800.0
492,04W,13,10.8,148.0,97000.0
493,04W,13,11.200000000000001,147.70000000000002,97300.0
494,04W,13,11.8,147.1,96600.0
495,04W,13,11.9,147.0,96800.0
496,04W,13,12.4,147.1,96700.0
497,04W,13,12.8,147.3,96200.0
498,04W,13,13.200000000000001,147.3,96100.0
499,04W,13,13.6,147.20000000000002,96200.0
500,04W,13,14.1,146.6,96100.0
501,04W,13,14.6,146.1,95500.0
502,04W,13,15.0,145.4,95100.0
503,04W,13,15.3,144.5,95100.0
504,04W,13,15.700000000000001,143.8,94500.0
505,04W,13,15.9,143.20000000000002,95000.0
506,04W,13,16.4,142.8,95100.0
507,04W,13,16.9,141.6,95400.0
508,04W,13,16.9,140.9,95300.0
509,04W,13,17.400000000000002,139.8,95800.0
510,04W,13,18.400000000000002,138.8,95700.0
511,04W,13,19.0,137.8,96000.0
512,04W,13,19.7,137.0,95700.0
513,04W,13,20.900000000000002,136.6,95900.0
514,04W,13,21.8,136.5,96100.0
515,04W,13,22.3,136.9,96400.0
516,04W,13,23.5,137.6,96600.0
517,04W,13,24.7,138.6,97100.0
518,04W,13,25.5,139.4,97600.0
519,04W,13,25.7,140.4,98400.0
520,04W,14,8.0,151.8,98100.0
521,04W,14,8.4,151.8,98100.0
522,04W,14,8.6,151.4,97000.0
523,04W,14,8.8,151.3,96500.0
524,04W,14,9.200000000000001,151.5,96300.0
525,04W,14,9.8,151.3,96800.0
526,04W,14,9.8,151.0,96200.0
527,04W,14,10.5,151.0,96600.0
528,04W,14,10.6,150.3,96300.0
529,04W,14,11.0,149.9,96000.0
530,04W,14,11.3,149.0,95000.0
531,04W,14,11.700000000000001,148.5,94800.0
532,04W,14,12.3,147.70000000000002,93700.0
533,04W,14,13.0,147.1,92800.0
534,04W,14,13.8,146.20000000000002,92400.0
535,04W,14,14.4,145.4,92200.0
536,04W,14,15.1,144.70000000000002,92100.0
537,04W,14,15.700000000000001,143.8,92700.0
538,04W,14,15.9,143.1,92800.0
539,04W,14,16.4,142.3,93200.0
540,04W,14,17.0,141.6,92600.0
541,04W,14,17.1,140.9,92900.0
542,04W,14,17.6,140.20000000000002,93300.0
543,04W,14,17.8,139.6,93800.0
544,04W,14,18.2,139.3,93900.0
545,04W,14,18.6,139.0,94800.0
546,04W,14,19.2,138.70000000000002,95000.0
547,04W,14,19.6,138.70000000000002,95600.0
548,04W,14,20.400000000000002,138.5,95700.0
549,04W,14,21.400000000000002,138.4,96100.0
550,04W,14,22.400000000000002,138.3,96200.0
551,04W,14,23.5,138.3,96800.0
552,04W,14,24.900000000000002,139.0,96900.0
553,04W,14,26.3,140.4,97400.0
554,04W,14,28.0,142.1,97600.0
555,04W,14,29.5,144.4,98000.0
556,04W,14,31.7,147.20000000000002,98100.0
557,04W,14,33.8,150.3,98300.0
558,04W,14,,,
559,04W,14,,,
560,04W,15,8.1,151.20000000000002,98500.0
561,04W,15,7.9,151.1,98700.0
562,04W,15,8.1,151.3,98200.0
563,04W,15,8.2,151.20000000000002,98200.0
564,04W,15,8.2,151.5,97700.0
565,04W,15,8.700000000000001,151.5,97700.0
566,04W,15,9.3,151.5,97100.0
567,04W,15,9.700000000000001,151.1,97000.0
568,04W,15,10.4,150.4,95600.0
569,04W,15,10.8,149.8,94200.0
570,04W,15,11.200000000000001,149.4,93600.0
571,04W,15,11.700000000000001,148.9,93200.0
572,04W,15,12.200000000000001,148.6,93200.0
573,04W,15,12.8,148.4,92700.0
574,04W,15,13.200000000000001,148.1,92800.0
575,04W,15,14.0,147.70000000000002,92300.0
576,04W,15,14.5,147.4,92900.0
577,04W,15,14.9,147.20000000000002,92400.0
578,04W,15,15.1,146.8,92100.0
579,04W,15,15.3,146.8,92200.0
580,04W,15,15.700000000000001,146.4,92000.0
581,04W,15,16.2,146.1,92500.0
582,04W,15,16.6,145.8,92100.0
583,04W,15,17.1,145.4,91500.0
584,04W,15,17.8,145.0,92300.0
585,04W,15,18.3,144.8,92500.0
586,04W,15,18.900000000000002,144.4,92400.0
587,04W,15,19.2,144.1,94200.0
588,04W,15,19.7,143.70000000000002,94700.0
589,04W,15,20.2,143.3,95500.0
590,04W,15,20.7,143.0,95800.0
591,04W,15,21.2,142.6,96400.0
592,04W,15,21.8,142.3,96700.0
593,04W,15,22.3,142.1,97300.0
594,04W,15,22.8,142.0,97800.0
595,04W,15,23.3,142.0,98500.0
596,04W,15,24.1,142.20000000000002,98600.0
597,04W,15,24.400000000000002,142.6,99000.0
598,04W,15,24.8,143.1,99200.0
599,04W,15,25.5,144.0,99500.0
600,04W,16,7.6000000000000005,151.8,97800.0
601,04W,16,7.9,151.70000000000002,98100.0
602,04W,16,8.0,151.8,97400.0
603,04W,16,8.2,152.20000000000002,97300.0
604,04W,16,8.4,152.3,96800.0
605,04W,16,8.6,151.9,96400.0
606,04W,16,9.0,151.70000000000002,95800.0
607,04W,16,9.3,151.6,95300.0
608,04W,16,9.8,151.0,94400.0
609,04W,16,10.1,150.3,94700.0
610,04W,16,10.6,149.70000000000002,95000.0
611,04W,16,11.3,149.1,95500.0
612,04W,16,12.0,148.3,95700.0
613,04W,16,12.5,147.3,96000.0
614,04W,16,13.1,146.6,95800.0
615,04W,16,13.6,145.9,96100.0
616,04W,16,14.200000000000001,145.4,95800.0
617,04W,16,14.5,145.0,96100.0
618,04W,16,14.700000000000001,144.70000000000002,96200.0
619,04W,16,14.9,144.70000000000002,96400.0
620,04W,16,15.200000000000001,144.70000000000002,96300.0
621,04W,16,15.700000000000001,144.70000000000002,96300.0
622,04W,16,16.2,144.4,96000.0
623,04W,16,16.6,144.20000000000002,96300.0
624,04W,16,17.1,144.0,96100.0
625,04W,16,17.3,143.70000000000002,96400.0
626,04W,16,17.8,143.70000000000002,96400.0
627,04W,16,18.1,143.70000000000002,96800.0
628,04W,16,18.5,143.6,96700.0
629,04W,16,19.0,143.20000000000002,97000.0
630,04W,16,20.2,142.6,96900.0
631,04W,16,21.1,142.20000000000002,97300.0
632,04W,16,21.900000000000002,141.4,97200.0
633,04W,16,22.5,140.6,97600.0
634,04W,16,23.7,140.70000000000002,97500.0
635,04W,16,24.7,140.8,98000.0
636,04W,16,25.5,141.3,98000.0
637,04W,16,26.1,142.1,98400.0
638,04W,16,27.1,142.9,98600.0
639,04W,16,27.7,144.4,99000.0
640,04W,17,8.2,151.1,98500.0
641,04W,17,8.4,150.5,98800.0
642,04W,17,8.4,150.3,98400.0
643,04W,17,8.6,150.4,98500.0
644,04W,17,9.0,149.8,97800.0
645,04W,17,9.0,149.6,97700.0
646,04W,17,9.3,149.20000000000002,97200.0
647,04W,17,9.8,148.5,97100.0
648,04W,17,10.1,147.70000000000002,96400.0
649,04W,17,10.3,146.8,96400.0
650,04W,17,10.700000000000001,146.1,95900.0
651,04W,17,11.4,145.4,96100.0
652,04W,17,12.0,144.3,95600.0
653,04W,17,12.6,143.1,96000.0
654,04W,17,13.200000000000001,142.1,95800.0
655,04W,17,13.8,141.1,96100.0
656,04W,17,13.6,140.3,95600.0
657,04W,17,14.0,139.70000000000002,95900.0
658,04W,17,14.5,139.5,95800.0
659,04W,17,15.0,138.70000000000002,95900.0
660,04W,17,15.6,138.0,95500.0
661,04W,17,16.1,137.5,95500.0
662,04W,17,16.5,136.8,95500.0
663,04W,17,17.1,136.2,95800.0
664,04W,17,17.6,135.5,95400.0
665,04W,17,18.2,135.0,95900.0
666,04W,17,18.6,134.6,95800.0
667,04W,17,19.2,134.1,96300.0
668,04W,17,19.8,134.0,96400.0
669,04W,17,20.6,134.1,96900.0
670,04W,17,21.400000000000002,134.5,97100.0
671,04W,17,22.2,135.1,97600.0
672,04W,17,23.3,136.1,97500.0
673,04W,17,24.400000000000002,137.5,98000.0
674,04W,17,25.7,138.8,98100.0
675,04W,17,26.900000000000002,140.9,98500.0
676,04W,17,27.900000000000002,142.8,98700.0
677,04W,17,28.5,144.9,99300.0
678,04W,17,29.2,148.1,99300.0
679,04W,17,30.0,150.4,99600.0
680,04W,18,7.8,151.1,98500.0
681,04W,18,7.8,150.8,98600.0
682,04W,18,7.8,151.1,98100.0
683,04W,18,8.4,151.4,98100.0
684,04W,18,8.4,151.3,97500.0
685,04W,18,8.5,151.0,97700.0
686,04W,18,9.0,150.70000000000002,97400.0
687,04W,18,9.200000000000001,150.0,97300.0
688,04W,18,9.5,149.9,96600.0
689,04W,18,9.8,149.20000000000002,96500.0
690,04W,18,10.1,148.5,95900.0
691,04W,18,10.700000000000001,148.1,96000.0
692,04W,18,11.3,147.70000000000002,95400.0
693,04W,18,11.9,147.3,95100.0
694,04W,18,12.700000000000001,146.8,94600.0
695,04W,18,13.4,146.3,94900.0
696,04W,18,14.0,146.0,94700.0
697,04W,18,14.6,145.9,94900.0
698,04W,18,15.200000000000001,145.5,94700.0
699,04W,18,15.5,145.20000000000002,94700.0
700,04W,18,16.0,144.9,94500.0
701,04W,18,16.6,144.5,94500.0
702,04W,18,16.9,144.0,94500.0
703,04W,18,17.400000000000002,144.0,94700.0
704,04W,18,18.1,143.6,94500.0
705,04W,18,18.5,143.6,94800.0
706,04W,18,19.2,144.0,95000.0
707,04W,18,19.900000000000002,144.0,95600.0
708,04W,18,20.8,144.4,95600.0
709,04W,18,21.6,144.9,95900.0
710,04W,18,22.6,145.4,95700.0
711,04W,18,23.3,146.0,96300.0
712,04W,18,24.0,146.6,96400.0
713,04W,18,24.900000000000002,148.0,96900.0
714,04W,18,25.8,149.20000000000002,96900.0
715,04W,18,27.0,151.1,97300.0
716,04W,18,27.7,153.9,97500.0
717,04W,18,29.5,156.9,97500.0
718,04W,18,31.7,160.1,96700.0
719,04W,18,33.3,162.6,95700.0
720,04W,19,8.2,151.1,98700.0
721,04W,19,8.3,150.8,98900.0
722,04W,19,8.5,151.20000000000002,98400.0
723,04W,19,9.0,151.3,98400.0
724,04W,19,9.6,150.9,97900.0
725,04W,19,9.8,150.9,97600.0
726,04W,19,10.3,150.20000000000002,97200.0
727,04W,19,10.6,149.5,96700.0
728,04W,19,11.0,149.0,94900.0
729,04W,19,11.4,148.4,94600.0
730,04W,19,12.0,147.6,94200.0
731,04W,19,12.6,146.70000000000002,94700.0
732,04W,19,13.200000000000001,145.70000000000002,94400.0
733,04W,19,13.700000000000001,144.70000000000002,94600.0
734,04W,19,14.200000000000001,143.5,94900.0
735,04W,19,14.5,142.5,94800.0
736,04W,19,14.8,141.8,94600.0
737,04W,19,15.0,141.1,94900.0
738,04W,19,15.0,140.6,94800.0
739,04W,19,15.1,140.0,94900.0
740,04W,19,15.0,139.5,94200.0
741,04W,19,15.200000000000001,139.1,94600.0
742,04W,19,15.4,138.5,94500.0
743,04W,19,15.6,137.8,94400.0
744,04W,19,15.8,137.4,94200.0
745,04W,19,16.0,137.0,94700.0
746,04W,19,16.4,136.4,95300.0
747,04W,19,16.6,135.7,95700.0
748,04W,19,17.1,135.2,95700.0
749,04W,19,17.900000000000002,134.6,95900.0
750,04W,19,18.7,133.8,96000.0
751,04W,19,19.400000000000002,133.4,96400.0
752,04W,19,20.3,133.4,96100.0
753,04W,19,21.1,133.5,96100.0
754,04W,19,22.0,134.0,96400.0
755,04W,19,22.7,134.7,96700.0
756,04W,19,23.6,135.2,96800.0
757,04W,19,23.8,136.1,97600.0
758,04W,19,24.2,136.8,97900.0
759,04W,19,24.5,137.1,98600.0
760,04W,20,8.2,150.8,98300.0
761,04W,20,8.1,151.1,98300.0
762,04W,20,8.6,151.0,97700.0
763,04W,20,8.5,151.20000000000002,97600.0
764,04W,20,9.1,151.3,97500.0
765,04W,20,9.3,150.8,97700.0
766,04W,20,9.700000000000001,150.5,97000.0
767,04W,20,10.0,150.0,96700.0
768,04W,20,10.9,149.6,96200.0
769,04W,20,11.3,148.8,96400.0
770,04W,20,11.8,148.0,96000.0
771,04W,20,12.3,147.20000000000002,96000.0
772,04W,20,12.8,146.3,95200.0
773,04W,20,13.3,145.4,95200.0
774,04W,20,13.6,144.70000000000002,94900.0
775,04W,20,14.0,144.20000000000002,94900.0
776,04W,20,14.3,143.5,94100.0
777,04W,20,14.5,143.0,94000.0
778,04W,20,14.9,142.5,94000.0
779,04W,20,15.1,142.0,94100.0
780,04W,20,15.3,141.3,93500.0
781,04W,20,15.8,140.4,93400.0
782,04W,20,16.2,140.0,93600.0
783,04W,20,16.6,139.3,93900.0
784,04W,20,17.3,138.6,93700.0
785,04W,20,17.6,137.8,94100.0
786,04W,20,18.1,137.5,94600.0
787,04W,20,18.900000000000002,137.0,95300.0
788,04W,20,19.5,136.6,95200.0
789,04W,20,20.3,136.1,95700.0
790,04W,20,21.2,136.2,96000.0
791,04W,20,22.1,136.2,96400.0
792,04W,20,23.3,136.4,96300.0
793,04W,20,24.3,136.8,96800.0
794,04W,20,25.6,137.70000000000002,97000.0
795,04W,20,26.8,139.1,97600.0
796,04W,20,28.400000000000002,141.1,97600.0
797,04W,20,29.900000000000002,143.6,97800.0
798,04W,20,31.5,146.6,97800.0
799,04W,20,33.6,149.6,97800.0
800,04W,21,8.0,151.8,98200.0
801,04W,21,8.4,151.8,98500.0
802,04W,21,8.4,151.3,98100.0
803,04W,21,8.5,151.1,98000.0
804,04W,21,8.9,150.8,97700.0
805,04W,21,9.1,150.6,97900.0
806,04W,21,9.5,150.1,97600.0
807,04W,21,9.8,149.70000000000002,97800.0
808,04W,21,10.200000000000001,149.20000000000002,97500.0
809,04W,21,10.8,148.6,97800.0
810,04W,21,11.5,148.0,97500.0
811,04W,21,12.1,147.0,97600.0
812,04W,21,12.6,146.1,97300.0
813,04W,21,13.200000000000001,145.3,97300.0
814,04W,21,13.8,144.20000000000002,96900.0
815,04W,21,14.200000000000001,143.70000000000002,96700.0
816,04W,21,14.6,143.3,96100.0
817,04W,21,15.0,142.8,95900.0
818,04W,21,15.200000000000001,142.6,95200.0
819,04W,21,15.200000000000001,142.1,95300.0
820,04W,21,15.700000000000001,142.0,94700.0
821,04W,21,16.2,141.6,94200.0
822,04W,21,16.4,140.9,94100.0
823,04W,21,16.4,140.20000000000002,94100.0
824,04W,21,16.7,139.5,93900.0
825,04W,21,16.9,138.70000000000002,93800.0
826,04W,21,16.9,138.0,93900.0
827,04W,21,17.2,137.3,94000.0
828,04W,21,17.7,136.70000000000002,94500.0
829,04W,21,18.400000000000002,135.9,95100.0
830,04W,21,19.2,135.1,95400.0
831,04W,21,19.8,134.4,96200.0
832,04W,21,20.7,133.9,96300.0
833,04W,21,21.6,133.8,96600.0
834,04W,21,22.8,133.9,96900.0
835,04W,21,23.7,134.1,97400.0
836,04W,21,24.6,134.8,97400.0
837,04W,21,25.2,135.9,97900.0
838,04W,21,25.6,137.0,98100.0
839,04W,21,25.5,138.8,98600.0
840,04W,22,7.1000000000000005,150.6,98800.0
841,04W,22,7.2,151.3,99000.0
842,04W,22,7.6000000000000005,151.8,98500.0
843,04W,22,8.1,152.0,98500.0
844,04W,22,8.5,152.4,98100.0
845,04W,22,9.0,152.5,98200.0
846,04W,22,9.4,152.3,97700.0
847,04W,22,10.0,152.20000000000002,97700.0
848,04W,22,10.6,151.70000000000002,97200.0
849,04W,22,11.0,151.1,97200.0
850,04W,22,11.4,150.4,96900.0
851,04W,22,11.700000000000001,149.8,97000.0
852,04W,22,12.4,149.20000000000002,96300.0
853,04W,22,12.6,148.70000000000002,96100.0
854,04W,22,13.1,148.20000000000002,96000.0
855,04W,22,13.6,147.70000000000002,96000.0
856,04W,22,14.6,147.5,95200.0
857,04W,22,15.0,147.3,94800.0
858,04W,22,15.6,147.0,94900.0
859,04W,22,16.1,146.70000000000002,94900.0
860,04W,22,16.4,146.5,95000.0
861,04W,22,16.9,146.3,95300.0
862,04W,22,17.5,146.20000000000002,95200.0
863,04W,22,17.900000000000002,146.20000000000002,95600.0
864,04W,22,18.5,146.4,95500.0
865,04W,22,19.2,147.0,95600.0
866,04W,22,19.5,147.70000000000002,95800.0
867,04W,22,19.900000000000002,148.20000000000002,96100.0
868,04W,22,20.6,148.5,96000.0
869,04W,22,20.900000000000002,149.0,96000.0
870,04W,22,21.400000000000002,149.1,95900.0
871,04W,22,22.6,149.6,96300.0
872,04W,22,23.1,149.5,96400.0
873,04W,22,23.8,150.4,97000.0
874,04W,22,24.7,150.8,97300.0
875,04W,22,25.6,151.9,97800.0
876,04W,22,26.3,153.20000000000002,97900.0
877,04W,22,26.400000000000002,154.6,98600.0
878,04W,22,26.2,155.8,99000.0
879,04W,22,26.1,157.0,99500.0
880,04W,23,8.4,151.0,97900.0
881,04W,23,8.4,150.6,98100.0
882,04W,23,8.3,150.6,97800.0
883,04W,23,8.9,150.5,97800.0
884,04W,23,9.1,150.3,97400.0
885,04W,23,9.3,149.9,97300.0
886,04W,23,10.0,149.4,96600.0
887,04W,23,10.1,148.5,97000.0
888,04W,23,10.5,148.3,96900.0
889,04W,23,10.4,147.3,96500.0
890,04W,23,10.700000000000001,146.8,95300.0
891,04W,23,11.1,146.0,94900.0
892,04W,23,11.6,145.1,93700.0
893,04W,23,12.0,144.4,94200.0
894,04W,23,12.4,143.6,94000.0
895,04W,23,12.8,142.9,94400.0
896,04W,23,13.1,142.4,94200.0
897,04W,23,13.3,142.1,94300.0
898,04W,23,13.6,141.6,94300.0
899,04W,23,13.700000000000001,141.0,94600.0
900,04W,23,13.8,140.4,94200.0
901,04W,23,14.0,139.8,94400.0
902,04W,23,14.3,139.20000000000002,94200.0
903,04W,23,14.5,138.70000000000002,93700.0
904,04W,23,15.1,138.0,92700.0
905,04W,23,15.3,137.6,92600.0
906,04W,23,16.1,137.3,92300.0
907,04W,23,16.6,136.6,93000.0
908,04W,23,17.3,136.3,93100.0
909,04W,23,18.1,136.0,93600.0
910,04W,23,19.0,135.7,93900.0
911,04W,23,19.900000000000002,135.7,94400.0
912,04W,23,21.1,135.9,94600.0
913,04W,23,22.3,136.4,95200.0
914,04W,23,23.5,137.20000000000002,95400.0
915,04W,23,24.5,138.20000000000002,96000.0
916,04W,23,25.8,139.6,96100.0
917,04W,23,26.900000000000002,141.4,96800.0
918,04W,23,28.0,143.20000000000002,97200.0
919,04W,23,28.900000000000002,144.9,97800.0
920,04W,24,7.5,151.3,98500.0
921,04W,24,7.5,151.3,98700.0
922,04W,24,7.5,151.6,98300.0
923,04W,24,7.4,152.0,98300.0
924,04W,24,7.7,152.3,98400.0
925,04W,24,8.1,152.3,98700.0
926,04W,24,8.6,152.0,98600.0
927,04W,24,9.1,151.3,98700.0
928,04W,24,9.5,150.6,98400.0
929,04W,24,9.9,150.3,98600.0
930,04W,24,10.700000000000001,149.4,98300.0
931,04W,24,11.1,148.6,98600.0
932,04W,24,11.6,147.9,98400.0
933,04W,24,12.1,147.0,98600.0
934,04W,24,12.6,146.3,98300.0
935,04W,24,13.1,145.8,98500.0
936,04W,24,13.8,145.3,98300.0
937,04W,24,13.9,144.8,98400.0
938,04W,24,14.200000000000001,144.6,98100.0
939,04W,24,14.5,144.4,98200.0
940,04W,24,15.200000000000001,144.3,97800.0
941,04W,24,15.700000000000001,144.0,97600.0
942,04W,24,15.9,143.70000000000002,97100.0
943,04W,24,16.4,143.8,97400.0
944,04W,24,17.1,144.0,97300.0
945,04W,24,17.6,144.20000000000002,97600.0
946,04W,24,18.0,144.6,97500.0
947,04W,24,18.5,144.9,97600.0
948,04W,24,19.1,145.4,97000.0
949,04W,24,19.5,145.4,96800.0
950,04W,24,20.400000000000002,146.3,96100.0
951,04W,24,20.900000000000002,146.5,95800.0
952,04W,24,21.400000000000002,146.8,95700.0
953,04W,24,22.0,146.8,95900.0
954,04W,24,23.1,147.3,96000.0
955,04W,24,24.400000000000002,148.70000000000002,96500.0
956,04W,24,25.6,150.20000000000002,96500.0
957,04W,24,26.8,152.4,97100.0
958,04W,24,28.3,155.3,97500.0
959,04W,24,31.1,158.70000000000002,97500.0
960,04W,25,8.1,151.70000000000002,98100.0
961,04W,25,8.2,151.0,98400.0
962,04W,25,7.9,151.1,97900.0
963,04W,25,8.2,151.0,97900.0
964,04W,25,8.6,151.0,97600.0
965,04W,25,8.700000000000001,150.6,97700.0
966,04W,25,9.0,150.1,97400.0
967,04W,25,9.200000000000001,149.6,97600.0
968,04W,25,9.8,149.20000000000002,97200.0
969,04W,25,10.3,148.3,97300.0
970,04W,25,10.8,147.6,96600.0
971,04W,25,11.200000000000001,147.0,96500.0
972,04W,25,11.8,146.4,95900.0
973,04W,25,12.1,145.8,95600.0
974,04W,25,12.6,145.4,95100.0
975,04W,25,13.200000000000001,145.0,95000.0
976,04W,25,13.6,144.6,94600.0
977,04W,25,13.6,144.4,95100.0
978,04W,25,13.6,144.1,94400.0
979,04W,25,13.6,144.1,94600.0
980,04W,25,13.8,144.0,94500.0
981,04W,25,14.0,143.5,94900.0
982,04W,25,14.3,143.1,95000.0
983,04W,25,14.700000000000001,142.5,95300.0
984,04W,25,15.1,141.8,95100.0
985,04W,25,15.200000000000001,141.0,95200.0
986,04W,25,15.5,140.20000000000002,95300.0
987,04W,25,15.8,139.20000000000002,95700.0
988,04W,25,16.2,138.1,95300.0
989,04W,25,16.7,137.20000000000002,95600.0
990,04W,25,17.3,136.1,95600.0
991,04W,25,17.900000000000002,135.4,96100.0
992,04W,25,18.7,135.2,96000.0
993,04W,25,19.5,135.3,96200.0
994,04W,25,20.2,135.4,96200.0
995,04W,25,21.1,135.8,96600.0
996,04W,25,22.0,136.3,96600.0
997,04W,25,22.6,137.0,96900.0
998,04W,25,23.1,137.8,97200.0
999,04W,25,24.6,139.20000000000002,97800.0
1000,04W,26,8.6,150.5,98300.0
1001,04W,26,8.2,149.9,98400.0
1002,04W,26,8.0,149.9,97600.0
1003,04W,26,8.1,150.3,97700.0
1004,04W,26,8.5,150.4,97300.0
1005,04W,26,8.5,150.1,97300.0
1006,04W,26,8.700000000000001,149.9,96500.0
1007,04W,26,9.1,149.6,96600.0
1008,04W,26,9.4,149.5,96400.0
1009,04W,26,9.9,149.3,96700.0
1010,04W,26,10.5,148.9,96900.0
1011,04W,26,10.700000000000001,148.3,97400.0
1012,04W,26,11.200000000000001,147.70000000000002,96900.0
1013,04W,26,11.4,147.3,97100.0
1014,04W,26,11.8,146.8,96700.0
1015,04W,26,12.3,146.3,96900.0
1016,04W,26,12.6,145.9,96500.0
1017,04W,26,12.8,145.6,96700.0
1018,04W,26,12.8,145.4,96300.0
1019,04W,26,13.200000000000001,145.0,96400.0
1020,04W,26,13.3,144.3,96300.0
1021,04W,26,13.4,143.9,96400.0
1022,04W,26,13.700000000000001,143.1,96100.0
1023,04W,26,14.0,142.5,96100.0
1024,04W,26,14.3,141.8,95300.0
1025,04W,26,14.4,141.0,95500.0
1026,04W,26,14.8,140.4,95500.0
1027,04W,26,15.200000000000001,139.9,95900.0
1028,04W,26,15.700000000000001,139.1,95800.0
1029,04W,26,16.2,138.4,95900.0
1030,04W,26,16.8,137.8,96000.0
1031,04W,26,17.6,137.1,96500.0
1032,04W,26,18.5,136.8,96500.0
1033,04W,26,19.5,136.9,96800.0
1034,04W,26,20.400000000000002,137.1,96900.0
1035,04W,26,22.1,137.70000000000002,97300.0
1036,04W,26,23.1,138.8,97300.0
1037,04W,26,24.5,139.9,97400.0
1038,04W,26,25.2,141.9,97600.0
1039,04W,26,26.1,143.3,97900.0
1040,04W,27,8.1,150.8,97900.0
1041,04W,27,8.1,151.0,98300.0
1042,04W,27,8.2,151.1,97600.0
1043,04W,27,8.8,151.1,97200.0
1044,04W,27,9.3,150.6,96400.0
1045,04W,27,9.4,150.20000000000002,96600.0
1046,04W,27,9.700000000000001,149.70000000000002,96100.0
1047,04W,27,10.0,149.1,96600.0
1048,04W,27,10.200000000000001,148.6,96300.0
1049,04W,27,10.700000000000001,148.3,96700.0
1050,04W,27,11.4,147.70000000000002,96600.0
1051,04W,27,11.9,146.8,96100.0
1052,04W,27,12.4,145.9,93900.0
1053,04W,27,12.6,145.3,93900.0
1054,04W,27,12.9,144.9,93000.0
1055,04W,27,13.200000000000001,144.3,92500.0
1056,04W,27,13.5,144.0,92500.0
1057,04W,27,13.6,144.0,92700.0
1058,04W,27,13.8,144.0,93000.0
1059,04W,27,13.8,144.0,93900.0
1060,04W,27,14.200000000000001,144.0,93900.0
1061,04W,27,14.5,143.9,94400.0
1062,04W,27,14.9,143.70000000000002,94400.0
1063,04W,27,15.200000000000001,143.5,94800.0
1064,04W,27,15.700000000000001,143.4,94600.0
1065,04W,27,16.2,143.20000000000002,94900.0
1066,04W,27,16.4,143.0,95000.0
1067,04W,27,16.7,142.8,95300.0
1068,04W,27,17.3,142.3,95100.0
1069,04W,27,17.7,141.8,95400.0
1070,04W,27,18.5,141.0,95500.0
1071,04W,27,19.2,140.4,96100.0
1072,04W,27,20.2,140.0,96300.0
1073,04W,27,21.1,139.70000000000002,96900.0
1074,04W,27,22.2,139.5,97200.0
1075,04W,27,23.3,140.0,97800.0
1076,04W,27,24.400000000000002,140.70000000000002,98000.0
1077,04W,27,25.400000000000002,141.9,98700.0
1078,04W,27,26.400000000000002,143.1,99000.0
1079,04W,27,,,
1080,04W,28,8.5,151.5,98800.0
1081,04W,28,8.3,150.6,98900.0
1082,04W,28,8.2,150.6,98600.0
1083,04W,28,8.6,150.6,98700.0
1084,04W,28,9.1,150.3,98400.0
1085,04W,28,9.6,150.1,98700.0
1086,04W,28,10.3,149.4,98500.0
1087,04W,28,11.0,148.6,98800.0
1088,04W,28,11.6,147.5,98500.0
1089,04W,28,12.1,146.3,98900.0
1090,04W,28,12.6,145.20000000000002,98800.0
1091,04W,28,12.8,143.9,99100.0
1092,04W,28,13.1,143.1,98900.0
1093,04W,28,13.4,142.5,99300.0
1094,04W,28,13.1,141.70000000000002,98800.0
1095,04W,28,13.5,141.1,99100.0
1096,04W,28,13.700000000000001,141.1,98800.0
1097,04W,28,14.4,140.9,98900.0
1098,04W,28,14.9,140.3,98500.0
1099,04W,28,15.200000000000001,139.70000000000002,98600.0
1100,04W,28,15.0,139.1,98100.0
1101,04W,28,15.4,138.8,98000.0
1102,04W,28,15.8,138.3,97700.0
1103,04W,28,16.0,137.8,97600.0
1104,04W,28,16.9,137.0,97200.0
1105,04W,28,16.6,136.70000000000002,97100.0
1106,04W,28,17.1,135.8,96800.0
1107,04W,28,17.6,135.4,96600.0
1108,04W,28,17.8,135.0,96200.0
1109,04W,28,18.5,134.4,96300.0
1110,04W,28,18.8,133.9,96300.0
1111,04W,28,19.5,133.6,96700.0
1112,04W,28,20.6,133.5,96600.0
1113,04W,28,21.400000000000002,133.6,97100.0
1114,04W,28,22.6,133.6,97300.0
1115,04W,28,24.0,134.3,97700.0
1116,04W,28,24.8,135.0,97700.0
1117,04W,28,25.8,135.6,98000.0
1118,04W,28,27.0,136.70000000000002,98000.0
1119,04W,28,28.3,138.5,98400.0
1120,04W,29,7.9,151.0,98200.0
1121,04W,29,7.9,151.0,98300.0
1122,04W,29,8.3,151.1,97700.0
1123,04W,29,8.6,151.1,97800.0
1124,04W,29,8.6,151.20000000000002,97400.0
1125,04W,29,9.1,150.9,97600.0
1126,04W,29,9.3,150.4,97300.0
1127,04W,29,9.5,149.9,97400.0
1128,04W,29,9.9,149.6,97000.0
1129,04W,29,10.4,149.3,97200.0
1130,04W,29,10.8,148.70000000000002,96900.0
1131,04W,29,11.3,148.3,97000.0
1132,04W,29,12.0,147.70000000000002,96500.0
1133,04W,29,12.5,146.9,96500.0
1134,04W,29,13.1,146.4,96000.0
1135,04W,29,13.5,145.9,96200.0
1136,04W,29,14.0,145.5,95900.0
1137,04W,29,14.4,145.20000000000002,96100.0
1138,04W,29,15.0,144.9,96000.0
1139,04W,29,15.3,144.4,96100.0
1140,04W,29,15.9,144.0,95800.0
1141,04W,29,16.2,143.5,96000.0
1142,04W,29,16.7,143.0,95900.0
1143,04W,29,17.1,142.5,96300.0
1144,04W,29,17.6,142.1,96200.0
1145,04W,29,18.1,141.8,96500.0
1146,04W,29,18.5,141.20000000000002,96400.0
1147,04W,29,19.1,140.8,96700.0
1148,04W,29,19.900000000000002,140.1,96600.0
1149,04W,29,20.6,139.4,96900.0
1150,04W,29,21.400000000000002,139.0,96900.0
1151,04W,29,22.6,138.70000000000002,97200.0
1152,04W,29,23.1,138.6,97100.0
1153,04W,29,23.900000000000002,138.70000000000002,97700.0
1154,04W,29,25.1,139.20000000000002,98000.0
1155,04W,29,25.900000000000002,139.5,98300.0
1156,04W,29,26.6,140.5,98500.0
1157,04W,29,26.900000000000002,141.3,98900.0
1158,04W,29,27.5,142.4,99000.0
1159,04W,29,27.8,143.8,99500.0
1160,04W,30,7.4,152.1,98300.0
1161,04W,30,7.6000000000000005,152.6,98800.0
1162,04W,30,8.2,152.70000000000002,98300.0
1163,04W,30,8.6,152.70000000000002,98100.0
1164,04W,30,9.1,152.4,97500.0
1165,04W,30,9.700000000000001,152.3,97500.0
1166,04W,30,10.0,152.0,96900.0
1167,04W,30,10.700000000000001,151.4,96600.0
1168,04W,30,11.1,150.6,95800.0
1169,04W,30,11.6,149.70000000000002,95800.0
1170,04W,30,11.9,148.8,95300.0
1171,04W,30,12.4,147.9,95400.0
1172,04W,30,12.8,146.70000000000002,94900.0
1173,04W,30,13.200000000000001,145.70000000000002,95000.0
1174,04W,30,13.8,144.8,95300.0
1175,04W,30,13.9,143.5,96000.0
1176,04W,30,14.1,142.70000000000002,96100.0
1177,04W,30,14.0,142.1,96300.0
1178,04W,30,14.0,141.3,96300.0
1179,04W,30,14.200000000000001,140.8,96600.0
1180,04W,30,14.3,140.4,96300.0
1181,04W,30,14.3,139.3,96300.0
1182,04W,30,14.6,138.6,96300.0
1183,04W,30,15.1,137.70000000000002,96100.0
1184,04W,30,15.700000000000001,137.1,95600.0
1185,04W,30,15.5,135.7,95800.0
1186,04W,30,16.0,135.4,95600.0
1187,04W,30,16.5,134.2,95500.0
1188,04W,30,17.3,134.1,94900.0
1189,04W,30,17.8,133.3,95200.0
1190,04W,30,18.8,132.8,95600.0
1191,04W,30,20.2,132.3,96300.0
1192,04W,30,21.3,132.4,96400.0
1193,04W,30,22.8,133.0,96900.0
1194,04W,30,24.1,134.0,97100.0
1195,04W,30,25.2,135.3,97500.0
1196,04W,30,26.5,137.20000000000002,97600.0
1197,04W,30,27.1,139.5,98100.0
1198,04W,30,28.0,142.70000000000002,98200.0
1199,04W,30,29.5,146.70000000000002,98500.0
1200,04W,31,7.4,151.1,98500.0
1201,04W,31,7.1000000000000005,150.8,98700.0
1202,04W,31,7.1000000000000005,151.3,98200.0
1203,04W,31,7.4,152.20000000000002,98400.0
1204,04W,31,7.4,153.1,97900.0
1205,04W,31,7.5,153.3,98000.0
1206,04W,31,8.3,153.20000000000002,97600.0
1207,04W,31,8.9,153.1,97900.0
1208,04W,31,9.1,152.3,97700.0
1209,04W,31,9.5,152.5,98000.0
1210,04W,31,10.200000000000001,152.0,97800.0
1211,04W,31,11.0,151.6,98200.0
1212,04W,31,11.3,151.20000000000002,97900.0
1213,04W,31,11.4,151.0,98100.0
1214,04W,31,12.0,150.70000000000002,97600.0
1215,04W,31,12.6,150.5,97600.0
1216,04W,31,13.4,150.8,97200.0
1217,04W,31,13.5,151.0,97300.0
1218,04W,31,13.9,151.3,96800.0
1219,04W,31,14.200000000000001,151.3,96800.0
1220,04W,31,14.4,151.20000000000002,96500.0
1221,04W,31,14.700000000000001,151.0,96600.0
1222,04W,31,15.0,150.6,96500.0
1223,04W,31,15.6,150.5,96500.0
1224,04W,31,16.0,150.1,96000.0
1225,04W,31,16.7,149.20000000000002,96100.0
1226,04W,31,17.0,148.5,95800.0
1227,04W,31,17.900000000000002,148.4,96000.0
1228,04W,31,18.6,147.6,96000.0
1229,04W,31,19.400000000000002,147.20000000000002,96200.0
1230,04W,31,20.3,146.5,96200.0
1231,04W,31,21.0,146.1,96800.0
1232,04W,31,21.900000000000002,146.0,96800.0
1233,04W,31,22.8,146.6,97300.0
1234,04W,31,24.2,147.1,97400.0
1235,04W,31,25.400000000000002,148.3,97900.0
1236,04W,31,26.900000000000002,150.3,97800.0
1237,04W,31,27.6,152.5,98100.0
1238,04W,31,28.900000000000002,155.20000000000002,98000.0
1239,04W,31,29.6,159.20000000000002,98300.0
1240,04W,32,7.7,151.3,98500.0
1241,04W,32,7.9,151.3,98800.0
1242,04W,32,8.1,151.1,98300.0
1243,04W,32,8.2,150.8,97900.0
1244,04W,32,8.6,150.70000000000002,97200.0
1245,04W,32,8.6,150.1,97500.0
1246,04W,32,8.6,149.6,97000.0
1247,04W,32,9.1,149.20000000000002,97200.0
1248,04W,32,9.6,148.70000000000002,96800.0
1249,04W,32,9.9,147.6,96500.0
1250,04W,32,10.4,146.8,95500.0
1251,04W,32,10.8,145.8,95400.0
1252,04W,32,11.200000000000001,144.8,94800.0
1253,04W,32,11.5,143.9,94600.0
1254,04W,32,11.9,143.0,94000.0
1255,04W,32,12.200000000000001,142.4,94200.0
1256,04W,32,12.6,142.0,93800.0
1257,04W,32,13.0,141.6,93800.0
1258,04W,32,13.200000000000001,141.1,93700.0
1259,04W,32,13.700000000000001,140.5,93800.0
1260,04W,32,13.8,139.70000000000002,92900.0
1261,04W,32,14.3,139.20000000000002,93400.0
1262,04W,32,14.700000000000001,138.70000000000002,93600.0
1263,04W,32,15.200000000000001,138.1,94000.0
1264,04W,32,15.700000000000001,137.6,93700.0
1265,04W,32,16.4,136.8,94000.0
1266,04W,32,16.5,135.9,94200.0
1267,04W,32,17.1,135.5,94600.0
1268,04W,32,17.5,134.9,94700.0
1269,04W,32,18.0,134.2,95000.0
1270,04W,32,18.6,134.2,95300.0
1271,04W,32,19.2,134.0,95900.0
1272,04W,32,20.0,133.9,95900.0
1273,04W,32,20.7,133.9,96300.0
1274,04W,32,21.5,134.3,96600.0
1275,04W,32,22.2,134.8,97300.0
1276,04W,32,23.3,135.7,97500.0
1277,04W,32,24.2,136.4,98000.0
1278,04W,32,24.7,137.20000000000002,98400.0
1279,04W,32,25.400000000000002,138.0,98900.0
1280,04W,33,7.5,151.1,98300.0
1281,04W,33,7.5,151.0,98400.0
1282,04W,33,7.3,151.1,97400.0
1283,04W,33,7.4,151.6,97200.0
1284,04W,33,7.6000000000000005,152.0,96000.0
1285,04W,33,8.0,152.0,94400.0
1286,04W,33,8.5,151.9,94200.0
1287,04W,33,9.0,151.70000000000002,95300.0
1288,04W,33,9.8,151.1,93600.0
1289,04W,33,10.200000000000001,150.3,94500.0
1290,04W,33,10.9,149.4,93600.0
1291,04W,33,11.3,148.70000000000002,94100.0
1292,04W,33,12.0,147.70000000000002,93400.0
1293,04W,33,12.5,146.4,93500.0
1294,04W,33,12.8,145.6,94500.0
1295,04W,33,13.1,144.8,94800.0
1296,04W,33,13.5,144.20000000000002,93800.0
1297,04W,33,13.8,143.70000000000002,94100.0
1298,04W,33,14.0,143.1,94200.0
1299,04W,33,14.200000000000001,142.8,94500.0
1300,04W,33,14.5,142.3,93900.0
1301,04W,33,14.700000000000001,141.8,93700.0
1302,04W,33,15.0,141.4,92900.0
1303,04W,33,15.200000000000001,141.1,92700.0
1304,04W,33,15.200000000000001,140.70000000000002,92400.0
1305,04W,33,15.4,140.6,92600.0
1306,04W,33,15.700000000000001,140.6,93100.0
1307,04W,33,15.9,140.20000000000002,93200.0
1308,04W,33,16.0,139.9,92600.0
1309,04W,33,16.3,140.0,93200.0
1310,04W,33,16.8,139.70000000000002,93400.0
1311,04W,33,17.5,139.5,94000.0
1312,04W,33,18.3,139.1,94100.0
1313,04W,33,19.1,139.1,94500.0
1314,04W,33,20.2,139.1,94600.0
1315,04W,33,21.2,139.5,95000.0
1316,04W,33,22.3,140.20000000000002,95000.0
1317,04W,33,22.900000000000002,141.3,95400.0
1318,04W,33,23.3,142.20000000000002,95800.0
1319,04W,33,23.5,143.3,96800.0
1320,04W,34,8.4,151.1,98300.0
1321,04W,34,8.4,150.3,98400.0
1322,04W,34,8.5,150.1,97700.0
1323,04W,34,8.1,150.20000000000002,97500.0
1324,04W,34,8.6,149.8,96900.0
1325,04W,34,8.5,149.20000000000002,97700.0
1326,04W,34,8.700000000000001,149.4,97500.0
1327,04W,34,9.0,148.70000000000002,97400.0
1328,04W,34,9.3,148.20000000000002,96900.0
1329,04W,34,9.4,147.4,97100.0
1330,04W,34,9.5,146.70000000000002,96600.0
1331,04W,34,10.0,146.3,96800.0
1332,04W,34,10.3,145.70000000000002,96400.0
1333,04W,34,10.9,144.8,96500.0
1334,04W,34,11.4,144.0,96000.0
1335,04W,34,11.9,143.1,96200.0
1336,04W,34,12.1,142.5,95700.0
1337,04W,34,12.3,142.1,95800.0
1338,04W,34,12.6,141.4,95700.0
1339,04W,34,12.9,140.70000000000002,95900.0
1340,04W,34,13.1,139.9,95400.0
1341,04W,34,13.4,139.3,95500.0
1342,04W,34,13.8,138.3,95200.0
1343,04W,34,13.6,137.3,95200.0
1344,04W,34,13.700000000000001,136.1,94600.0
1345,04W,34,14.0,134.8,94200.0
1346,04W,34,14.3,133.6,94300.0
1347,04W,34,14.5,133.0,94500.0
1348,04W,34,14.6,132.0,94200.0
1349,04W,34,15.200000000000001,131.2,94700.0
1350,04W,34,15.700000000000001,130.3,94800.0
1351,04W,34,16.2,129.5,95500.0
1352,04W,34,16.6,128.8,95300.0
1353,04W,34,17.1,128.3,95700.0
1354,04W,34,17.8,127.7,95800.0
1355,04W,34,18.400000000000002,127.5,96100.0
1356,04W,34,19.6,127.0,96000.0
1357,04W,34,20.900000000000002,127.0,96300.0
1358,04W,34,22.2,127.0,96500.0
1359,04W,34,24.0,127.9,97100.0
1360,04W,35,7.4,151.70000000000002,98500.0
1361,04W,35,7.6000000000000005,152.20000000000002,98800.0
1362,04W,35,7.8,152.1,98200.0
1363,04W,35,8.2,152.20000000000002,97900.0
1364,04W,35,8.8,152.3,97200.0
1365,04W,35,9.0,151.70000000000002,96900.0
1366,04W,35,9.1,151.70000000000002,95900.0
1367,04W,35,9.5,151.3,95400.0
1368,04W,35,9.9,150.70000000000002,94000.0
1369,04W,35,10.200000000000001,150.0,93100.0
1370,04W,35,10.700000000000001,149.20000000000002,91700.0
1371,04W,35,11.1,148.20000000000002,92600.0
1372,04W,35,11.4,147.5,92800.0
1373,04W,35,11.700000000000001,146.70000000000002,92600.0
1374,04W,35,12.200000000000001,145.8,91700.0
1375,04W,35,12.6,144.9,91600.0
1376,04W,35,13.1,144.1,91500.0
1377,04W,35,13.200000000000001,143.5,91600.0
1378,04W,35,13.3,143.0,92600.0
1379,04W,35,13.700000000000001,142.5,93500.0
1380,04W,35,14.0,141.9,93600.0
1381,04W,35,14.5,141.20000000000002,94600.0
1382,04W,35,15.0,140.3,95000.0
1383,04W,35,15.4,139.20000000000002,95600.0
1384,04W,35,15.9,138.70000000000002,95300.0
1385,04W,35,16.4,137.5,95700.0
1386,04W,35,16.9,136.70000000000002,95700.0
1387,04W,35,17.1,135.8,96000.0
1388,04W,35,17.3,135.0,95600.0
1389,04W,35,17.7,134.8,95400.0
1390,04W,35,17.7,133.9,95600.0
1391,04W,35,18.1,133.5,96000.0
1392,04W,35,18.900000000000002,133.8,95900.0
1393,04W,35,19.5,134.0,96700.0
1394,04W,35,20.3,133.9,96800.0
1395,04W,35,21.1,134.1,97200.0
1396,04W,35,22.1,134.5,97200.0
1397,04W,35,23.0,135.2,97600.0
1398,04W,35,23.900000000000002,135.9,97700.0
1399,04W,35,24.6,136.8,98100.0
1400,04W,36,8.5,150.1,98100.0
1401,04W,36,7.9,149.8,98300.0
1402,04W,36,8.1,150.0,98000.0
1403,04W,36,8.5,149.9,98200.0
1404,04W,36,9.1,149.6,97600.0
1405,04W,36,9.3,149.4,97500.0
1406,04W,36,9.5,148.6,96800.0
1407,04W,36,9.700000000000001,148.1,96300.0
1408,04W,36,10.200000000000001,147.5,95300.0
1409,04W,36,10.700000000000001,147.0,94600.0
1410,04W,36,11.200000000000001,146.3,93600.0
1411,04W,36,11.700000000000001,145.4,92600.0
1412,04W,36,12.0,144.3,92500.0
1413,04W,36,12.1,143.1,93700.0
1414,04W,36,12.1,142.4,92700.0
1415,04W,36,12.4,141.9,91700.0
1416,04W,36,12.700000000000001,141.3,91500.0
1417,04W,36,13.200000000000001,141.0,91200.0
1418,04W,36,13.5,140.6,90700.0
1419,04W,36,13.6,140.4,91800.0
1420,04W,36,14.0,140.20000000000002,91300.0
1421,04W,36,14.200000000000001,140.0,92400.0
1422,04W,36,14.700000000000001,139.8,92700.0
1423,04W,36,15.0,139.4,93500.0
1424,04W,36,15.4,138.9,93400.0
1425,04W,36,15.5,138.4,93800.0
1426,04W,36,15.8,138.0,94100.0
1427,04W,36,16.3,137.4,94500.0
1428,04W,36,16.6,136.9,94300.0
1429,04W,36,17.3,136.2,94600.0
1430,04W,36,17.8,135.7,94800.0
1431,04W,36,18.8,135.2,95300.0
1432,04W,36,19.7,134.9,95400.0
1433,04W,36,20.400000000000002,134.7,95900.0
1434,04W,36,21.6,134.9,96300.0
1435,04W,36,22.6,135.2,96900.0
1436,04W,36,23.900000000000002,136.1,96900.0
1437,04W,36,25.1,137.1,97400.0
1438,04W,36,25.6,138.4,97600.0
1439,04W,36,26.6,139.70000000000002,98100.0
1440,04W,37,7.9,151.70000000000002,98500.0
1441,04W,37,8.0,151.3,98500.0
1442,04W,37,7.9,151.70000000000002,98000.0
1443,04W,37,8.3,151.9,98200.0
1444,04W,37,8.8,151.8,97600.0
1445,04W,37,9.1,151.3,97600.0
1446,04W,37,9.5,150.8,97300.0
1447,04W,37,9.9,150.20000000000002,97400.0
1448,04W,37,10.200000000000001,149.5,97200.0
1449,04W,37,10.700000000000001,148.9,97500.0
1450,04W,37,11.200000000000001,148.0,97200.0
1451,04W,37,11.4,147.20000000000002,97400.0
1452,04W,37,11.9,146.6,97200.0
1453,04W,37,12.5,145.9,97700.0
1454,04W,37,13.1,145.1,97600.0
1455,04W,37,13.6,144.0,97700.0
1456,04W,37,13.700000000000001,143.20000000000002,97100.0
1457,04W,37,13.8,142.8,96900.0
1458,04W,37,14.0,142.1,96300.0
1459,04W,37,14.1,141.6,96200.0
1460,04W,37,14.5,141.1,95400.0
1461,04W,37,15.1,140.4,95100.0
1462,04W,37,15.700000000000001,139.5,94900.0
1463,04W,37,16.1,138.70000000000002,95300.0
1464,04W,37,16.4,138.1,95400.0
1465,04W,37,16.8,137.5,95700.0
1466,04W,37,17.2,137.0,96000.0
1467,04W,37,17.8,136.1,96300.0
1468,04W,37,18.3,135.4,96100.0
1469,04W,37,18.900000000000002,135.1,96400.0
1470,04W,37,19.5,134.7,96500.0
1471,04W,37,20.3,134.7,96900.0
1472,04W,37,21.400000000000002,135.2,96800.0
1473,04W,37,22.6,135.8,97000.0
1474,04W,37,23.8,137.1,96900.0
1475,04W,37,25.0,138.6,97200.0
1476,04W,37,26.6,141.1,97000.0
1477,04W,37,27.2,144.0,97600.0
1478,04W,37,28.1,147.5,98000.0
1479,04W,37,29.0,151.8,98700.0
1480,04W,38,7.9,151.5,98100.0
1481,04W,38,8.0,151.70000000000002,98300.0
1482,04W,38,8.6,151.8,97700.0
1483,04W,38,8.8,151.6,97600.0
1484,04W,38,9.3,151.6,97200.0
1485,04W,38,9.6,151.5,97000.0
1486,04W,38,10.1,151.5,96200.0
1487,04W,38,10.700000000000001,151.1,95700.0
1488,04W,38,11.5,150.3,94800.0
1489,04W,38,11.9,149.6,94700.0
1490,04W,38,12.5,148.8,94600.0
1491,04W,38,12.9,148.20000000000002,94700.0
1492,04W,38,13.6,147.5,95200.0
1493,04W,38,14.3,147.0,95700.0
1494,04W,38,15.1,146.3,95800.0
1495,04W,38,16.0,145.5,96200.0
1496,04W,38,16.4,144.8,96000.0
1497,04W,38,16.9,144.9,96400.0
1498,04W,38,17.6,144.70000000000002,96400.0
1499,04W,38,18.0,144.20000000000002,96800.0
1500,04W,38,18.5,144.0,96700.0
1501,04W,38,19.1,144.0,97100.0
1502,04W,38,19.3,144.0,97000.0
1503,04W,38,20.2,143.8,97300.0
1504,04W,38,20.900000000000002,144.0,97200.0
1505,04W,38,21.3,144.4,97500.0
1506,04W,38,22.3,145.3,97500.0
1507,04W,38,23.2,146.3,97900.0
1508,04W,38,23.7,147.5,98100.0
1509,04W,38,24.2,148.9,98400.0
1510,04W,38,24.7,150.3,98600.0
1511,04W,38,24.6,151.1,99100.0
1512,04W,38,24.7,152.0,99300.0
1513,04W,38,24.7,152.5,99900.0
1514,04W,38,25.2,152.9,100000.0
1515,04W,38,25.5,153.5,100300.0
1516,04W,38,,,
1517,04W,38,,,
1518,04W,38,,,
1519,04W,38,,,
1520,04W,39,7.2,151.8,98800.0
1521,04W,39,8.0,152.5,98900.0
1522,04W,39,7.9,152.70000000000002,98100.0
1523,04W,39,8.0,152.5,98100.0
1524,04W,39,8.4,152.1,97400.0
1525,04W,39,9.0,152.20000000000002,97300.0
1526,04W,39,9.3,151.9,96800.0
1527,04W,39,9.700000000000001,151.8,97000.0
1528,04W,39,10.200000000000001,151.3,96600.0
1529,04W,39,10.9,150.70000000000002,96400.0
1530,04W,39,11.700000000000001,150.1,95800.0
1531,04W,39,12.1,149.1,95600.0
1532,04W,39,12.8,148.20000000000002,95000.0
1533,04W,39,13.4,147.3,94900.0
1534,04W,39,13.9,146.3,94300.0
1535,04W,39,14.4,145.3,94500.0
1536,04W,39,14.700000000000001,144.6,94300.0
1537,04W,39,15.0,143.8,94200.0
1538,04W,39,15.3,143.3,94100.0
1539,04W,39,15.6,142.70000000000002,94400.0
1540,04W,39,16.1,142.1,93900.0
1541,04W,39,16.2,141.3,94300.0
1542,04W,39,16.5,140.8,94600.0
1543,04W,39,16.6,140.4,95100.0
1544,04W,39,17.1,140.1,95100.0
1545,04W,39,17.400000000000002,139.70000000000002,95400.0
1546,04W,39,17.8,139.5,95500.0
1547,04W,39,18.400000000000002,139.1,95900.0
1548,04W,39,19.0,138.4,95600.0
1549,04W,39,19.6,138.0,95900.0
1550,04W,39,20.400000000000002,137.4,96200.0
1551,04W,39,21.1,137.1,96500.0
1552,04W,39,21.8,136.8,96600.0
1553,04W,39,22.6,137.3,97000.0
1554,04W,39,23.900000000000002,137.9,97000.0
1555,04W,39,24.900000000000002,138.8,97500.0
1556,04W,39,25.900000000000002,140.20000000000002,97700.0
1557,04W,39,26.2,141.9,98100.0
1558,04W,39,26.5,143.8,98500.0
1559,04W,39,27.5,145.3,99200.0
1560,04W,40,8.3,151.1,98300.0
1561,04W,40,8.5,150.4,98500.0
1562,04W,40,8.5,150.6,97600.0
1563,04W,40,8.8,150.1,97200.0
1564,04W,40,8.6,149.70000000000002,96600.0
1565,04W,40,8.8,149.5,96300.0
1566,04W,40,9.3,149.0,95200.0
1567,04W,40,9.8,148.5,95100.0
1568,04W,40,10.200000000000001,147.5,94200.0
1569,04W,40,10.5,147.0,94100.0
1570,04W,40,11.1,146.1,94400.0
1571,04W,40,11.9,145.1,95300.0
1572,04W,40,12.4,143.70000000000002,95300.0
1573,04W,40,12.6,142.8,95900.0
1574,04W,40,13.0,142.20000000000002,96000.0
1575,04W,40,13.200000000000001,141.20000000000002,96300.0
1576,04W,40,13.6,140.9,96000.0
1577,04W,40,13.6,140.4,96200.0
1578,04W,40,14.0,140.20000000000002,95800.0
1579,04W,40,14.200000000000001,139.9,96000.0
1580,04W,40,14.6,139.9,95700.0
1581,04W,40,15.0,139.70000000000002,95800.0
1582,04W,40,15.3,139.6,95900.0
1583,04W,40,15.8,139.5,96000.0
1584,04W,40,16.5,139.5,95800.0
1585,04W,40,17.1,139.5,96000.0
1586,04W,40,17.400000000000002,139.6,96000.0
1587,04W,40,17.8,139.9,96500.0
1588,04W,40,18.5,140.1,96400.0
1589,04W,40,19.400000000000002,140.0,96800.0
1590,04W,40,19.8,140.1,96800.0
1591,04W,40,21.1,140.20000000000002,97100.0
1592,04W,40,22.3,140.6,96700.0
1593,04W,40,23.8,141.20000000000002,97200.0
1594,04W,40,25.2,142.4,97200.0
1595,04W,40,27.2,144.1,97400.0
1596,04W,40,29.5,146.6,97500.0
1597,04W,40,31.7,149.20000000000002,97600.0
1598,04W,40,33.7,152.5,97800.0
1599,04W,40,35.800000000000004,155.6,98100.0
1600,04W,41,8.4,150.6,98500.0
1601,04W,41,8.4,150.6,98700.0
1602,04W,41,8.5,150.5,98200.0
1603,04W,41,8.6,150.4,98200.0
1604,04W,41,9.0,150.5,97600.0
1605,04W,41,9.3,150.1,97600.0
1606,04W,41,9.6,149.3,97000.0
1607,04W,41,9.8,148.9,96900.0
1608,04W,41,10.200000000000001,148.5,96500.0
1609,04W,41,10.5,147.70000000000002,96600.0
1610,04W,41,10.9,146.8,95900.0
1611,04W,41,11.200000000000001,146.20000000000002,96200.0
1612,04W,41,11.9,145.8,96200.0
1613,04W,41,12.8,144.8,96500.0
1614,04W,41,13.3,143.70000000000002,96400.0
1615,04W,41,13.700000000000001,142.70000000000002,96700.0
1616,04W,41,13.8,142.0,96500.0
1617,04W,41,14.200000000000001,141.5,96700.0
1618,04W,41,14.3,140.9,96600.0
1619,04W,41,14.5,140.6,96700.0
1620,04W,41,14.9,140.1,96600.0
1621,04W,41,14.9,139.4,96700.0
1622,04W,41,15.0,138.9,96600.0
1623,04W,41,15.0,138.5,96800.0
1624,04W,41,15.4,138.20000000000002,96600.0
1625,04W,41,15.9,137.6,96700.0
1626,04W,41,16.0,136.8,96700.0
1627,04W,41,16.2,136.6,97100.0
1628,04W,41,17.1,136.3,97000.0
1629,04W,41,17.6,136.1,97000.0
1630,04W,41,18.3,136.0,97000.0
1631,04W,41,19.1,136.3,97300.0
1632,04W,41,20.0,136.9,97100.0
1633,04W,41,21.0,137.9,97300.0
1634,04W,41,21.8,139.20000000000002,97400.0
1635,04W,41,22.7,140.70000000000002,97500.0
1636,04W,41,23.5,142.20000000000002,97300.0
1637,04W,41,24.0,144.0,97900.0
1638,04W,41,24.3,145.5,98000.0
1639,04W,41,23.8,147.0,98600.0
1640,04W,42,8.6,151.3,97900.0
1641,04W,42,8.8,150.8,98000.0
1642,04W,42,8.6,150.6,97300.0
1643,04W,42,9.0,150.3,97100.0
1644,04W,42,9.0,150.0,96300.0
1645,04W,42,9.0,149.9,96100.0
1646,04W,42,9.3,149.70000000000002,96400.0
1647,04W,42,9.8,149.5,97000.0
1648,04W,42,10.5,149.20000000000002,96700.0
1649,04W,42,11.0,148.6,97200.0
1650,04W,42,11.700000000000001,148.1,97100.0
1651,04W,42,12.200000000000001,147.4,97400.0
1652,04W,42,12.9,146.5,97200.0
1653,04W,42,13.8,145.8,97300.0
1654,04W,42,14.200000000000001,144.9,96900.0
1655,04W,42,15.0,144.5,97000.0
1656,04W,42,15.5,144.1,96400.0
1657,04W,42,16.4,144.4,96500.0
1658,04W,42,16.5,143.5,96100.0
1659,04W,42,17.0,143.3,96200.0
1660,04W,42,17.0,142.9,96100.0
1661,04W,42,17.900000000000002,142.8,96300.0
1662,04W,42,18.1,142.5,96200.0
1663,04W,42,18.400000000000002,142.4,96500.0
1664,04W,42,18.8,142.4,96300.0
1665,04W,42,19.5,142.4,96900.0
1666,04W,42,20.0,142.5,97200.0
1667,04W,42,20.5,142.4,97700.0
1668,04W,42,21.1,142.6,97700.0
1669,04W,42,21.8,142.5,98100.0
1670,04W,42,22.5,142.70000000000002,98200.0
1671,04W,42,23.2,142.8,98500.0
1672,04W,42,24.1,143.1,98600.0
1673,04W,42,24.8,144.0,99100.0
1674,04W,42,25.7,144.6,99100.0
1675,04W,42,26.6,146.3,99500.0
1676,04W,42,27.3,148.1,99500.0
1677,04W,42,27.2,150.5,100000.0
1678,04W,42,27.1,152.3,100000.0
1679,04W,42,,,
1680,04W,43,7.4,151.5,98500.0
1681,04W,43,7.6000000000000005,152.0,98800.0
1682,04W,43,7.8,151.8,98200.0
1683,04W,43,8.1,151.9,98000.0
1684,04W,43,8.1,151.5,97200.0
1685,04W,43,8.4,151.5,96600.0
1686,04W,43,8.5,151.5,95600.0
1687,04W,43,8.5,151.1,96300.0
1688,04W,43,8.9,150.70000000000002,96500.0
1689,04W,43,9.4,150.8,97000.0
1690,04W,43,10.4,149.70000000000002,97300.0
1691,04W,43,10.700000000000001,149.9,97500.0
1692,04W,43,11.200000000000001,148.6,97500.0
1693,04W,43,11.8,148.20000000000002,97700.0
1694,04W,43,12.4,147.6,97400.0
1695,04W,43,12.8,147.6,97700.0
1696,04W,43,13.700000000000001,146.9,97400.0
1697,04W,43,14.1,147.1,97500.0
1698,04W,43,14.3,146.8,97100.0
1699,04W,43,14.9,146.5,97300.0
1700,04W,43,15.5,146.4,96900.0
1701,04W,43,16.1,145.8,97000.0
1702,04W,43,16.6,145.5,96500.0
1703,04W,43,17.3,145.0,96500.0
1704,04W,43,17.900000000000002,144.6,96000.0
1705,04W,43,18.5,144.6,96200.0
1706,04W,43,19.0,144.20000000000002,96000.0
1707,04W,43,19.7,143.70000000000002,96400.0
1708,04W,43,20.2,143.5,96400.0
1709,04W,43,20.7,143.5,96700.0
1710,04W,43,21.7,143.6,96700.0
1711,04W,43,22.5,143.9,97000.0
1712,04W,43,23.7,144.1,97000.0
1713,04W,43,25.0,145.1,97300.0
1714,04W,43,26.3,146.4,97400.0
1715,04W,43,28.1,148.3,97600.0
1716,04W,43,30.2,150.9,97500.0
1717,04W,43,32.3,154.4,97800.0
1718,04W,43,34.4,159.0,97800.0
1719,04W,43,36.4,164.6,98100.0
1720,04W,44,7.0,151.1,98000.0
1721,04W,44,7.2,151.70000000000002,98400.0
1722,04W,44,7.4,151.8,98000.0
1723,04W,44,7.7,152.3,97900.0
1724,04W,44,8.1,152.6,97500.0
1725,04W,44,8.4,152.20000000000002,97400.0
1726,04W,44,9.0,152.1,96600.0
1727,04W,44,9.5,151.70000000000002,96400.0
1728,04W,44,10.1,151.1,95800.0
1729,04W,44,10.5,150.4,95700.0
1730,04W,44,11.200000000000001,149.8,95100.0
1731,04W,44,11.5,148.9,95200.0
1732,04W,44,11.8,148.5,94900.0
1733,04W,44,12.3,148.20000000000002,95300.0
1734,04W,44,12.700000000000001,147.70000000000002,95000.0
1735,04W,44,13.3,147.3,95300.0
1736,04W,44,13.6,147.20000000000002,95000.0
1737,04W,44,14.0,147.0,95200.0
1738,04W,44,14.3,146.6,95000.0
1739,04W,44,14.5,146.4,95100.0
1740,04W,44,14.5,146.20000000000002,94500.0
1741,04W,44,15.3,145.70000000000002,94600.0
1742,04W,44,15.8,145.5,94300.0
1743,04W,44,16.2,144.9,94800.0
1744,04W,44,16.8,144.5,94600.0
1745,04W,44,17.3,144.3,94900.0
1746,04W,44,18.0,143.8,95000.0
1747,04W,44,18.5,143.5,95500.0
1748,04W,44,19.2,143.4,95600.0
1749,04W,44,19.7,143.3,96000.0
1750,04W,44,20.400000000000002,143.20000000000002,96400.0
1751,04W,44,20.900000000000002,143.20000000000002,96800.0
1752,04W,44,21.6,143.3,96800.0
1753,04W,44,22.3,143.20000000000002,97200.0
1754,04W,44,22.900000000000002,143.0,97300.0
1755,04W,44,23.8,143.0,97700.0
1756,04W,44,25.0,143.3,97800.0
1757,04W,44,26.0,143.8,98000.0
1758,04W,44,27.5,144.5,97900.0
1759,04W,44,28.5,145.4,98200.0
1760,04W,45,7.0,151.4,98000.0
1761,04W,45,7.5,152.20000000000002,98500.0
1762,04W,45,8.1,152.1,98400.0
1763,04W,45,8.5,151.8,98200.0
1764,04W,45,8.700000000000001,151.1,97600.0
1765,04W,45,8.6,150.70000000000002,97500.0
1766,04W,45,8.8,150.6,97000.0
1767,04W,45,9.3,150.4,97100.0
1768,04W,45,9.8,149.9,96700.0
1769,04W,45,10.4,149.3,96600.0
1770,04W,45,10.8,148.5,96200.0
1771,04W,45,11.3,147.70000000000002,96300.0
1772,04W,45,11.8,146.8,95800.0
1773,04W,45,12.3,146.0,96000.0
1774,04W,45,12.8,145.3,95700.0
1775,04W,45,13.200000000000001,144.6,95800.0
1776,04W,45,13.700000000000001,144.1,95300.0
1777,04W,45,14.1,143.9,95300.0
1778,04W,45,14.6,143.70000000000002,95300.0
1779,04W,45,15.0,143.5,95600.0
1780,04W,45,15.5,143.4,95400.0
1781,04W,45,15.9,143.3,95700.0
1782,04W,45,16.3,143.20000000000002,95900.0
1783,04W,45,16.7,143.4,96200.0
1784,04W,45,17.3,143.6,96000.0
1785,04W,45,17.8,143.8,96400.0
1786,04W,45,18.3,144.0,96600.0
1787,04W,45,18.7,144.3,97000.0
1788,04W,45,19.0,144.6,96900.0
1789,04W,45,19.5,144.8,97200.0
1790,04W,45,19.900000000000002,145.1,97200.0
1791,04W,45,20.400000000000002,145.4,97600.0
1792,04W,45,21.1,145.8,97500.0
1793,04W,45,21.8,146.4,97700.0
1794,04W,45,22.8,147.0,97600.0
1795,04W,45,23.7,147.8,97800.0
1796,04W,45,24.5,148.6,97500.0
1797,04W,45,24.8,149.1,97900.0
1798,04W,45,25.3,150.4,97900.0
1799,04W,45,25.900000000000002,151.4,98200.0
1800,04W,46,8.4,151.0,98400.0
1801,04W,46,8.3,150.8,98500.0
1802,04W,46,8.1,150.70000000000002,98000.0
1803,04W,46,8.4,150.6,97900.0
1804,04W,46,8.8,150.5,97400.0
1805,04W,46,9.3,149.9,97100.0
1806,04W,46,9.5,149.4,96300.0
1807,04W,46,9.8,148.9,95900.0
1808,04W,46,10.4,148.4,95500.0
1809,04W,46,11.0,147.70000000000002,96000.0
1810,04W,46,11.4,146.8,95200.0
1811,04W,46,11.9,145.8,95300.0
1812,04W,46,12.4,144.9,95000.0
1813,04W,46,12.6,144.0,94900.0
1814,04W,46,13.0,143.1,94100.0
1815,04W,46,13.3,142.4,92800.0
1816,04W,46,13.6,141.9,92100.0
1817,04W,46,13.8,141.6,91800.0
1818,04W,46,14.4,141.3,90900.0
1819,04W,46,14.9,140.9,91100.0
1820,04W,46,15.4,140.20000000000002,91700.0
1821,04W,46,15.5,139.70000000000002,92200.0
1822,04W,46,15.700000000000001,139.4,92700.0
1823,04W,46,15.9,139.0,93000.0
1824,04W,46,16.4,138.8,93200.0
1825,04W,46,16.6,138.5,94100.0
1826,04W,46,16.9,138.1,94600.0
1827,04W,46,17.2,137.9,95500.0
1828,04W,46,17.8,137.5,95600.0
1829,04W,46,18.7,137.1,96100.0
1830,04W,46,19.5,136.70000000000002,96200.0
1831,04W,46,20.5,136.3,96500.0
1832,04W,46,21.5,136.2,96400.0
1833,04W,46,22.3,136.4,96700.0
1834,04W,46,23.400000000000002,136.6,96700.0
1835,04W,46,24.5,137.5,97200.0
1836,04W,46,25.400000000000002,138.5,97300.0
1837,04W,46,25.7,139.20000000000002,97600.0
1838,04W,46,26.6,140.20000000000002,97900.0
1839,04W,46,27.1,141.1,98400.0
1840,04W,47,7.6000000000000005,151.0,98700.0
1841,04W,47,8.700000000000001,151.5,99100.0
1842,04W,47,8.4,150.5,98500.0
1843,04W,47,9.3,151.1,98400.0
1844,04W,47,8.9,151.3,98000.0
1845,04W,47,9.6,150.20000000000002,98100.0
1846,04W,47,9.700000000000001,149.6,97700.0
1847,04W,47,10.1,149.3,97700.0
1848,04W,47,10.700000000000001,148.70000000000002,97300.0
1849,04W,47,11.200000000000001,147.70000000000002,97300.0
1850,04W,47,11.700000000000001,146.8,97000.0
1851,04W,47,12.1,145.8,96900.0
1852,04W,47,12.5,145.1,96300.0
1853,04W,47,13.0,144.3,96300.0
1854,04W,47,13.6,143.8,96000.0
1855,04W,47,14.0,143.5,96200.0
1856,04W,47,14.700000000000001,143.20000000000002,95900.0
1857,04W,47,15.4,142.9,95900.0
1858,04W,47,15.8,142.5,95900.0
1859,04W,47,16.4,142.5,96400.0
1860,04W,47,17.0,142.5,96100.0
1861,04W,47,17.6,142.5,96400.0
1862,04W,47,18.1,142.6,96500.0
1863,04W,47,18.5,142.8,96700.0
1864,04W,47,18.8,143.1,96600.0
1865,04W,47,19.1,143.4,96900.0
1866,04W,47,19.5,143.6,97000.0
1867,04W,47,20.0,143.6,97400.0
1868,04W,47,20.5,143.5,97300.0
1869,04W,47,21.1,143.70000000000002,97600.0
1870,04W,47,21.7,143.9,97600.0
1871,04W,47,22.6,144.3,97800.0
1872,04W,47,23.6,145.0,97700.0
1873,04W,47,24.400000000000002,145.8,98100.0
1874,04W,47,25.5,147.4,98100.0
1875,04W,47,26.1,149.1,98500.0
1876,04W,47,27.2,152.3,98400.0
1877,04W,47,28.400000000000002,155.5,98600.0
1878,04W,47,29.8,158.6,98600.0
1879,04W,47,32.5,162.70000000000002,98300.0
1880,04W,48,7.9,151.8,98100.0
1881,04W,48,8.0,151.3,98400.0
1882,04W,48,8.1,151.5,98000.0
1883,04W,48,8.5,151.4,98200.0
1884,04W,48,8.8,151.20000000000002,97800.0
1885,04W,48,9.0,150.5,98100.0
1886,04W,48,9.200000000000001,150.0,98000.0
1887,04W,48,9.3,149.3,98400.0
1888,04W,48,9.5,148.8,98200.0
1889,04W,48,10.1,148.5,98500.0
1890,04W,48,10.8,147.5,98300.0
1891,04W,48,11.3,146.20000000000002,98400.0
1892,04W,48,11.8,145.4,98000.0
1893,04W,48,12.3,144.20000000000002,98100.0
1894,04W,48,12.5,143.4,97600.0
1895,04W,48,13.200000000000001,142.70000000000002,97700.0
1896,04W,48,13.700000000000001,141.9,97400.0
1897,04W,48,14.0,141.1,97500.0
1898,04W,48,14.3,140.4,97300.0
1899,04W,48,14.200000000000001,139.70000000000002,97400.0
1900,04W,48,14.3,139.1,97100.0
1901,04W,48,14.3,138.6,97300.0
1902,04W,48,14.3,138.20000000000002,97300.0
1903,04W,48,14.3,137.9,97600.0
1904,04W,48,14.700000000000001,137.4,97400.0
1905,04W,48,15.0,137.0,97500.0
1906,04W,48,15.0,136.3,97100.0
1907,04W,48,15.3,135.9,96900.0
1908,04W,48,15.9,135.6,96500.0
1909,04W,48,16.3,135.2,96600.0
1910,04W,48,16.7,135.0,96400.0
1911,04W,48,17.1,134.8,96700.0
1912,04W,48,18.0,135.0,96500.0
1913,04W,48,18.8,135.3,96700.0
1914,04W,48,19.7,135.8,96700.0
1915,04W,48,20.400000000000002,136.2,97100.0
1916,04W,48,21.6,136.9,96900.0
1917,04W,48,22.2,137.3,97400.0
1918,04W,48,22.900000000000002,137.8,97400.0
1919,04W,48,23.5,138.3,97900.0
1920,04W,49,7.7,151.20000000000002,97500.0
1921,04W,49,8.3,150.8,98400.0
1922,04W,49,8.0,151.20000000000002,98100.0
1923,04W,49,8.1,150.9,98100.0
1924,04W,49,8.1,151.0,97900.0
1925,04W,49,8.4,151.3,98100.0
1926,04W,49,8.6,151.1,97800.0
1927,04W,49,9.1,150.6,97900.0
1928,04W,49,9.5,150.1,97400.0
1929,04W,49,9.9,149.20000000000002,97200.0
1930,04W,49,10.5,149.0,96300.0
1931,04W,49,11.0,148.20000000000002,96400.0
1932,04W,49,11.700000000000001,147.4,95800.0
1933,04W,49,12.4,146.6,96000.0
1934,04W,49,12.9,145.8,95600.0
1935,04W,49,13.700000000000001,145.0,95900.0
1936,04W,49,14.1,144.3,95700.0
1937,04W,49,14.4,143.8,95900.0
1938,04W,49,14.6,143.5,95800.0
1939,04W,49,14.9,143.5,95900.0
1940,04W,49,15.5,143.20000000000002,95200.0
1941,04W,49,15.700000000000001,143.1,94800.0
1942,04W,49,16.2,142.6,94300.0
1943,04W,49,16.6,142.3,94300.0
1944,04W,49,17.0,142.0,94100.0
1945,04W,49,17.3,141.70000000000002,94500.0
1946,04W,49,17.6,141.3,94700.0
1947,04W,49,17.8,140.9,95400.0
1948,04W,49,18.0,140.6,95200.0
1949,04W,49,18.3,140.4,95600.0
1950,04W,49,18.8,140.1,95700.0
1951,04W,49,19.400000000000002,139.70000000000002,96200.0
1952,04W,49,20.2,139.5,96100.0
1953,04W,49,21.2,139.70000000000002,96300.0
1954,04W,49,22.0,140.0,96400.0
1955,04W,49,23.1,140.1,96800.0
1956,04W,49,24.1,141.0,96600.0
1957,04W,49,24.6,141.8,97200.0
1958,04W,49,25.6,143.0,97700.0
1959,04W,49,26.2,144.1,98200.0
1960,04W,50,8.2,150.5,98000.0
1961,04W,50,8.1,150.1,98200.0
1962,04W,50,7.7,150.0,97600.0
1963,04W,50,8.1,150.3,97900.0
1964,04W,50,8.5,150.1,97400.0
1965,04W,50,8.700000000000001,150.0,97000.0
1966,04W,50,9.200000000000001,149.6,96300.0
1967,04W,50,9.5,149.3,96300.0
1968,04W,50,10.0,148.8,96700.0
1969,04W,50,10.5,148.0,97400.0
1970,04W,50,11.0,147.20000000000002,97100.0
1971,04W,50,11.4,146.4,97300.0
1972,04W,50,12.1,145.4,96800.0
1973,04W,50,12.1,144.5,96300.0
1974,04W,50,12.8,143.5,96200.0
1975,04W,50,12.9,142.9,96300.0
1976,04W,50,13.4,142.4,95900.0
1977,04W,50,13.8,142.1,95500.0
1978,04W,50,14.3,141.4,95100.0
1979,04W,50,14.700000000000001,140.6,95400.0
1980,04W,50,15.200000000000001,140.0,95000.0
1981,04W,50,15.5,139.3,95100.0
1982,04W,50,15.700000000000001,138.6,95000.0
1983,04W,50,15.9,138.1,95100.0
1984,04W,50,16.3,137.6,94800.0
1985,04W,50,16.5,137.1,95200.0
1986,04W,50,17.0,136.70000000000002,95100.0
1987,04W,50,17.3,136.4,95300.0
1988,04W,50,18.0,135.8,95000.0
1989,04W,50,18.6,135.5,95200.0
1990,04W,50,19.5,135.4,95600.0
1991,04W,50,20.5,135.6,96100.0
1992,04W,50,21.6,136.1,96200.0
1993,04W,50,22.7,137.0,96500.0
1994,04W,50,23.7,138.1,96600.0
1995,04W,50,24.6,139.4,97000.0
1996,04W,50,25.7,140.6,97300.0
1997,04W,50,25.3,142.3,98100.0
1998,04W,50,25.6,143.5,98600.0
1999,04W,50,25.8,144.70000000000002,99200.0
2000,04W,51,7.9,151.5,98500.0
2001,04W,51,8.1,151.3,98700.0
2002,04W,51,8.2,151.1,98000.0
2003,04W,51,8.4,151.1,98000.0
2004,04W,51,8.8,150.9,97400.0
2005,04W,51,9.1,150.5,97300.0
2006,04W,51,9.3,150.1,96800.0
2007,04W,51,9.6,149.4,96600.0
2008,04W,51,10.200000000000001,148.9,95900.0
2009,04W,51,10.6,148.20000000000002,95800.0
2010,04W,51,11.200000000000001,147.3,95200.0
2011,04W,51,11.8,146.4,95200.0
2012,04W,51,12.4,145.4,93500.0
2013,04W,51,12.8,144.4,93300.0
2014,04W,51,13.4,143.5,92800.0
2015,04W,51,13.8,142.70000000000002,92600.0
2016,04W,51,14.200000000000001,142.1,92000.0
2017,04W,51,14.4,141.5,92100.0
2018,04W,51,14.700000000000001,140.9,90800.0
2019,04W,51,15.0,140.4,91400.0
2020,04W,51,15.4,139.70000000000002,90600.0
2021,04W,51,15.6,139.1,91900.0
2022,04W,51,15.9,138.5,91000.0
2023,04W,51,16.2,138.0,91800.0
2024,04W,51,16.9,137.6,92000.0
2025,04W,51,17.2,137.0,91800.0
2026,04W,51,17.400000000000002,136.4,91800.0
2027,04W,51,18.0,135.9,92000.0
2028,04W,51,18.5,135.4,92000.0
2029,04W,51,19.1,135.3,92400.0
2030,04W,51,19.900000000000002,135.2,92600.0
2031,04W,51,20.7,135.4,93400.0
2032,04W,51,21.900000000000002,135.7,93800.0
2033,04W,51,22.8,136.4,94700.0
2034,04W,51,23.6,137.3,95500.0
2035,04W,51,24.400000000000002,138.6,96500.0
2036,04W,51,25.3,140.20000000000002,97000.0
2037,04W,51,25.6,141.9,97700.0
2038,04W,51,25.900000000000002,143.9,98000.0
2039,04W,51,26.0,145.20000000000002,98700.0
2040,04W,52,7.9,151.5,98500.0
2041,04W,52,8.1,151.3,98700.0
2042,04W,52,8.2,151.1,98000.0
2043,04W,52,8.4,151.1,98000.0
2044,04W,52,8.8,150.9,97400.0
2045,04W,52,9.1,150.5,97300.0
2046,04W,52,9.3,150.1,96800.0
2047,04W,52,9.6,149.4,96600.0
2048,04W,52,10.200000000000001,148.9,95900.0
2049,04W,52,10.6,148.20000000000002,95800.0
2050,04W,52,11.200000000000001,147.3,95200.0
2051,04W,52,11.8,146.4,95200.0
2052,04W,52,12.4,145.4,93500.0
2053,04W,52,12.8,144.4,93300.0
2054,04W,52,13.4,143.5,92800.0
2055,04W,52,13.8,142.70000000000002,92600.0
2056,04W,52,14.200000000000001,142.1,92000.0
2057,04W,52,14.4,141.5,92100.0
2058,04W,52,14.700000000000001,140.9,90800.0
2059,04W,52,15.0,140.4,91400.0
2060,04W,52,15.4,139.70000000000002,90600.0
2061,04W,52,15.6,139.1,91900.0
2062,04W,52,15.9,138.5,91000.0
2063,04W,52,16.2,138.0,91800.0
2064,04W,52,16.9,137.6,92000.0
2065,04W,52,17.2,137.0,91800.0
2066,04W,52,17.400000000000002,136.4,91800.0
2067,04W,52,18.0,135.9,92000.0
2068,04W,52,18.5,135.4,92000.0
2069,04W,52,19.1,135.3,92400.0
2070,04W,52,19.900000000000002,135.2,92600.0
2071,04W,52,20.7,135.4,93400.0
2072,04W,52,21.900000000000002,135.7,93800.0
2073,04W,52,22.8,136.4,94700.0
2074,04W,52,23.6,137.3,95500.0
2075,04W,52,24.400000000000002,138.6,96500.0
2076,04W,52,25.3,140.20000000000002,97000.0
2077,04W,52,25.6,141.9,97700.0
2078,04W,52,25.900000000000002,143.9,98000.0
2079,04W,52,26.0,145.20000000000002,98700.0
2080,37U,1,-8.3,153.6,97700.0
2081,37U,1,-8.1,153.6,98800.0
2082,37U,1,-7.9,153.70000000000002,99000.0
2083,37U,1,-7.6000000000000005,153.4,99400.0
2084,37U,1,-7.6000000000000005,153.6,98900.0
2085,37U,1,-7.6000000000000005,153.4,99000.0
2086,37U,1,-7.5,153.3,98800.0
2087,37U,1,-7.6000000000000005,153.3,99100.0
2088,37U,1,-7.6000000000000005,153.1,98500.0
2089,37U,1,-7.2,152.8,99200.0
2090,37U,1,-6.9,152.3,98700.0
2091,37U,1,-6.6000000000000005,151.9,99000.0
2092,37U,1,-6.2,151.3,99200.0
2093,37U,1,-5.4,150.70000000000002,100400.0
2094,37U,1,-5.0,150.70000000000002,100100.0
2095,37U,1,-5.9,151.8,100400.0
2096,37U,1,-6.5,150.8,100100.0
2097,37U,1,-9.1,150.3,100400.0
2098,37U,1,-11.4,149.4,100100.0
2099,37U,1,-11.9,146.9,100200.0
2100,37U,1,-11.700000000000001,145.6,99900.0
2101,37U,1,-11.4,144.20000000000002,100300.0
2102,37U,1,,,
2103,37U,1,-9.8,140.5,100300.0
2104,37U,1,-10.700000000000001,140.6,100000.0
2105,37U,1,-11.0,139.0,100200.0
2106,37U,1,-11.4,137.0,100000.0
2107,37U,1,-11.1,137.1,100200.0
2108,37U,1,-12.5,137.3,100000.0
2109,37U,1,-12.4,136.9,100200.0
2110,37U,1,-11.200000000000001,135.9,100000.0
2111,37U,1,-11.8,135.6,100300.0
2112,37U,1,-13.1,135.9,100000.0
2113,37U,1,-14.200000000000001,134.5,100400.0
2114,37U,1,-12.9,132.4,100300.0
2115,37U,1,-14.3,131.6,100600.0
2116,37U,1,-15.200000000000001,130.7,100300.0
2117,37U,1,-14.5,129.5,100700.0
2118,37U,1,-14.5,128.8,100600.0
2119,37U,1,-15.5,127.8,101000.0
2120,37U,2,-7.6000000000000005,154.5,95400.0
2121,37U,2,-7.4,154.6,97300.0
2122,37U,2,-7.4,154.8,97600.0
2123,37U,2,-7.3,154.8,97800.0
2124,37U,2,-7.4,154.8,97900.0
2125,37U,2,-7.6000000000000005,154.8,98200.0
2126,37U,2,-7.9,154.70000000000002,98200.0
2127,37U,2,-8.3,154.1,98700.0
2128,37U,2,-8.6,153.4,98400.0
2129,37U,2,-8.9,153.0,99300.0
2130,37U,2,-9.0,151.6,99700.0
2131,37U,2,-8.3,152.70000000000002,100200.0
2132,37U,2,-8.5,152.8,100000.0
2133,37U,2,,,
2134,37U,2,,,
2135,37U,2,,,
2136,37U,2,,,
2137,37U,2,,,
2138,37U,2,,,
2139,37U,2,,,
2140,37U,2,,,
2141,37U,2,,,
2142,37U,2,,,
2143,37U,2,,,
2144,37U,2,,,
2145,37U,2,,,
2146,37U,2,,,
2147,37U,2,,,
2148,37U,2,,,
2149,37U,2,,,
2150,37U,2,,,
2151,37U,2,,,
2152,37U,2,,,
2153,37U,2,,,
2154,37U,2,,,
2155,37U,2,,,
2156,37U,2,,,
2157,37U,2,,,
2158,37U,2,,,
2159,37U,2,,,
2160,37U,3,-9.700000000000001,151.4,99800.0
2161,37U,3,-8.8,151.8,100300.0
2162,37U,3,-7.7,152.0,100100.0
2163,37U,3,,,
2164,37U,3,-5.5,153.70000000000002,99800.0
2165,37U,3,-4.1,155.0,100200.0
2166,37U,3,-3.4,156.70000000000002,99900.0
2167,37U,3,-3.4,158.5,100300.0
2168,37U,3,-5.3,159.4,100000.0
2169,37U,3,-5.7,158.6,100300.0
2170,37U,3,-6.6000000000000005,158.9,99900.0
2171,37U,3,-7.8,158.0,100200.0
2172,37U,3,-9.3,157.1,100100.0
2173,37U,3,-10.3,154.9,100400.0
2174,37U,3,-10.700000000000001,152.4,100000.0
2175,37U,3,-11.200000000000001,151.5,100100.0
2176,37U,3,-11.9,150.20000000000002,99900.0
2177,37U,3,-12.4,148.5,100100.0
2178,37U,3,-12.700000000000001,146.5,99700.0
2179,37U,3,-12.6,144.4,100100.0
2180,37U,3,-12.4,143.4,99800.0
2181,37U,3,-12.6,142.5,100300.0
2182,37U,3,-13.1,141.5,100000.0
2183,37U,3,-13.5,140.3,100200.0
2184,37U,3,-13.6,139.6,99900.0
2185,37U,3,-13.8,139.20000000000002,100200.0
2186,37U,3,-14.3,139.1,99900.0
2187,37U,3,-15.5,139.0,100200.0
2188,37U,3,-16.2,138.6,99900.0
2189,37U,3,-16.1,138.70000000000002,100300.0
2190,37U,3,,,
2191,37U,3,-15.200000000000001,139.5,100400.0
2192,37U,3,,,
2193,37U,3,-15.200000000000001,140.6,100600.0
2194,37U,3,-14.8,140.4,100500.0
2195,37U,3,-14.3,139.9,100800.0
2196,37U,3,-14.5,139.5,100600.0
2197,37U,3,-14.5,138.3,100900.0
2198,37U,3,,,
2199,37U,3,,,
2200,37U,4,-8.4,154.70000000000002,96000.0
2201,37U,4,-8.1,154.3,97400.0
2202,37U,4,-7.9,154.0,97400.0
2203,37U,4,-7.8,153.70000000000002,98100.0
2204,37U,4,-7.7,153.5,98200.0
2205,37U,4,-7.4,153.4,98900.0
2206,37U,4,-6.8,154.1,99400.0
2207,37U,4,-7.6000000000000005,154.9,99800.0
2208,37U,4,-8.0,155.6,99600.0
2209,37U,4,,,
2210,37U,4,-11.200000000000001,153.5,99600.0
2211,37U,4,-11.700000000000001,153.4,99900.0
2212,37U,4,-12.5,153.0,99600.0
2213,37U,4,-13.0,150.0,99900.0
2214,37U,4,-13.6,150.20000000000002,99500.0
2215,37U,4,-14.3,149.20000000000002,99800.0
2216,37U,4,-14.700000000000001,148.5,99600.0
2217,37U,4,-15.0,147.5,100000.0
2218,37U,4,-15.9,146.4,99800.0
2219,37U,4,-16.4,145.5,100200.0
2220,37U,4,-17.8,143.70000000000002,100100.0
2221,37U,4,-18.5,143.20000000000002,100600.0
2222,37U,4,-21.0,144.0,100400.0
2223,37U,4,-21.400000000000002,142.5,100800.0
2224,37U,4,-22.1,142.8,100600.0
2225,37U,4,-22.1,142.3,101000.0
2226,37U,4,,,
2227,37U,4,,,
2228,37U,4,,,
2229,37U,4,,,
2230,37U,4,,,
2231,37U,4,,,
2232,37U,4,,,
2233,37U,4,,,
2234,37U,4,,,
2235,37U,4,,,
2236,37U,4,,,
2237,37U,4,,,
2238,37U,4,,,
2239,37U,4,,,
2240,37U,5,-8.2,154.20000000000002,95500.0
2241,37U,5,-8.1,154.20000000000002,96700.0
2242,37U,5,-8.3,154.3,96800.0
2243,37U,5,-8.6,154.1,97300.0
2244,37U,5,-9.1,153.9,97300.0
2245,37U,5,-9.5,153.6,97800.0
2246,37U,5,-9.8,153.0,97600.0
2247,37U,5,-10.0,152.5,97100.0
2248,37U,5,-10.1,152.3,97000.0
2249,37U,5,-10.3,152.0,97900.0
2250,37U,5,-10.9,151.1,98200.0
2251,37U,5,-11.700000000000001,150.3,99600.0
2252,37U,5,-12.1,149.4,99700.0
2253,37U,5,-12.1,148.3,100200.0
2254,37U,5,-11.9,147.3,99600.0
2255,37U,5,-12.0,145.9,100100.0
2256,37U,5,-11.700000000000001,144.70000000000002,99900.0
2257,37U,5,-11.3,143.6,100100.0
2258,37U,5,-11.200000000000001,142.9,99800.0
2259,37U,5,-11.200000000000001,142.1,100400.0
2260,37U,5,-11.700000000000001,141.3,100100.0
2261,37U,5,-12.0,140.20000000000002,100500.0
2262,37U,5,-12.3,138.9,100200.0
2263,37U,5,-12.5,137.6,100500.0
2264,37U,5,-12.6,137.0,100200.0
2265,37U,5,-12.6,136.3,100600.0
2266,37U,5,-13.3,136.1,100400.0
2267,37U,5,-12.8,135.3,100700.0
2268,37U,5,-13.0,134.7,100400.0
2269,37U,5,-11.9,134.7,100800.0
2270,37U,5,-13.8,134.5,100600.0
2271,37U,5,-13.8,134.5,100900.0
2272,37U,5,,,
2273,37U,5,,,
2274,37U,5,,,
2275,37U,5,,,
2276,37U,5,,,
2277,37U,5,,,
2278,37U,5,,,
2279,37U,5,,,
2280,37U,6,-8.8,154.3,97700.0
2281,37U,6,-8.2,153.70000000000002,98500.0
2282,37U,6,-7.7,153.8,98300.0
2283,37U,6,-7.4,154.1,98800.0
2284,37U,6,-7.3,154.5,98700.0
2285,37U,6,-7.2,154.70000000000002,99300.0
2286,37U,6,-7.4,155.1,98900.0
2287,37U,6,-7.1000000000000005,155.1,99200.0
2288,37U,6,-6.7,155.5,99100.0
2289,37U,6,-6.2,155.70000000000002,99600.0
2290,37U,6,-6.2,156.5,99100.0
2291,37U,6,-8.0,157.8,99800.0
2292,37U,6,-8.9,155.8,99700.0
2293,37U,6,,,
2294,37U,6,-10.700000000000001,154.6,99700.0
2295,37U,6,-12.8,153.0,99900.0
2296,37U,6,-12.8,152.0,99700.0
2297,37U,6,-14.0,150.0,99900.0
2298,37U,6,-13.6,148.5,99500.0
2299,37U,6,-14.3,148.20000000000002,99900.0
2300,37U,6,-14.5,146.8,99600.0
2301,37U,6,-15.8,146.6,100000.0
2302,37U,6,-17.900000000000002,145.8,100000.0
2303,37U,6,-18.8,144.4,100500.0
2304,37U,6,-20.6,144.0,100400.0
2305,37U,6,-21.400000000000002,144.0,100700.0
2306,37U,6,-22.3,144.3,100600.0
2307,37U,6,-22.8,144.70000000000002,100900.0
2308,37U,6,-22.3,145.8,100600.0
2309,37U,6,,,
2310,37U,6,,,
2311,37U,6,,,
2312,37U,6,,,
2313,37U,6,,,
2314,37U,6,,,
2315,37U,6,,,
2316,37U,6,,,
2317,37U,6,,,
2318,37U,6,,,
2319,37U,6,,,
2320,37U,7,-8.2,153.8,97200.0
2321,37U,7,-8.1,153.8,98100.0
2322,37U,7,-8.0,153.9,98500.0
2323,37U,7,-8.0,153.8,98800.0
2324,37U,7,-8.0,153.9,98700.0
2325,37U,7,-7.8,153.9,99200.0
2326,37U,7,-7.9,154.3,99100.0
2327,37U,7,-8.1,154.20000000000002,99500.0
2328,37U,7,-8.2,154.1,99400.0
2329,37U,7,-8.4,154.20000000000002,99800.0
2330,37U,7,-8.4,154.0,99600.0
2331,37U,7,-8.6,153.8,100200.0
2332,37U,7,-8.8,153.4,100000.0
2333,37U,7,-8.8,152.8,100400.0
2334,37U,7,-9.3,152.70000000000002,100200.0
2335,37U,7,-10.200000000000001,152.20000000000002,100500.0
2336,37U,7,-11.4,152.20000000000002,100300.0
2337,37U,7,,,
2338,37U,7,,,
2339,37U,7,,,
2340,37U,7,,,
2341,37U,7,,,
2342,37U,7,,,
2343,37U,7,,,
2344,37U,7,,,
2345,37U,7,,,
2346,37U,7,,,
2347,37U,7,,,
2348,37U,7,,,
2349,37U,7,,,
2350,37U,7,,,
2351,37U,7,,,
2352,37U,7,,,
2353,37U,7,,,
2354,37U,7,,,
2355,37U,7,,,
2356,37U,7,,,
2357,37U,7,,,
2358,37U,7,,,
2359,37U,7,,,
2360,37U,8,-7.5,154.4,94600.0
2361,37U,8,-7.3,154.3,96100.0
2362,37U,8,-7.2,154.4,96600.0
2363,37U,8,-7.4,154.4,96700.0
2364,37U,8,-7.6000000000000005,154.0,96400.0
2365,37U,8,-7.6000000000000005,153.5,97000.0
2366,37U,8,-7.6000000000000005,153.20000000000002,96700.0
2367,37U,8,-7.5,152.9,97900.0
2368,37U,8,-7.6000000000000005,152.5,98400.0
2369,37U,8,-7.2,152.20000000000002,99400.0
2370,37U,8,-6.5,151.6,99100.0
2371,37U,8,-5.5,151.5,100300.0
2372,37U,8,-4.8,150.8,100100.0
2373,37U,8,-4.1,151.1,100300.0
2374,37U,8,-3.6,152.0,100100.0
2375,37U,8,-4.4,153.1,100500.0
2376,37U,8,-5.4,153.4,100200.0
2377,37U,8,-7.4,153.3,100600.0
2378,37U,8,,,
2379,37U,8,,,
2380,37U,8,,,
2381,37U,8,,,
2382,37U,8,,,
2383,37U,8,,,
2384,37U,8,,,
2385,37U,8,,,
2386,37U,8,,,
2387,37U,8,,,
2388,37U,8,,,
2389,37U,8,,,
2390,37U,8,,,
2391,37U,8,,,
2392,37U,8,,,
2393,37U,8,,,
2394,37U,8,,,
2395,37U,8,,,
2396,37U,8,,,
2397,37U,8,,,
2398,37U,8,,,
2399,37U,8,,,
2400,37U,9,-9.1,152.0,96800.0
2401,37U,9,-9.1,151.5,98500.0
2402,37U,9,-8.9,151.5,99200.0
2403,37U,9,-8.8,151.6,100000.0
2404,37U,9,-8.5,151.8,99800.0
2405,37U,9,-8.1,151.5,100400.0
2406,37U,9,,,
2407,37U,9,-7.1000000000000005,150.9,100600.0
2408,37U,9,-6.6000000000000005,150.5,100300.0
2409,37U,9,-6.1000000000000005,147.70000000000002,100700.0
2410,37U,9,,,
2411,37U,9,-3.1,148.0,100700.0
2412,37U,9,-1.5,150.70000000000002,100400.0
2413,37U,9,,,
2414,37U,9,-2.6,152.5,100500.0
2415,37U,9,,,
2416,37U,9,,,
2417,37U,9,,,
2418,37U,9,,,
2419,37U,9,,,
2420,37U,9,,,
2421,37U,9,,,
2422,37U,9,,,
2423,37U,9,,,
2424,37U,9,,,
2425,37U,9,,,
2426,37U,9,,,
2427,37U,9,,,
2428,37U,9,,,
2429,37U,9,,,
2430,37U,9,,,
2431,37U,9,,,
2432,37U,9,,,
2433,37U,9,,,
2434,37U,9,,,
2435,37U,9,,,
2436,37U,9,,,
2437,37U,9,,,
2438,37U,9,,,
2439,37U,9,,,
2440,37U,10,-7.9,154.4,95600.0
2441,37U,10,-7.7,154.3,97100.0
2442,37U,10,-7.8,154.20000000000002,97300.0
2443,37U,10,-7.8,154.1,97200.0
2444,37U,10,-7.9,154.1,97400.0
2445,37U,10,-8.0,154.1,98100.0
2446,37U,10,-8.4,153.70000000000002,98100.0
2447,37U,10,-8.9,153.70000000000002,99200.0
2448,37U,10,-9.0,153.9,99300.0
2449,37U,10,-9.8,153.5,99500.0
2450,37U,10,-9.8,152.9,99300.0
2451,37U,10,-10.1,152.3,99800.0
2452,37U,10,-10.5,152.20000000000002,99600.0
2453,37U,10,-11.0,151.8,100200.0
2454,37U,10,-12.0,148.1,100100.0
2455,37U,10,-12.1,146.4,100500.0
2456,37U,10,,,
2457,37U,10,-12.700000000000001,144.4,100300.0
2458,37U,10,-11.4,143.70000000000002,100100.0
2459,37U,10,-11.4,143.5,100300.0
2460,37U,10,-11.700000000000001,142.1,100100.0
2461,37U,10,-10.700000000000001,139.9,100300.0
2462,37U,10,-11.3,140.9,100100.0
2463,37U,10,-12.200000000000001,139.70000000000002,100300.0
2464,37U,10,-12.4,138.1,100000.0
2465,37U,10,-11.9,136.9,100300.0
2466,37U,10,-11.700000000000001,136.8,100000.0
2467,37U,10,-12.4,136.70000000000002,100300.0
2468,37U,10,-13.200000000000001,136.0,100000.0
2469,37U,10,-13.8,135.7,100300.0
2470,37U,10,-14.3,135.8,100200.0
2471,37U,10,-14.6,135.4,100400.0
2472,37U,10,-15.200000000000001,135.4,100100.0
2473,37U,10,-16.2,135.8,100500.0
2474,37U,10,-16.6,135.6,100300.0
2475,37U,10,-16.9,134.7,100700.0
2476,37U,10,-17.400000000000002,134.2,100400.0
2477,37U,10,-17.5,133.8,100800.0
2478,37U,10,-17.8,132.6,100700.0
2479,37U,10,-18.1,131.6,101000.0
2480,37U,11,-7.9,154.1,96400.0
2481,37U,11,-7.7,154.1,97800.0
2482,37U,11,-7.8,154.4,97800.0
2483,37U,11,-8.1,154.6,98100.0
2484,37U,11,-8.4,154.3,97900.0
2485,37U,11,-8.6,154.3,98800.0
2486,37U,11,-8.9,154.1,98800.0
2487,37U,11,-9.200000000000001,153.8,99700.0
2488,37U,11,-9.1,153.20000000000002,99600.0
2489,37U,11,-9.200000000000001,152.70000000000002,99800.0
2490,37U,11,-9.700000000000001,152.5,99900.0
2491,37U,11,-9.9,152.0,100500.0
2492,37U,11,-10.0,151.8,100200.0
2493,37U,11,,,
2494,37U,11,,,
2495,37U,11,,,
2496,37U,11,,,
2497,37U,11,,,
2498,37U,11,,,
2499,37U,11,,,
2500,37U,11,,,
2501,37U,11,,,
2502,37U,11,,,
2503,37U,11,,,
2504,37U,11,,,
2505,37U,11,,,
2506,37U,11,,,
2507,37U,11,,,
2508,37U,11,,,
2509,37U,11,,,
2510,37U,11,,,
2511,37U,11,,,
2512,37U,11,,,
2513,37U,11,,,
2514,37U,11,,,
2515,37U,11,,,
2516,37U,11,,,
2517,37U,11,,,
2518,37U,11,,,
2519,37U,11,,,
2520,37U,12,-8.1,153.8,95900.0
2521,37U,12,-7.9,153.5,96800.0
2522,37U,12,-8.0,153.6,96600.0
2523,37U,12,-8.3,153.20000000000002,97300.0
2524,37U,12,-8.4,153.20000000000002,97300.0
2525,37U,12,-9.1,152.9,97900.0
2526,37U,12,-9.5,152.3,98600.0
2527,37U,12,-10.0,151.9,99100.0
2528,37U,12,-11.0,151.70000000000002,99700.0
2529,37U,12,-11.6,150.3,100100.0
2530,37U,12,-12.3,148.6,100100.0
2531,37U,12,-12.4,147.3,100200.0
2532,37U,12,-12.4,146.1,99900.0
2533,37U,12,-12.200000000000001,144.70000000000002,100200.0
2534,37U,12,-12.3,143.6,99900.0
2535,37U,12,-12.4,142.1,100400.0
2536,37U,12,-12.6,140.8,100100.0
2537,37U,12,-12.3,139.20000000000002,100300.0
2538,37U,12,-12.6,138.3,99900.0
2539,37U,12,-12.700000000000001,137.1,100200.0
2540,37U,12,-12.8,136.5,100000.0
2541,37U,12,-12.6,136.2,100300.0
2542,37U,12,-13.1,135.1,100200.0
2543,37U,12,-12.6,135.0,100500.0
2544,37U,12,-13.3,134.7,100300.0
2545,37U,12,-13.8,134.5,100600.0
2546,37U,12,,,
2547,37U,12,-14.6,132.1,100800.0
2548,37U,12,-12.700000000000001,131.2,100400.0
2549,37U,12,,,
2550,37U,12,-14.700000000000001,131.9,100600.0
2551,37U,12,-15.200000000000001,130.7,100900.0
2552,37U,12,-14.0,130.4,100400.0
2553,37U,12,,,
2554,37U,12,,,
2555,37U,12,,,
2556,37U,12,-12.1,132.6,100600.0
2557,37U,12,,,
2558,37U,12,,,
2559,37U,12,,,
2560,37U,13,-8.4,153.6,97000.0
2561,37U,13,-8.1,153.4,98000.0
2562,37U,13,-8.1,153.4,97700.0
2563,37U,13,-7.9,153.5,98100.0
2564,37U,13,-7.9,154.0,98100.0
2565,37U,13,-8.1,154.4,98800.0
2566,37U,13,-8.4,154.70000000000002,98500.0
2567,37U,13,-8.6,154.70000000000002,99200.0
2568,37U,13,-8.6,154.8,99300.0
2569,37U,13,-8.700000000000001,154.70000000000002,100100.0
2570,37U,13,-8.6,154.4,100000.0
2571,37U,13,-8.4,154.1,100400.0
2572,37U,13,-8.1,153.70000000000002,100200.0
2573,37U,13,-7.6000000000000005,152.8,100500.0
2574,37U,13,-7.3,152.4,100300.0
2575,37U,13,,,
2576,37U,13,-6.2,151.9,100400.0
2577,37U,13,-3.3000000000000003,149.3,100800.0
2578,37U,13,,,
2579,37U,13,,,
2580,37U,13,,,
2581,37U,13,,,
2582,37U,13,,,
2583,37U,13,,,
2584,37U,13,,,
2585,37U,13,,,
2586,37U,13,,,
2587,37U,13,,,
2588,37U,13,,,
2589,37U,13,,,
2590,37U,13,,,
2591,37U,13,,,
2592,37U,13,,,
2593,37U,13,,,
2594,37U,13,,,
2595,37U,13,,,
2596,37U,13,,,
2597,37U,13,,,
2598,37U,13,,,
2599,37U,13,,,
2600,37U,14,-7.7,154.1,96900.0
2601,37U,14,-7.4,154.20000000000002,98600.0
2602,37U,14,-7.6000000000000005,154.4,99100.0
2603,37U,14,-7.2,154.4,99600.0
2604,37U,14,-7.3,154.5,99400.0
2605,37U,14,-7.0,155.3,100100.0
2606,37U,14,,,
2607,37U,14,,,
2608,37U,14,,,
2609,37U,14,,,
2610,37U,14,,,
2611,37U,14,,,
2612,37U,14,,,
2613,37U,14,,,
2614,37U,14,,,
2615,37U,14,,,
2616,37U,14,,,
2617,37U,14,,,
2618,37U,14,,,
2619,37U,14,,,
2620,37U,14,,,
2621,37U,14,,,
2622,37U,14,,,
2623,37U,14,,,
2624,37U,14,,,
2625,37U,14,,,
2626,37U,14,,,
2627,37U,14,,,
2628,37U,14,,,
2629,37U,14,,,
2630,37U,14,,,
2631,37U,14,,,
2632,37U,14,,,
2633,37U,14,,,
2634,37U,14,,,
2635,37U,14,,,
2636,37U,14,,,
2637,37U,14,,,
2638,37U,14,,,
2639,37U,14,,,
2640,37U,15,-9.200000000000001,152.4,99100.0
2641,37U,15,-8.700000000000001,152.4,99800.0
2642,37U,15,-7.8,153.3,99700.0
2643,37U,15,-7.4,154.20000000000002,100000.0
2644,37U,15,-7.3,155.1,99700.0
2645,37U,15,-7.5,155.3,100100.0
2646,37U,15,-8.2,156.0,99800.0
2647,37U,15,,,
2648,37U,15,-9.700000000000001,155.6,99800.0
2649,37U,15,-10.700000000000001,154.5,100300.0
2650,37U,15,-11.3,152.9,100100.0
2651,37U,15,-11.1,151.6,100400.0
2652,37U,15,-12.3,148.9,100200.0
2653,37U,15,-12.1,147.70000000000002,100300.0
2654,37U,15,-12.200000000000001,147.0,100000.0
2655,37U,15,-12.4,145.20000000000002,100300.0
2656,37U,15,-11.9,144.70000000000002,100000.0
2657,37U,15,-12.200000000000001,143.5,100500.0
2658,37U,15,-12.5,142.4,100400.0
2659,37U,15,-12.200000000000001,140.4,100600.0
2660,37U,15,-12.4,139.70000000000002,100300.0
2661,37U,15,-12.6,138.6,100700.0
2662,37U,15,-12.200000000000001,137.1,100400.0
2663,37U,15,-12.1,136.0,100700.0
2664,37U,15,-11.0,135.7,100400.0
2665,37U,15,-10.700000000000001,134.8,100600.0
2666,37U,15,-10.4,134.4,100500.0
2667,37U,15,-10.6,134.0,100700.0
2668,37U,15,,,
2669,37U,15,,,
2670,37U,15,,,
2671,37U,15,-10.9,135.4,100600.0
2672,37U,15,,,
2673,37U,15,,,
2674,37U,15,,,
2675,37U,15,,,
2676,37U,15,,,
2677,37U,15,,,
2678,37U,15,,,
2679,37U,15,,,
2680,37U,16,-8.0,154.1,97200.0
2681,37U,16,-7.9,154.20000000000002,98000.0
2682,37U,16,-7.8,154.5,98300.0
2683,37U,16,-7.9,154.5,98700.0
2684,37U,16,-8.0,154.8,98600.0
2685,37U,16,-8.2,155.3,98900.0
2686,37U,16,-9.3,155.6,99000.0
2687,37U,16,-10.200000000000001,155.20000000000002,99600.0
2688,37U,16,-10.6,154.5,99300.0
2689,37U,16,-10.5,153.4,99600.0
2690,37U,16,-10.0,152.6,99600.0
2691,37U,16,-10.3,152.6,99900.0
2692,37U,16,-10.700000000000001,152.5,99900.0
2693,37U,16,-11.200000000000001,151.8,100500.0
2694,37U,16,-12.4,150.8,100400.0
2695,37U,16,,,
2696,37U,16,,,
2697,37U,16,,,
2698,37U,16,,,
2699,37U,16,,,
2700,37U,16,,,
2701,37U,16,,,
2702,37U,16,,,
2703,37U,16,,,
2704,37U,16,,,
2705,37U,16,,,
2706,37U,16,,,
2707,37U,16,,,
2708,37U,16,,,
2709,37U,16,,,
2710,37U,16,,,
2711,37U,16,,,
2712,37U,16,,,
2713,37U,16,,,
2714,37U,16,,,
2715,37U,16,,,
2716,37U,16,,,
2717,37U,16,,,
2718,37U,16,,,
2719,37U,16,,,
2720,37U,17,-8.4,153.4,97800.0
2721,37U,17,-8.4,153.4,98400.0
2722,37U,17,-8.1,153.5,98500.0
2723,37U,17,-7.8,154.0,98700.0
2724,37U,17,-8.0,154.4,98100.0
2725,37U,17,-8.1,155.1,99000.0
2726,37U,17,-9.0,155.20000000000002,98900.0
2727,37U,17,-9.8,154.4,99500.0
2728,37U,17,-10.0,154.1,99400.0
2729,37U,17,-10.4,153.20000000000002,99700.0
2730,37U,17,-10.700000000000001,152.5,99600.0
2731,37U,17,-11.200000000000001,152.0,99900.0
2732,37U,17,-11.9,151.20000000000002,99400.0
2733,37U,17,-12.6,150.0,99100.0
2734,37U,17,-13.6,148.70000000000002,98200.0
2735,37U,17,-14.5,147.20000000000002,98500.0
2736,37U,17,-15.0,146.0,97400.0
2737,37U,17,-15.200000000000001,144.70000000000002,99500.0
2738,37U,17,-15.9,143.20000000000002,99900.0
2739,37U,17,-15.9,141.70000000000002,100500.0
2740,37U,17,-15.4,141.9,100200.0
2741,37U,17,-15.200000000000001,139.8,100600.0
2742,37U,17,-15.0,138.9,100400.0
2743,37U,17,-14.6,138.0,100700.0
2744,37U,17,,,
2745,37U,17,-14.0,137.5,100700.0
2746,37U,17,-13.8,137.1,100600.0
2747,37U,17,-13.9,136.8,100800.0
2748,37U,17,-13.6,136.3,100500.0
2749,37U,17,-13.6,136.0,100900.0
2750,37U,17,,,
2751,37U,17,,,
2752,37U,17,-12.200000000000001,136.4,100600.0
2753,37U,17,-12.1,136.0,101000.0
2754,37U,17,,,
2755,37U,17,,,
2756,37U,17,,,
2757,37U,17,,,
2758,37U,17,,,
2759,37U,17,,,
2760,37U,18,-8.4,154.4,96000.0
2761,37U,18,-8.4,154.3,97400.0
2762,37U,18,-8.3,154.4,97900.0
2763,37U,18,-8.2,154.6,98600.0
2764,37U,18,-8.1,155.0,98600.0
2765,37U,18,-8.1,155.3,99300.0
2766,37U,18,-8.5,155.6,99300.0
2767,37U,18,-8.8,155.5,99700.0
2768,37U,18,-8.8,155.20000000000002,99500.0
2769,37U,18,-8.700000000000001,154.6,99900.0
2770,37U,18,-8.5,154.0,99700.0
2771,37U,18,-8.1,153.5,100100.0
2772,37U,18,-8.5,153.5,99900.0
2773,37U,18,-7.9,152.5,100100.0
2774,37U,18,-8.1,152.0,99700.0
2775,37U,18,-8.1,151.6,100000.0
2776,37U,18,-8.3,151.3,99900.0
2777,37U,18,-8.5,150.5,100300.0
2778,37U,18,,,
2779,37U,18,,,
2780,37U,18,,,
2781,37U,18,,,
2782,37U,18,,,
2783,37U,18,,,
2784,37U,18,,,
2785,37U,18,,,
2786,37U,18,,,
2787,37U,18,,,
2788,37U,18,,,
2789,37U,18,,,
2790,37U,18,,,
2791,37U,18,,,
2792,37U,18,,,
2793,37U,18,,,
2794,37U,18,,,
2795,37U,18,,,
2796,37U,18,,,
2797,37U,18,,,
2798,37U,18,,,
2799,37U,18,,,
2800,37U,19,-8.4,153.9,97900.0
2801,37U,19,-8.2,153.70000000000002,99500.0
2802,37U,19,-8.4,152.0,99800.0
2803,37U,19,-8.3,153.20000000000002,100200.0
2804,37U,19,-8.6,153.5,99900.0
2805,37U,19,,,
2806,37U,19,-7.9,154.5,100200.0
2807,37U,19,-8.0,155.5,100400.0
2808,37U,19,-7.9,155.8,100100.0
2809,37U,19,-7.5,156.0,100300.0
2810,37U,19,,,
2811,37U,19,-8.2,156.8,100400.0
2812,37U,19,,,
2813,37U,19,-9.8,157.20000000000002,100500.0
2814,37U,19,,,
2815,37U,19,,,
2816,37U,19,-14.5,155.8,100200.0
2817,37U,19,,,
2818,37U,19,-17.0,154.1,100200.0
2819,37U,19,,,
2820,37U,19,,,
2821,37U,19,,,
2822,37U,19,,,
2823,37U,19,,,
2824,37U,19,,,
2825,37U,19,,,
2826,37U,19,,,
2827,37U,19,,,
2828,37U,19,,,
2829,37U,19,,,
2830,37U,19,,,
2831,37U,19,,,
2832,37U,19,,,
2833,37U,19,,,
2834,37U,19,,,
2835,37U,19,,,
2836,37U,19,,,
2837,37U,19,,,
2838,37U,19,,,
2839,37U,19,,,
2840,37U,20,-8.3,153.9,97900.0
2841,37U,20,-8.1,153.70000000000002,99100.0
2842,37U,20,-8.0,153.70000000000002,99400.0
2843,37U,20,-8.1,153.70000000000002,99700.0
2844,37U,20,-8.4,153.5,99500.0
2845,37U,20,-8.4,153.5,99900.0
2846,37U,20,-8.1,153.5,99600.0
2847,37U,20,-8.2,153.5,100000.0
2848,37U,20,-7.9,153.5,100000.0
2849,37U,20,-7.9,154.1,100400.0
2850,37U,20,,,
2851,37U,20,,,
2852,37U,20,,,
2853,37U,20,,,
2854,37U,20,,,
2855,37U,20,,,
2856,37U,20,,,
2857,37U,20,,,
2858,37U,20,,,
2859,37U,20,,,
2860,37U,20,,,
2861,37U,20,,,
2862,37U,20,,,
2863,37U,20,,,
2864,37U,20,,,
2865,37U,20,,,
2866,37U,20,,,
2867,37U,20,,,
2868,37U,20,,,
2869,37U,20,,,
2870,37U,20,,,
2871,37U,20,,,
2872,37U,20,,,
2873,37U,20,,,
2874,37U,20,,,
2875,37U,20,,,
2876,37U,20,,,
2877,37U,20,,,
2878,37U,20,,,
2879,37U,20,,,
2880,37U,21,-8.5,153.9,97500.0
2881,37U,21,-8.4,153.5,98300.0
2882,37U,21,-8.2,153.4,98500.0
2883,37U,21,-8.2,153.20000000000002,98800.0
2884,37U,21,-8.4,153.0,98400.0
2885,37U,21,-8.6,152.6,98800.0
2886,37U,21,-8.8,152.0,98600.0
2887,37U,21,-8.8,151.3,99200.0
2888,37U,21,-8.6,150.9,99700.0
2889,37U,21,-8.4,150.3,100300.0
2890,37U,21,-11.4,148.70000000000002,100500.0
2891,37U,21,-11.5,146.6,100800.0
2892,37U,21,-11.0,145.4,100500.0
2893,37U,21,-10.6,144.5,100800.0
2894,37U,21,-9.700000000000001,143.70000000000002,100500.0
2895,37U,21,,,
2896,37U,21,-8.3,142.0,100400.0
2897,37U,21,-9.1,140.1,100700.0
2898,37U,21,-9.1,139.6,100400.0
2899,37U,21,-8.6,138.70000000000002,100600.0
2900,37U,21,-8.1,140.1,100200.0
2901,37U,21,,,
2902,37U,21,,,
2903,37U,21,,,
2904,37U,21,,,
2905,37U,21,,,
2906,37U,21,,,
2907,37U,21,,,
2908,37U,21,,,
2909,37U,21,,,
2910,37U,21,,,
2911,37U,21,,,
2912,37U,21,,,
2913,37U,21,,,
2914,37U,21,,,
2915,37U,21,,,
2916,37U,21,,,
2917,37U,21,,,
2918,37U,21,,,
2919,37U,21,,,
2920,37U,22,-7.4,155.70000000000002,99500.0
2921,37U,22,-6.9,156.20000000000002,100000.0
2922,37U,22,-7.5,157.20000000000002,99800.0
2923,37U,22,-8.6,156.6,100000.0
2924,37U,22,-9.1,155.70000000000002,99600.0
2925,37U,22,-9.5,154.70000000000002,100000.0
2926,37U,22,-10.1,153.20000000000002,99600.0
2927,37U,22,-9.8,154.9,100100.0
2928,37U,22,-10.8,155.20000000000002,99700.0
2929,37U,22,-12.1,154.1,99900.0
2930,37U,22,-12.6,153.1,99800.0
2931,37U,22,-13.1,150.8,99800.0
2932,37U,22,-13.6,150.9,99500.0
2933,37U,22,-14.8,150.1,99700.0
2934,37U,22,-14.3,148.4,99100.0
2935,37U,22,-14.700000000000001,148.1,99200.0
2936,37U,22,-15.700000000000001,147.5,98800.0
2937,37U,22,-16.5,146.8,98800.0
2938,37U,22,-17.5,146.20000000000002,98400.0
2939,37U,22,-18.1,145.4,99500.0
2940,37U,22,-19.0,144.8,99800.0
2941,37U,22,-19.5,144.4,100500.0
2942,37U,22,-20.400000000000002,144.3,100600.0
2943,37U,22,-20.7,143.70000000000002,100800.0
2944,37U,22,,,
2945,37U,22,,,
2946,37U,22,,,
2947,37U,22,,,
2948,37U,22,,,
2949,37U,22,,,
2950,37U,22,,,
2951,37U,22,,,
2952,37U,22,,,
2953,37U,22,,,
2954,37U,22,,,
2955,37U,22,,,
2956,37U,22,,,
2957,37U,22,,,
2958,37U,22,,,
2959,37U,22,,,
2960,37U,23,-8.4,151.5,98200.0
2961,37U,23,-7.9,151.70000000000002,98900.0
2962,37U,23,-7.5,152.0,99000.0
2963,37U,23,-7.2,152.4,99500.0
2964,37U,23,-6.3,153.20000000000002,99500.0
2965,37U,23,-6.2,154.1,99700.0
2966,37U,23,-5.8,154.6,99700.0
2967,37U,23,-4.8,155.1,100400.0
2968,37U,23,,,
2969,37U,23,-4.3,157.20000000000002,100400.0
2970,37U,23,-5.0,157.5,100100.0
2971,37U,23,-6.2,157.20000000000002,100500.0
2972,37U,23,-6.9,154.9,99900.0
2973,37U,23,-6.9,154.20000000000002,100200.0
2974,37U,23,-7.2,152.6,99700.0
2975,37U,23,-7.2,151.70000000000002,99900.0
2976,37U,23,-7.8,151.1,99800.0
2977,37U,23,-8.6,150.20000000000002,99800.0
2978,37U,23,,,
2979,37U,23,,,
2980,37U,23,,,
2981,37U,23,,,
2982,37U,23,,,
2983,37U,23,,,
2984,37U,23,,,
2985,37U,23,,,
2986,37U,23,,,
2987,37U,23,,,
2988,37U,23,,,
2989,37U,23,,,
2990,37U,23,,,
2991,37U,23,,,
2992,37U,23,,,
2993,37U,23,,,
2994,37U,23,,,
2995,37U,23,,,
2996,37U,23,,,
2997,37U,23,,,
2998,37U,23,,,
2999,37U,23,,,
3000,37U,24,-6.8,156.1,99000.0
3001,37U,24,-7.0,156.5,99300.0
3002,37U,24,-7.6000000000000005,156.0,99000.0
3003,37U,24,-8.4,155.9,99200.0
3004,37U,24,-7.6000000000000005,154.4,99000.0
3005,37U,24,-8.4,153.4,99400.0
3006,37U,24,-9.0,154.6,99400.0
3007,37U,24,-9.9,154.20000000000002,99800.0
3008,37U,24,-10.8,153.0,99400.0
3009,37U,24,-11.0,152.1,99900.0
3010,37U,24,-10.8,151.20000000000002,99500.0
3011,37U,24,-11.9,151.5,100100.0
3012,37U,24,-13.6,151.1,99700.0
3013,37U,24,-14.1,149.3,100100.0
3014,37U,24,-14.200000000000001,147.9,99800.0
3015,37U,24,-13.3,146.6,100000.0
3016,37U,24,-14.200000000000001,146.1,99700.0
3017,37U,24,-14.1,144.9,100100.0
3018,37U,24,-15.200000000000001,143.9,100000.0
3019,37U,24,-16.2,142.5,100400.0
3020,37U,24,-16.9,141.5,100100.0
3021,37U,24,-17.900000000000002,140.9,100500.0
3022,37U,24,-18.400000000000002,140.1,100300.0
3023,37U,24,-18.5,139.70000000000002,100800.0
3024,37U,24,-18.8,139.3,100600.0
3025,37U,24,-18.2,138.5,101000.0
3026,37U,24,-19.400000000000002,137.20000000000002,101000.0
3027,37U,24,,,
3028,37U,24,,,
3029,37U,24,,,
3030,37U,24,,,
3031,37U,24,,,
3032,37U,24,,,
3033,37U,24,,,
3034,37U,24,,,
3035,37U,24,,,
3036,37U,24,,,
3037,37U,24,,,
3038,37U,24,,,
3039,37U,24,,,
3040,37U,25,-8.5,153.3,97900.0
3041,37U,25,-8.2,153.20000000000002,99200.0
3042,37U,25,-8.0,153.4,99000.0
3043,37U,25,-7.9,153.4,99400.0
3044,37U,25,-7.9,153.8,99300.0
3045,37U,25,-7.6000000000000005,154.1,99800.0
3046,37U,25,-7.2,154.4,99300.0
3047,37U,25,-7.5,154.6,100000.0
3048,37U,25,-7.7,154.70000000000002,99800.0
3049,37U,25,-7.6000000000000005,154.20000000000002,99900.0
3050,37U,25,-7.2,154.1,99900.0
3051,37U,25,-6.6000000000000005,154.0,100300.0
3052,37U,25,-6.1000000000000005,153.5,100100.0
3053,37U,25,-5.7,153.70000000000002,100400.0
3054,37U,25,-5.3,153.5,100200.0
3055,37U,25,-5.3,153.6,100500.0
3056,37U,25,-6.1000000000000005,153.20000000000002,100300.0
3057,37U,25,,,
3058,37U,25,-6.3,149.8,100400.0
3059,37U,25,,,
3060,37U,25,-6.7,149.1,100500.0
3061,37U,25,-7.0,148.9,100900.0
3062,37U,25,-6.9,149.4,100700.0
3063,37U,25,,,
3064,37U,25,,,
3065,37U,25,,,
3066,37U,25,,,
3067,37U,25,,,
3068,37U,25,,,
3069,37U,25,,,
3070,37U,25,,,
3071,37U,25,,,
3072,37U,25,,,
3073,37U,25,,,
3074,37U,25,,,
3075,37U,25,,,
3076,37U,25,,,
3077,37U,25,,,
3078,37U,25,,,
3079,37U,25,,,
3080,37U,26,-7.9,152.4,99000.0
3081,37U,26,-7.5,152.70000000000002,99900.0
3082,37U,26,-7.7,153.20000000000002,99800.0
3083,37U,26,-7.2,153.5,100100.0
3084,37U,26,-7.4,153.9,99700.0
3085,37U,26,-7.4,153.9,100200.0
3086,37U,26,-6.9,154.20000000000002,100000.0
3087,37U,26,-6.5,154.4,100300.0
3088,37U,26,-3.8000000000000003,152.8,100300.0
3089,37U,26,,,
3090,37U,26,,,
3091,37U,26,,,
3092,37U,26,,,
3093,37U,26,,,
3094,37U,26,,,
3095,37U,26,,,
3096,37U,26,,,
3097,37U,26,,,
3098,37U,26,,,
3099,37U,26,,,
3100,37U,26,,,
3101,37U,26,,,
3102,37U,26,,,
3103,37U,26,,,
3104,37U,26,,,
3105,37U,26,,,
3106,37U,26,,,
3107,37U,26,,,
3108,37U,26,,,
3109,37U,26,,,
3110,37U,26,,,
3111,37U,26,,,
3112,37U,26,,,
3113,37U,26,,,
3114,37U,26,,,
3115,37U,26,,,
3116,37U,26,,,
3117,37U,26,,,
3118,37U,26,,,
3119,37U,26,,,
3120,37U,27,-8.3,153.6,99200.0
3121,37U,27,-8.4,153.4,99900.0
3122,37U,27,-8.3,153.70000000000002,99900.0
3123,37U,27,-7.8,153.70000000000002,100200.0
3124,37U,27,-7.8,154.1,99900.0
3125,37U,27,-7.9,154.1,100200.0
3126,37U,27,-7.9,154.1,100100.0
3127,37U,27,-7.6000000000000005,153.9,100200.0
3128,37U,27,,,
3129,37U,27,-7.1000000000000005,153.70000000000002,100400.0
3130,37U,27,-6.7,153.4,100300.0
3131,37U,27,-6.4,152.70000000000002,100700.0
3132,37U,27,-5.0,152.0,100400.0
3133,37U,27,-2.0,151.20000000000002,100900.0
3134,37U,27,-0.9,149.9,100500.0
3135,37U,27,-3.6,149.3,100900.0
3136,37U,27,,,
3137,37U,27,,,
3138,37U,27,,,
3139,37U,27,,,
3140,37U,27,,,
3141,37U,27,,,
3142,37U,27,,,
3143,37U,27,,,
3144,37U,27,,,
3145,37U,27,,,
3146,37U,27,,,
3147,37U,27,,,
3148,37U,27,,,
3149,37U,27,,,
3150,37U,27,,,
3151,37U,27,,,
3152,37U,27,,,
3153,37U,27,,,
3154,37U,27,,,
3155,37U,27,,,
3156,37U,27,,,
3157,37U,27,,,
3158,37U,27,,,
3159,37U,27,,,
3160,37U,28,-8.5,153.0,96700.0
3161,37U,28,-8.1,152.70000000000002,97200.0
3162,37U,28,-8.0,152.5,98000.0
3163,37U,28,-7.6000000000000005,152.5,98500.0
3164,37U,28,,,
3165,37U,28,,,
3166,37U,28,,,
3167,37U,28,,,
3168,37U,28,,,
3169,37U,28,,,
3170,37U,28,,,
3171,37U,28,,,
3172,37U,28,,,
3173,37U,28,,,
3174,37U,28,,,
3175,37U,28,,,
3176,37U,28,,,
3177,37U,28,,,
3178,37U,28,,,
3179,37U,28,,,
3180,37U,28,,,
3181,37U,28,,,
3182,37U,28,,,
3183,37U,28,,,
3184,37U,28,,,
3185,37U,28,,,
3186,37U,28,,,
3187,37U,28,,,
3188,37U,28,,,
3189,37U,28,,,
3190,37U,28,,,
3191,37U,28,,,
3192,37U,28,,,
3193,37U,28,,,
3194,37U,28,,,
3195,37U,28,,,
3196,37U,28,,,
3197,37U,28,,,
3198,37U,28,,,
3199,37U,28,,,
3200,37U,29,-8.2,154.20000000000002,95600.0
3201,37U,29,-8.1,154.0,96700.0
3202,37U,29,-8.0,154.0,97200.0
3203,37U,29,-7.9,154.1,97800.0
3204,37U,29,-8.0,154.1,97900.0
3205,37U,29,-8.1,154.1,98400.0
3206,37U,29,-8.4,154.0,98500.0
3207,37U,29,-8.700000000000001,153.70000000000002,98900.0
3208,37U,29,-8.6,153.4,98900.0
3209,37U,29,-9.200000000000001,152.70000000000002,99500.0
3210,37U,29,-9.5,152.0,99100.0
3211,37U,29,-10.200000000000001,151.20000000000002,100200.0
3212,37U,29,-11.700000000000001,150.3,100000.0
3213,37U,29,,,
3214,37U,29,,,
3215,37U,29,,,
3216,37U,29,,,
3217,37U,29,,,
3218,37U,29,,,
3219,37U,29,,,
3220,37U,29,,,
3221,37U,29,,,
3222,37U,29,,,
3223,37U,29,,,
3224,37U,29,,,
3225,37U,29,,,
3226,37U,29,,,
3227,37U,29,,,
3228,37U,29,,,
3229,37U,29,,,
3230,37U,29,,,
3231,37U,29,,,
3232,37U,29,,,
3233,37U,29,,,
3234,37U,29,,,
3235,37U,29,,,
3236,37U,29,,,
3237,37U,29,,,
3238,37U,29,,,
3239,37U,29,,,
3240,37U,30,-8.3,153.8,97500.0
3241,37U,30,-7.7,153.70000000000002,98300.0
3242,37U,30,-7.0,153.6,98000.0
3243,37U,30,-6.8,153.8,97500.0
3244,37U,30,-6.7,154.1,97100.0
3245,37U,30,-6.8,154.20000000000002,97000.0
3246,37U,30,-7.0,154.3,96700.0
3247,37U,30,-7.2,154.4,97000.0
3248,37U,30,-7.4,154.6,97700.0
3249,37U,30,-7.6000000000000005,154.6,98200.0
3250,37U,30,-7.6000000000000005,154.0,98100.0
3251,37U,30,-7.4,153.8,98400.0
3252,37U,30,-7.7,153.9,98300.0
3253,37U,30,-8.6,153.6,99000.0
3254,37U,30,-9.8,153.20000000000002,99100.0
3255,37U,30,-11.700000000000001,152.5,99700.0
3256,37U,30,-13.3,150.5,99200.0
3257,37U,30,-14.5,148.3,99800.0
3258,37U,30,-15.0,146.0,98700.0
3259,37U,30,-14.700000000000001,144.20000000000002,99600.0
3260,37U,30,-15.200000000000001,143.4,99700.0
3261,37U,30,-15.700000000000001,142.3,100200.0
3262,37U,30,-16.0,141.4,100100.0
3263,37U,30,-16.0,141.1,100400.0
3264,37U,30,-16.7,141.6,100100.0
3265,37U,30,-17.5,141.8,100500.0
3266,37U,30,-18.6,142.1,100400.0
3267,37U,30,-19.5,142.20000000000002,100700.0
3268,37U,30,,,
3269,37U,30,,,
3270,37U,30,,,
3271,37U,30,,,
3272,37U,30,,,
3273,37U,30,,,
3274,37U,30,,,
3275,37U,30,,,
3276,37U,30,,,
3277,37U,30,,,
3278,37U,30,,,
3279,37U,30,,,
3280,37U,31,-7.9,154.0,95100.0
3281,37U,31,-8.0,154.1,96700.0
3282,37U,31,-8.1,154.20000000000002,97100.0
3283,37U,31,-8.4,154.4,97500.0
3284,37U,31,-8.8,154.4,97800.0
3285,37U,31,-9.3,154.4,98600.0
3286,37U,31,-9.8,154.0,98700.0
3287,37U,31,-10.0,153.8,98900.0
3288,37U,31,-10.200000000000001,153.4,99200.0
3289,37U,31,-10.200000000000001,152.9,99700.0
3290,37U,31,-10.700000000000001,152.4,99400.0
3291,37U,31,-11.4,151.8,100200.0
3292,37U,31,-12.0,151.8,100200.0
3293,37U,31,,,
3294,37U,31,,,
3295,37U,31,,,
3296,37U,31,,,
3297,37U,31,,,
3298,37U,31,,,
3299,37U,31,,,
3300,37U,31,,,
3301,37U,31,,,
3302,37U,31,,,
3303,37U,31,,,
3304,37U,31,,,
3305,37U,31,,,
3306,37U,31,,,
3307,37U,31,,,
3308,37U,31,,,
3309,37U,31,,,
3310,37U,31,,,
3311,37U,31,,,
3312,37U,31,,,
3313,37U,31,,,
3314,37U,31,,,
3315,37U,31,,,
3316,37U,31,,,
3317,37U,31,,,
3318,37U,31,,,
3319,37U,31,,,
3320,37U,32,-8.0,154.20000000000002,96000.0
3321,37U,32,-7.6000000000000005,154.20000000000002,97400.0
3322,37U,32,-7.4,154.5,97500.0
3323,37U,32,-7.4,154.6,97800.0
3324,37U,32,-7.6000000000000005,155.1,97900.0
3325,37U,32,-8.0,155.0,98200.0
3326,37U,32,-8.5,155.0,98600.0
3327,37U,32,-9.1,154.70000000000002,99100.0
3328,37U,32,-9.9,154.20000000000002,99100.0
3329,37U,32,-10.3,153.4,99500.0
3330,37U,32,-10.9,152.6,99300.0
3331,37U,32,-11.700000000000001,151.1,99600.0
3332,37U,32,-11.9,149.9,99700.0
3333,37U,32,-11.9,149.1,99800.0
3334,37U,32,-11.9,148.0,99600.0
3335,37U,32,-11.9,146.6,99900.0
3336,37U,32,-12.5,146.1,99500.0
3337,37U,32,-12.6,145.4,99700.0
3338,37U,32,-13.200000000000001,144.70000000000002,99600.0
3339,37U,32,-13.9,143.8,100100.0
3340,37U,32,-14.700000000000001,142.5,100000.0
3341,37U,32,-15.0,140.9,100400.0
3342,37U,32,-15.200000000000001,140.20000000000002,99800.0
3343,37U,32,-15.5,139.3,100200.0
3344,37U,32,-16.0,138.5,100100.0
3345,37U,32,-15.9,138.20000000000002,100400.0
3346,37U,32,-16.0,137.6,100300.0
3347,37U,32,,,
3348,37U,32,-15.0,135.2,100400.0
3349,37U,32,-15.0,135.7,100700.0
3350,37U,32,-15.3,135.1,100500.0
3351,37U,32,-14.700000000000001,134.4,100700.0
3352,37U,32,,,
3353,37U,32,,,
3354,37U,32,,,
3355,37U,32,-14.5,134.2,101000.0
3356,37U,32,,,
3357,37U,32,,,
3358,37U,32,,,
3359,37U,32,,,
3360,37U,33,-9.200000000000001,154.1,97600.0
3361,37U,33,-8.9,153.6,98300.0
3362,37U,33,-9.0,153.9,98000.0
3363,37U,33,-9.5,153.70000000000002,98500.0
3364,37U,33,-10.200000000000001,153.4,98300.0
3365,37U,33,-10.700000000000001,152.8,98500.0
3366,37U,33,-11.200000000000001,152.4,97900.0
3367,37U,33,-12.1,151.8,98100.0
3368,37U,33,-12.5,151.5,97500.0
3369,37U,33,-12.8,150.1,96600.0
3370,37U,33,-13.1,149.5,96100.0
3371,37U,33,-13.3,148.5,96400.0
3372,37U,33,-13.5,147.5,95500.0
3373,37U,33,-13.6,146.70000000000002,94900.0
3374,37U,33,-13.8,145.70000000000002,94500.0
3375,37U,33,-14.200000000000001,144.70000000000002,95600.0
3376,37U,33,-14.6,143.5,97100.0
3377,37U,33,-15.1,142.4,98600.0
3378,37U,33,-15.700000000000001,141.4,99100.0
3379,37U,33,-16.2,140.4,99500.0
3380,37U,33,-16.9,139.6,99300.0
3381,37U,33,-17.7,139.0,100100.0
3382,37U,33,-18.3,138.3,100200.0
3383,37U,33,-18.7,137.6,100800.0
3384,37U,33,,,
3385,37U,33,-17.8,138.4,101100.0
3386,37U,33,,,
3387,37U,33,,,
3388,37U,33,,,
3389,37U,33,,,
3390,37U,33,,,
3391,37U,33,,,
3392,37U,33,,,
3393,37U,33,,,
3394,37U,33,,,
3395,37U,33,,,
3396,37U,33,,,
3397,37U,33,,,
3398,37U,33,,,
3399,37U,33,,,
3400,37U,34,-7.9,153.9,94900.0
3401,37U,34,-7.8,153.9,95900.0
3402,37U,34,-8.1,153.9,96300.0
3403,37U,34,-8.4,153.70000000000002,97300.0
3404,37U,34,-8.6,153.4,97400.0
3405,37U,34,-8.6,153.0,98100.0
3406,37U,34,-8.9,153.0,98500.0
3407,37U,34,-9.0,153.5,99600.0
3408,37U,34,-9.8,153.8,99600.0
3409,37U,34,,,
3410,37U,34,-11.6,150.5,100000.0
3411,37U,34,-11.9,149.4,100000.0
3412,37U,34,-12.1,146.1,100300.0
3413,37U,34,,,
3414,37U,34,,,
3415,37U,34,,,
3416,37U,34,,,
3417,37U,34,,,
3418,37U,34,,,
3419,37U,34,,,
3420,37U,34,,,
3421,37U,34,,,
3422,37U,34,,,
3423,37U,34,,,
3424,37U,34,,,
3425,37U,34,,,
3426,37U,34,,,
3427,37U,34,,,
3428,37U,34,,,
3429,37U,34,,,
3430,37U,34,,,
3431,37U,34,,,
3432,37U,34,,,
3433,37U,34,,,
3434,37U,34,,,
3435,37U,34,,,
3436,37U,34,,,
3437,37U,34,,,
3438,37U,34,,,
3439,37U,34,,,
3440,37U,35,-7.6000000000000005,153.9,97000.0
3441,37U,35,-7.4,154.20000000000002,98400.0
3442,37U,35,-7.5,154.6,99000.0
3443,37U,35,-7.9,155.0,99700.0
3444,37U,35,-7.8,155.1,99400.0
3445,37U,35,-7.9,155.5,99800.0
3446,37U,35,-8.2,156.1,99700.0
3447,37U,35,-9.3,156.1,100000.0
3448,37U,35,-10.0,156.5,99400.0
3449,37U,35,-10.700000000000001,155.8,99800.0
3450,37U,35,-10.6,155.20000000000002,99600.0
3451,37U,35,-10.700000000000001,155.20000000000002,100000.0
3452,37U,35,-11.1,155.4,99700.0
3453,37U,35,-11.700000000000001,154.6,100000.0
3454,37U,35,-11.700000000000001,153.3,99700.0
3455,37U,35,-12.9,153.6,99800.0
3456,37U,35,-14.1,152.4,99600.0
3457,37U,35,,,
3458,37U,35,-14.700000000000001,149.6,99600.0
3459,37U,35,-14.700000000000001,147.8,100000.0
3460,37U,35,-14.6,146.8,99700.0
3461,37U,35,-14.9,145.70000000000002,100200.0
3462,37U,35,-15.3,144.6,100100.0
3463,37U,35,-16.7,143.9,100500.0
3464,37U,35,-17.400000000000002,142.70000000000002,100400.0
3465,37U,35,-17.7,142.3,100700.0
3466,37U,35,-18.400000000000002,141.9,100600.0
3467,37U,35,,,
3468,37U,35,,,
3469,37U,35,,,
3470,37U,35,,,
3471,37U,35,,,
3472,37U,35,,,
3473,37U,35,,,
3474,37U,35,,,
3475,37U,35,,,
3476,37U,35,,,
3477,37U,35,,,
3478,37U,35,,,
3479,37U,35,,,
3480,37U,36,-8.6,154.0,97600.0
3481,37U,36,-8.5,153.8,98400.0
3482,37U,36,-8.5,153.8,98200.0
3483,37U,36,-9.0,153.6,98600.0
3484,37U,36,-9.1,153.20000000000002,98400.0
3485,37U,36,-9.5,153.0,98800.0
3486,37U,36,-10.0,152.20000000000002,97700.0
3487,37U,36,-10.6,151.5,97900.0
3488,37U,36,-11.3,151.1,98200.0
3489,37U,36,-12.1,150.3,98400.0
3490,37U,36,-12.8,149.20000000000002,98600.0
3491,37U,36,-13.1,147.9,98700.0
3492,37U,36,-13.3,146.8,98400.0
3493,37U,36,-13.3,145.70000000000002,98700.0
3494,37U,36,-13.3,144.6,99300.0
3495,37U,36,-13.3,143.20000000000002,100200.0
3496,37U,36,-13.3,141.6,100200.0
3497,37U,36,-12.8,139.8,100200.0
3498,37U,36,-12.8,138.3,99800.0
3499,37U,36,-12.8,136.6,100100.0
3500,37U,36,-12.700000000000001,135.1,99900.0
3501,37U,36,-12.700000000000001,133.3,100600.0
3502,37U,36,-12.700000000000001,131.9,100500.0
3503,37U,36,-12.4,130.3,100700.0
3504,37U,36,-12.1,128.9,100400.0
3505,37U,36,-11.8,127.60000000000001,100700.0
3506,37U,36,-11.8,126.60000000000001,100500.0
3507,37U,36,,,
3508,37U,36,,,
3509,37U,36,,,
3510,37U,36,-10.0,123.4,100600.0
3511,37U,36,,,
3512,37U,36,-9.3,123.3,100500.0
3513,37U,36,-8.8,123.7,100700.0
3514,37U,36,-8.6,123.2,100600.0
3515,37U,36,,,
3516,37U,36,,,
3517,37U,36,,,
3518,37U,36,,,
3519,37U,36,,,
3520,37U,37,-8.4,153.70000000000002,97300.0
3521,37U,37,-7.7,153.5,98300.0
3522,37U,37,-7.6000000000000005,153.4,98100.0
3523,37U,37,-7.4,153.8,98700.0
3524,37U,37,-7.2,153.9,98000.0
3525,37U,37,-7.4,154.0,98700.0
3526,37U,37,-7.6000000000000005,154.20000000000002,98600.0
3527,37U,37,-7.6000000000000005,154.5,99400.0
3528,37U,37,-7.4,154.70000000000002,99200.0
3529,37U,37,-7.0,154.6,99700.0
3530,37U,37,-6.5,154.3,99400.0
3531,37U,37,-6.1000000000000005,154.1,99500.0
3532,37U,37,-5.4,155.0,99700.0
3533,37U,37,-6.9,154.8,100200.0
3534,37U,37,,,
3535,37U,37,-9.0,154.1,100000.0
3536,37U,37,-10.200000000000001,153.0,99700.0
3537,37U,37,-11.4,151.70000000000002,99900.0
3538,37U,37,-12.700000000000001,150.6,99600.0
3539,37U,37,-13.8,148.0,99700.0
3540,37U,37,-13.3,146.6,99100.0
3541,37U,37,-15.200000000000001,146.70000000000002,99600.0
3542,37U,37,-15.9,144.9,99500.0
3543,37U,37,-16.6,143.9,99900.0
3544,37U,37,-17.8,143.8,99900.0
3545,37U,37,-18.7,143.3,100400.0
3546,37U,37,-19.5,143.0,100400.0
3547,37U,37,-20.2,142.8,100800.0
3548,37U,37,,,
3549,37U,37,,,
3550,37U,37,,,
3551,37U,37,,,
3552,37U,37,,,
3553,37U,37,,,
3554,37U,37,,,
3555,37U,37,,,
3556,37U,37,,,
3557,37U,37,,,
3558,37U,37,,,
3559,37U,37,,,
3560,37U,38,-7.9,152.70000000000002,97600.0
3561,37U,38,-8.1,152.70000000000002,98600.0
3562,37U,38,-7.9,152.70000000000002,98900.0
3563,37U,38,-7.6000000000000005,152.70000000000002,99500.0
3564,37U,38,-6.6000000000000005,153.0,99500.0
3565,37U,38,-5.8,153.6,99900.0
3566,37U,38,,,
3567,37U,38,,,
3568,37U,38,-5.1000000000000005,155.8,100200.0
3569,37U,38,-4.7,155.6,100400.0
3570,37U,38,,,
3571,37U,38,-4.3,156.3,100500.0
3572,37U,38,-4.1,156.3,100300.0
3573,37U,38,-4.0,156.0,100500.0
3574,37U,38,-6.2,156.8,100300.0
3575,37U,38,-6.9,155.4,100500.0
3576,37U,38,-7.4,153.4,100200.0
3577,37U,38,-7.9,152.3,100500.0
3578,37U,38,-10.9,149.6,100100.0
3579,37U,38,-11.3,148.5,100300.0
3580,37U,38,-12.1,146.8,100000.0
3581,37U,38,-12.5,144.8,100400.0
3582,37U,38,-12.8,142.9,100100.0
3583,37U,38,-12.9,141.6,100400.0
3584,37U,38,-13.6,140.4,100100.0
3585,37U,38,-13.9,139.20000000000002,100400.0
3586,37U,38,-14.3,138.20000000000002,100200.0
3587,37U,38,-14.3,137.4,100400.0
3588,37U,38,-14.3,137.3,100100.0
3589,37U,38,-14.5,137.20000000000002,100300.0
3590,37U,38,-15.0,137.4,100100.0
3591,37U,38,-15.0,137.0,100300.0
3592,37U,38,-15.200000000000001,137.5,100100.0
3593,37U,38,,,
3594,37U,38,-15.5,138.70000000000002,100300.0
3595,37U,38,,,
3596,37U,38,-16.4,140.20000000000002,100200.0
3597,37U,38,-16.9,140.6,100600.0
3598,37U,38,-17.3,140.3,100400.0
3599,37U,38,,,
3600,37U,39,-8.2,154.8,97100.0
3601,37U,39,-8.1,154.4,98500.0
3602,37U,39,-8.1,154.1,98600.0
3603,37U,39,-8.3,154.1,99100.0
3604,37U,39,-9.200000000000001,153.70000000000002,99100.0
3605,37U,39,-9.6,153.4,99700.0
3606,37U,39,-9.5,153.1,99300.0
3607,37U,39,-10.3,152.9,99900.0
3608,37U,39,-10.8,152.4,99600.0
3609,37U,39,-10.700000000000001,152.3,100000.0
3610,37U,39,-11.0,152.4,99900.0
3611,37U,39,-11.0,152.20000000000002,100300.0
3612,37U,39,-10.700000000000001,152.5,99900.0
3613,37U,39,-11.0,152.70000000000002,100300.0
3614,37U,39,-11.200000000000001,153.0,100200.0
3615,37U,39,-11.4,153.20000000000002,100500.0
3616,37U,39,-11.700000000000001,153.9,100300.0
3617,37U,39,,,
3618,37U,39,,,
3619,37U,39,-12.4,153.9,100800.0
3620,37U,39,,,
3621,37U,39,,,
3622,37U,39,,,
3623,37U,39,,,
3624,37U,39,,,
3625,37U,39,,,
3626,37U,39,,,
3627,37U,39,,,
3628,37U,39,,,
3629,37U,39,,,
3630,37U,39,,,
3631,37U,39,,,
3632,37U,39,,,
3633,37U,39,,,
3634,37U,39,,,
3635,37U,39,,,
3636,37U,39,,,
3637,37U,39,,,
3638,37U,39,,,
3639,37U,39,,,
3640,37U,40,-9.3,153.9,97900.0
3641,37U,40,-9.3,153.3,99000.0
3642,37U,40,-8.6,153.1,98700.0
3643,37U,40,-8.5,153.3,99400.0
3644,37U,40,-8.700000000000001,153.3,99300.0
3645,37U,40,-8.6,153.4,99800.0
3646,37U,40,-8.5,153.1,99800.0
3647,37U,40,-8.8,152.70000000000002,100200.0
3648,37U,40,-8.9,152.1,100000.0
3649,37U,40,-8.5,151.6,100500.0
3650,37U,40,-7.8,151.1,100300.0
3651,37U,40,-6.8,150.5,100700.0
3652,37U,40,-6.2,147.70000000000002,100500.0
3653,37U,40,,,
3654,37U,40,,,
3655,37U,40,-4.6000000000000005,147.5,100900.0
3656,37U,40,-3.6,146.4,100600.0
3657,37U,40,-4.6000000000000005,145.5,100900.0
3658,37U,40,,,
3659,37U,40,,,
3660,37U,40,,,
3661,37U,40,,,
3662,37U,40,,,
3663,37U,40,,,
3664,37U,40,,,
3665,37U,40,,,
3666,37U,40,,,
3667,37U,40,,,
3668,37U,40,,,
3669,37U,40,,,
3670,37U,40,,,
3671,37U,40,,,
3672,37U,40,,,
3673,37U,40,,,
3674,37U,40,,,
3675,37U,40,,,
3676,37U,40,,,
3677,37U,40,,,
3678,37U,40,,,
3679,37U,40,,,
3680,37U,41,-7.9,153.4,98100.0
3681,37U,41,-7.3,153.70000000000002,98400.0
3682,37U,41,-6.9,154.1,98700.0
3683,37U,41,-6.6000000000000005,154.6,98700.0
3684,37U,41,-5.7,155.4,99300.0
3685,37U,41,-6.1000000000000005,156.0,99700.0
3686,37U,41,-6.0,156.0,99400.0
3687,37U,41,-6.2,156.3,99900.0
3688,37U,41,-7.0,156.5,99500.0
3689,37U,41,-8.0,155.8,99600.0
3690,37U,41,-8.2,154.4,99200.0
3691,37U,41,-7.8,153.0,99800.0
3692,37U,41,-7.3,152.20000000000002,99500.0
3693,37U,41,-6.9,151.5,99500.0
3694,37U,41,-7.4,151.5,99700.0
3695,37U,41,-8.1,150.8,100100.0
3696,37U,41,-8.700000000000001,150.0,99600.0
3697,37U,41,,,
3698,37U,41,,,
3699,37U,41,-10.1,148.6,100800.0
3700,37U,41,,,
3701,37U,41,,,
3702,37U,41,,,
3703,37U,41,,,
3704,37U,41,,,
3705,37U,41,,,
3706,37U,41,,,
3707,37U,41,,,
3708,37U,41,,,
3709,37U,41,,,
3710,37U,41,,,
3711,37U,41,,,
3712,37U,41,,,
3713,37U,41,,,
3714,37U,41,,,
3715,37U,41,,,
3716,37U,41,,,
3717,37U,41,,,
3718,37U,41,,,
3719,37U,41,,,
3720,37U,42,-8.4,151.8,98500.0
3721,37U,42,-8.1,151.6,99100.0
3722,37U,42,-8.0,151.70000000000002,99400.0
3723,37U,42,-7.9,151.70000000000002,99800.0
3724,37U,42,-7.4,152.0,99600.0
3725,37U,42,-6.9,152.5,100000.0
3726,37U,42,,,
3727,37U,42,-6.7,153.1,100200.0
3728,37U,42,-6.2,153.5,99800.0
3729,37U,42,-6.2,153.70000000000002,100100.0
3730,37U,42,-6.2,153.4,99800.0
3731,37U,42,-5.8,153.6,100200.0
3732,37U,42,-5.7,153.5,99800.0
3733,37U,42,-5.7,153.70000000000002,100100.0
3734,37U,42,-5.9,153.3,99900.0
3735,37U,42,-5.9,153.0,100100.0
3736,37U,42,-6.5,152.5,99700.0
3737,37U,42,-7.4,152.3,99800.0
3738,37U,42,-8.700000000000001,151.8,99500.0
3739,37U,42,,,
3740,37U,42,,,
3741,37U,42,,,
3742,37U,42,,,
3743,37U,42,,,
3744,37U,42,,,
3745,37U,42,,,
3746,37U,42,,,
3747,37U,42,,,
3748,37U,42,,,
3749,37U,42,,,
3750,37U,42,,,
3751,37U,42,,,
3752,37U,42,,,
3753,37U,42,,,
3754,37U,42,,,
3755,37U,42,,,
3756,37U,42,,,
3757,37U,42,,,
3758,37U,42,,,
3759,37U,42,,,
3760,37U,43,-7.9,154.1,94600.0
3761,37U,43,-7.7,154.1,95900.0
3762,37U,43,-7.5,154.3,95600.0
3763,37U,43,-7.6000000000000005,154.6,96800.0
3764,37U,43,-7.9,154.70000000000002,97400.0
3765,37U,43,-8.1,154.70000000000002,98100.0
3766,37U,43,-8.3,154.6,98000.0
3767,37U,43,-8.5,154.4,98500.0
3768,37U,43,-8.700000000000001,154.1,98300.0
3769,37U,43,-8.6,153.5,98600.0
3770,37U,43,-8.6,153.3,99000.0
3771,37U,43,-8.8,153.0,99500.0
3772,37U,43,-9.3,152.4,99800.0
3773,37U,43,,,
3774,37U,43,,,
3775,37U,43,,,
3776,37U,43,,,
3777,37U,43,,,
3778,37U,43,,,
3779,37U,43,,,
3780,37U,43,,,
3781,37U,43,,,
3782,37U,43,,,
3783,37U,43,,,
3784,37U,43,,,
3785,37U,43,,,
3786,37U,43,,,
3787,37U,43,,,
3788,37U,43,,,
3789,37U,43,,,
3790,37U,43,,,
3791,37U,43,,,
3792,37U,43,,,
3793,37U,43,,,
3794,37U,43,,,
3795,37U,43,,,
3796,37U,43,,,
3797,37U,43,,,
3798,37U,43,,,
3799,37U,43,,,
3800,37U,44,-8.5,153.9,96400.0
3801,37U,44,-8.2,153.6,97100.0
3802,37U,44,-8.1,153.6,97400.0
3803,37U,44,-8.3,153.70000000000002,97800.0
3804,37U,44,-8.5,153.9,98200.0
3805,37U,44,-8.9,153.9,99200.0
3806,37U,44,-9.3,153.9,99300.0
3807,37U,44,-10.200000000000001,153.8,99900.0
3808,37U,44,-10.5,153.20000000000002,99800.0
3809,37U,44,-11.0,152.5,100200.0
3810,37U,44,,,
3811,37U,44,-11.5,149.70000000000002,100500.0
3812,37U,44,-10.9,147.6,100100.0
3813,37U,44,-10.200000000000001,147.20000000000002,100300.0
3814,37U,44,-11.0,146.3,100000.0
3815,37U,44,-11.5,145.20000000000002,100300.0
3816,37U,44,-11.1,144.3,100000.0
3817,37U,44,-10.200000000000001,142.8,100200.0
3818,37U,44,-10.200000000000001,141.70000000000002,99700.0
3819,37U,44,-10.5,141.20000000000002,99900.0
3820,37U,44,-10.700000000000001,140.3,99400.0
3821,37U,44,-10.700000000000001,139.5,99600.0
3822,37U,44,-11.0,138.5,99000.0
3823,37U,44,-11.1,137.6,99200.0
3824,37U,44,-11.1,136.3,98600.0
3825,37U,44,-10.700000000000001,135.6,98900.0
3826,37U,44,-10.6,135.1,98400.0
3827,37U,44,-10.700000000000001,134.8,98600.0
3828,37U,44,-11.200000000000001,134.5,98200.0
3829,37U,44,-11.8,134.0,98900.0
3830,37U,44,-12.200000000000001,133.5,99200.0
3831,37U,44,-13.1,132.5,99800.0
3832,37U,44,-13.5,131.7,99600.0
3833,37U,44,-13.8,131.0,99600.0
3834,37U,44,-14.200000000000001,130.0,99400.0
3835,37U,44,-14.5,129.4,99600.0
3836,37U,44,-14.8,128.3,99100.0
3837,37U,44,-14.8,127.5,99100.0
3838,37U,44,-15.0,126.7,99200.0
3839,37U,44,-15.6,125.5,99700.0
3840,37U,45,-8.0,153.70000000000002,95800.0
3841,37U,45,-8.0,153.5,96800.0
3842,37U,45,-8.4,153.3,97100.0
3843,37U,45,-8.9,153.0,98200.0
3844,37U,45,-10.1,153.0,98400.0
3845,37U,45,-11.4,151.8,98800.0
3846,37U,45,-12.1,150.8,99100.0
3847,37U,45,-12.4,149.9,99100.0
3848,37U,45,-13.1,149.20000000000002,99200.0
3849,37U,45,-13.5,148.20000000000002,99000.0
3850,37U,45,-13.5,146.9,98800.0
3851,37U,45,-13.5,145.8,98800.0
3852,37U,45,-13.6,145.1,98400.0
3853,37U,45,-13.9,144.20000000000002,98700.0
3854,37U,45,-14.3,143.0,99000.0
3855,37U,45,-14.700000000000001,141.6,99900.0
3856,37U,45,-15.200000000000001,140.5,99600.0
3857,37U,45,-15.200000000000001,139.8,99700.0
3858,37U,45,-15.4,139.1,99500.0
3859,37U,45,-15.700000000000001,138.5,100000.0
3860,37U,45,-16.0,137.6,100000.0
3861,37U,45,-16.4,136.8,100700.0
3862,37U,45,-16.6,135.9,100600.0
3863,37U,45,,,
3864,37U,45,,,
3865,37U,45,,,
3866,37U,45,,,
3867,37U,45,,,
3868,37U,45,,,
3869,37U,45,,,
3870,37U,45,,,
3871,37U,45,,,
3872,37U,45,,,
3873,37U,45,,,
3874,37U,45,,,
3875,37U,45,,,
3876,37U,45,,,
3877,37U,45,,,
3878,37U,45,,,
3879,37U,45,,,
3880,37U,46,-8.2,153.6,97800.0
3881,37U,46,-7.8,153.8,98500.0
3882,37U,46,-7.6000000000000005,154.1,98500.0
3883,37U,46,-7.6000000000000005,154.70000000000002,98700.0
3884,37U,46,-7.7,155.20000000000002,98700.0
3885,37U,46,-8.1,155.8,99100.0
3886,37U,46,-9.1,155.8,98900.0
3887,37U,46,-9.6,155.6,99300.0
3888,37U,46,-10.1,155.6,99200.0
3889,37U,46,-10.8,154.8,99700.0
3890,37U,46,-10.5,153.20000000000002,99500.0
3891,37U,46,-10.0,152.5,99100.0
3892,37U,46,-10.9,152.3,99500.0
3893,37U,46,-11.3,151.6,99900.0
3894,37U,46,-12.1,150.8,99600.0
3895,37U,46,-12.700000000000001,149.4,100000.0
3896,37U,46,-12.5,148.20000000000002,99500.0
3897,37U,46,-12.8,148.0,99700.0
3898,37U,46,-13.5,146.70000000000002,99500.0
3899,37U,46,-13.6,145.3,99500.0
3900,37U,46,-13.6,144.4,99400.0
3901,37U,46,-14.1,143.9,100000.0
3902,37U,46,-14.9,142.8,99900.0
3903,37U,46,-15.4,141.6,100500.0
3904,37U,46,-15.8,141.0,100300.0
3905,37U,46,-16.0,140.1,100600.0
3906,37U,46,-16.1,139.6,100400.0
3907,37U,46,-16.6,139.20000000000002,100600.0
3908,37U,46,-16.9,138.5,100300.0
3909,37U,46,-17.8,140.4,100600.0
3910,37U,46,,,
3911,37U,46,-17.2,140.3,100700.0
3912,37U,46,,,
3913,37U,46,,,
3914,37U,46,,,
3915,37U,46,,,
3916,37U,46,,,
3917,37U,46,,,
3918,37U,46,,,
3919,37U,46,,,
3920,37U,47,-7.7,156.20000000000002,99200.0
3921,37U,47,-7.9,156.1,99300.0
3922,37U,47,-8.4,155.9,99100.0
3923,37U,47,-8.8,155.1,99300.0
3924,37U,47,-9.8,154.8,99100.0
3925,37U,47,-9.9,154.3,99400.0
3926,37U,47,-10.5,153.20000000000002,99200.0
3927,37U,47,-10.700000000000001,153.3,99300.0
3928,37U,47,-11.4,152.70000000000002,99200.0
3929,37U,47,-11.9,152.0,99700.0
3930,37U,47,-12.4,151.5,99500.0
3931,37U,47,-13.200000000000001,150.70000000000002,99900.0
3932,37U,47,-13.5,149.3,99800.0
3933,37U,47,-13.3,148.0,100000.0
3934,37U,47,-12.8,146.3,99500.0
3935,37U,47,-13.0,145.20000000000002,99700.0
3936,37U,47,-13.0,144.20000000000002,99100.0
3937,37U,47,-13.6,143.1,99500.0
3938,37U,47,-14.0,141.70000000000002,99500.0
3939,37U,47,-14.5,140.5,99900.0
3940,37U,47,-15.0,139.70000000000002,99300.0
3941,37U,47,-15.200000000000001,139.20000000000002,99400.0
3942,37U,47,-15.9,138.5,99000.0
3943,37U,47,-16.4,137.8,99700.0
3944,37U,47,-16.8,137.3,100200.0
3945,37U,47,-16.9,137.0,100700.0
3946,37U,47,,,
3947,37U,47,,,
3948,37U,47,,,
3949,37U,47,,,
3950,37U,47,,,
3951,37U,47,,,
3952,37U,47,,,
3953,37U,47,,,
3954,37U,47,,,
3955,37U,47,,,
3956,37U,47,,,
3957,37U,47,,,
3958,37U,47,,,
3959,37U,47,,,
3960,37U,48,-10.0,154.3,98700.0
3961,37U,48,-9.8,153.9,99200.0
3962,37U,48,-9.6,154.1,99300.0
3963,37U,48,-10.6,152.20000000000002,99600.0
3964,37U,48,-10.5,153.0,99300.0
3965,37U,48,-10.4,153.20000000000002,99600.0
3966,37U,48,-10.4,154.0,99600.0
3967,37U,48,-10.5,154.5,100100.0
3968,37U,48,-11.3,155.3,99800.0
3969,37U,48,-11.6,154.8,100100.0
3970,37U,48,,,
3971,37U,48,,,
3972,37U,48,-12.4,154.1,99700.0
3973,37U,48,-13.3,153.3,100100.0
3974,37U,48,,,
3975,37U,48,-14.4,152.4,100200.0
3976,37U,48,-15.1,151.70000000000002,100000.0
3977,37U,48,,,
3978,37U,48,,,
3979,37U,48,-15.700000000000001,148.5,100500.0
3980,37U,48,-15.700000000000001,148.1,100200.0
3981,37U,48,-16.3,147.6,100600.0
3982,37U,48,-17.1,146.9,100400.0
3983,37U,48,,,
3984,37U,48,-16.5,144.20000000000002,100500.0
3985,37U,48,,,
3986,37U,48,,,
3987,37U,48,,,
3988,37U,48,,,
3989,37U,48,,,
3990,37U,48,,,
3991,37U,48,,,
3992,37U,48,,,
3993,37U,48,,,
3994,37U,48,,,
3995,37U,48,,,
3996,37U,48,,,
3997,37U,48,,,
3998,37U,48,,,
3999,37U,48,,,
4000,37U,49,-9.0,154.20000000000002,98200.0
4001,37U,49,-8.700000000000001,153.70000000000002,99400.0
4002,37U,49,-8.6,153.4,99500.0
4003,37U,49,-8.9,153.20000000000002,100000.0
4004,37U,49,-8.9,153.4,99700.0
4005,37U,49,-8.9,153.9,100300.0
4006,37U,49,-9.3,154.20000000000002,100100.0
4007,37U,49,-8.8,154.1,100500.0
4008,37U,49,-9.0,155.1,100100.0
4009,37U,49,-9.0,154.1,100500.0
4010,37U,49,,,
4011,37U,49,-9.3,154.6,100600.0
4012,37U,49,,,
4013,37U,49,-8.9,154.4,100700.0
4014,37U,49,,,
4015,37U,49,,,
4016,37U,49,,,
4017,37U,49,,,
4018,37U,49,,,
4019,37U,49,,,
4020,37U,49,,,
4021,37U,49,,,
4022,37U,49,,,
4023,37U,49,,,
4024,37U,49,,,
4025,37U,49,,,
4026,37U,49,,,
4027,37U,49,,,
4028,37U,49,,,
4029,37U,49,,,
4030,37U,49,,,
4031,37U,49,,,
4032,37U,49,,,
4033,37U,49,,,
4034,37U,49,,,
4035,37U,49,,,
4036,37U,49,,,
4037,37U,49,,,
4038,37U,49,,,
4039,37U,49,,,
4040,37U,50,-8.2,153.6,96600.0
4041,37U,50,-8.2,153.4,98200.0
4042,37U,50,-8.4,153.20000000000002,98300.0
4043,37U,50,-8.4,153.1,98800.0
4044,37U,50,-8.6,153.3,98900.0
4045,37U,50,-8.6,153.4,99400.0
4046,37U,50,-9.1,153.4,99500.0
4047,37U,50,-9.6,153.0,99900.0
4048,37U,50,-9.8,152.9,99800.0
4049,37U,50,-10.200000000000001,152.6,99800.0
4050,37U,50,-10.4,152.4,99900.0
4051,37U,50,-10.200000000000001,152.5,100500.0
4052,37U,50,-9.8,152.20000000000002,100300.0
4053,37U,50,,,
4054,37U,50,,,
4055,37U,50,,,
4056,37U,50,,,
4057,37U,50,,,
4058,37U,50,,,
4059,37U,50,,,
4060,37U,50,,,
4061,37U,50,,,
4062,37U,50,,,
4063,37U,50,,,
4064,37U,50,,,
4065,37U,50,,,
4066,37U,50,,,
4067,37U,50,,,
4068,37U,50,,,
4069,37U,50,,,
4070,37U,50,,,
4071,37U,50,,,
4072,37U,50,,,
4073,37U,50,,,
4074,37U,50,,,
4075,37U,50,,,
4076,37U,50,,,
4077,37U,50,,,
4078,37U,50,,,
4079,37U,50,,,
4080,37U,51,-8.3,154.1,97700.0
4081,37U,51,-8.1,154.1,98200.0
4082,37U,51,-7.8,154.0,98600.0
4083,37U,51,-7.9,154.0,98900.0
4084,37U,51,-7.9,154.1,98800.0
4085,37U,51,-8.3,154.0,99000.0
4086,37U,51,-8.6,153.6,98100.0
4087,37U,51,-8.6,153.3,99100.0
4088,37U,51,-8.8,153.0,98900.0
4089,37U,51,-8.9,152.70000000000002,99500.0
4090,37U,51,-9.200000000000001,152.20000000000002,99400.0
4091,37U,51,-9.5,151.9,100100.0
4092,37U,51,,,
4093,37U,51,,,
4094,37U,51,,,
4095,37U,51,,,
4096,37U,51,,,
4097,37U,51,,,
4098,37U,51,,,
4099,37U,51,,,
4100,37U,51,,,
4101,37U,51,,,
4102,37U,51,,,
4103,37U,51,,,
4104,37U,51,,,
4105,37U,51,,,
4106,37U,51,,,
4107,37U,51,,,
4108,37U,51,,,
4109,37U,51,,,
4110,37U,51,,,
4111,37U,51,,,
4112,37U,51,,,
4113,37U,51,,,
4114,37U,51,,,
4115,37U,51,,,
4116,37U,51,,,
4117,37U,51,,,
4118,37U,51,,,
4119,37U,51,,,
4120,37U,52,-8.3,154.1,97700.0
4121,37U,52,-8.1,154.1,98200.0
4122,37U,52,-7.8,154.0,98600.0
4123,37U,52,-7.9,154.0,98900.0
4124,37U,52,-7.9,154.1,98800.0
4125,37U,52,-8.3,154.0,99000.0
4126,37U,52,-8.6,153.6,98100.0
4127,37U,52,-8.6,153.3,99100.0
4128,37U,52,-8.8,153.0,98900.0
4129,37U,52,-8.9,152.70000000000002,99500.0
4130,37U,52,-9.200000000000001,152.20000000000002,99400.0
4131,37U,52,-9.5,151.9,100100.0
4132,37U,52,,,
4133,37U,52,,,
4134,37U,52,,,
4135,37U,52,,,
4136,37U,52,,,
4137,37U,52,,,
4138,37U,52,,,
4139,37U,52,,,
4140,37U,52,,,
4141,37U,52,,,
4142,37U,52,,,
4143,37U,52,,,
4144,37U,52,,,
4145,37U,52,,,
4146,37U,52,,,
4147,37U,52,,,
4148,37U,52,,,
4149,37U,52,,,
4150,37U,52,,,
4151,37U,52,,,
4152,37U,52,,,
4153,37U,52,,,
4154,37U,52,,,
4155,37U,52,,,
4156,37U,52,,,
4157,37U,52,,,
4158,37U,52,,,
4159,37U,52,,,
4160,70W,1,7.3,152.0,98400.0
4161,70W,1,8.1,152.5,98800.0
4162,70W,1,8.6,152.20000000000002,98600.0
4163,70W,1,8.6,152.20000000000002,98700.0
4164,70W,1,9.3,151.8,98400.0
4165,70W,1,9.3,151.1,98300.0
4166,70W,1,9.4,150.8,97900.0
4167,70W,1,9.5,150.4,98200.0
4168,70W,1,9.8,149.9,97800.0
4169,70W,1,10.200000000000001,149.3,97900.0
4170,70W,1,10.5,148.70000000000002,97500.0
4171,70W,1,10.700000000000001,148.4,97600.0
4172,70W,1,11.200000000000001,148.20000000000002,97400.0
4173,70W,1,11.700000000000001,147.70000000000002,97800.0
4174,70W,1,11.9,147.1,97700.0
4175,70W,1,12.1,146.6,98000.0
4176,70W,1,12.3,146.3,97600.0
4177,70W,1,12.4,146.0,97800.0
4178,70W,1,12.5,145.8,97600.0
4179,70W,1,12.6,145.6,97900.0
4180,70W,1,12.700000000000001,145.1,97500.0
4181,70W,1,12.8,144.70000000000002,97800.0
4182,70W,1,13.0,144.20000000000002,97400.0
4183,70W,1,13.3,143.5,97500.0
4184,70W,1,13.8,142.5,97100.0
4185,70W,1,13.9,141.8,96900.0
4186,70W,1,14.4,141.0,96500.0
4187,70W,1,14.700000000000001,140.20000000000002,96600.0
4188,70W,1,15.3,139.4,96100.0
4189,70W,1,15.700000000000001,138.70000000000002,95900.0
4190,70W,1,16.4,138.1,95600.0
4191,70W,1,17.0,137.3,95900.0
4192,70W,1,17.8,136.8,95600.0
4193,70W,1,18.5,136.6,95800.0
4194,70W,1,19.0,136.4,95600.0
4195,70W,1,19.900000000000002,136.4,96100.0
4196,70W,1,20.900000000000002,136.8,96100.0
4197,70W,1,21.8,137.6,96500.0
4198,70W,1,22.6,138.5,96600.0
4199,70W,1,23.2,139.70000000000002,97100.0
4200,70W,2,7.9,151.20000000000002,98100.0
4201,70W,2,7.4,151.0,98300.0
4202,70W,2,7.3,151.5,97600.0
4203,70W,2,7.5,151.9,98100.0
4204,70W,2,7.7,152.20000000000002,97700.0
4205,70W,2,7.9,152.0,97700.0
4206,70W,2,8.1,151.8,97600.0
4207,70W,2,8.5,151.70000000000002,97500.0
4208,70W,2,8.9,151.70000000000002,96800.0
4209,70W,2,9.5,151.5,96600.0
4210,70W,2,10.0,151.1,96300.0
4211,70W,2,10.700000000000001,150.5,95400.0
4212,70W,2,11.200000000000001,149.8,95800.0
4213,70W,2,11.5,149.1,95900.0
4214,70W,2,12.0,148.5,95500.0
4215,70W,2,12.6,148.0,95500.0
4216,70W,2,13.3,147.3,95600.0
4217,70W,2,13.8,146.6,95600.0
4218,70W,2,14.5,146.0,95200.0
4219,70W,2,15.200000000000001,145.4,95500.0
4220,70W,2,15.9,144.70000000000002,95300.0
4221,70W,2,16.4,144.0,95500.0
4222,70W,2,16.9,143.4,95700.0
4223,70W,2,17.5,142.8,96100.0
4224,70W,2,18.3,142.5,95900.0
4225,70W,2,19.0,142.4,96400.0
4226,70W,2,19.5,142.4,96700.0
4227,70W,2,20.2,142.5,97200.0
4228,70W,2,21.1,142.6,97200.0
4229,70W,2,22.0,142.9,97800.0
4230,70W,2,22.8,143.5,97900.0
4231,70W,2,23.2,143.9,98300.0
4232,70W,2,24.3,144.4,98300.0
4233,70W,2,24.900000000000002,145.20000000000002,98800.0
4234,70W,2,26.0,146.3,98700.0
4235,70W,2,27.400000000000002,148.0,98800.0
4236,70W,2,28.0,150.3,98800.0
4237,70W,2,28.8,153.3,99100.0
4238,70W,2,,,
4239,70W,2,30.8,160.6,97600.0
4240,70W,3,7.6000000000000005,150.3,98000.0
4241,70W,3,7.1000000000000005,150.20000000000002,98100.0
4242,70W,3,7.3,150.9,97600.0
4243,70W,3,7.9,151.3,97200.0
4244,70W,3,8.6,151.1,96700.0
4245,70W,3,8.8,150.5,96200.0
4246,70W,3,9.1,150.3,95200.0
4247,70W,3,9.5,149.9,94600.0
4248,70W,3,10.1,149.5,95200.0
4249,70W,3,10.700000000000001,148.9,95600.0
4250,70W,3,11.200000000000001,148.20000000000002,95000.0
4251,70W,3,11.700000000000001,147.5,94500.0
4252,70W,3,12.1,146.8,93800.0
4253,70W,3,12.6,146.1,94300.0
4254,70W,3,13.200000000000001,145.4,94000.0
4255,70W,3,13.6,144.9,94700.0
4256,70W,3,14.200000000000001,144.4,94900.0
4257,70W,3,14.700000000000001,144.1,95300.0
4258,70W,3,15.1,143.5,95000.0
4259,70W,3,15.5,143.0,95000.0
4260,70W,3,16.1,142.3,94800.0
4261,70W,3,16.4,141.9,95100.0
4262,70W,3,16.8,141.5,95200.0
4263,70W,3,17.3,141.1,95700.0
4264,70W,3,17.8,140.6,95600.0
4265,70W,3,18.5,140.4,95900.0
4266,70W,3,19.2,139.9,96100.0
4267,70W,3,19.900000000000002,139.70000000000002,96500.0
4268,70W,3,20.7,139.6,96400.0
4269,70W,3,21.6,139.9,96700.0
4270,70W,3,22.6,140.20000000000002,96700.0
4271,70W,3,23.6,140.6,97000.0
4272,70W,3,24.6,141.3,97000.0
4273,70W,3,25.6,142.5,97500.0
4274,70W,3,26.7,144.0,97800.0
4275,70W,3,28.0,145.5,98300.0
4276,70W,3,29.2,147.70000000000002,98600.0
4277,70W,3,30.3,150.3,98900.0
4278,70W,3,32.0,153.9,98900.0
4279,70W,3,,,
4280,70W,4,7.8,151.8,98100.0
4281,70W,4,8.1,151.8,97900.0
4282,70W,4,8.3,151.8,97000.0
4283,70W,4,8.6,152.1,96900.0
4284,70W,4,8.6,152.3,96500.0
4285,70W,4,9.0,152.20000000000002,96900.0
4286,70W,4,9.5,151.9,96200.0
4287,70W,4,10.0,151.4,96700.0
4288,70W,4,10.5,150.70000000000002,96300.0
4289,70W,4,10.700000000000001,149.9,95000.0
4290,70W,4,11.4,149.20000000000002,94900.0
4291,70W,4,12.1,148.70000000000002,95000.0
4292,70W,4,12.6,147.6,94700.0
4293,70W,4,12.8,146.6,95000.0
4294,70W,4,13.3,145.5,94700.0
4295,70W,4,13.200000000000001,144.9,94700.0
4296,70W,4,13.5,144.20000000000002,94200.0
4297,70W,4,13.6,143.70000000000002,94400.0
4298,70W,4,13.6,143.4,94200.0
4299,70W,4,13.8,142.9,94700.0
4300,70W,4,14.0,142.8,94500.0
4301,70W,4,14.0,142.5,94900.0
4302,70W,4,14.3,142.4,94800.0
4303,70W,4,15.0,142.4,95500.0
4304,70W,4,15.5,142.5,95500.0
4305,70W,4,16.1,142.70000000000002,96000.0
4306,70W,4,16.5,142.5,96300.0
4307,70W,4,17.1,142.6,96800.0
4308,70W,4,17.6,142.3,96800.0
4309,70W,4,18.1,142.3,97300.0
4310,70W,4,18.6,141.4,97200.0
4311,70W,4,19.5,141.4,97500.0
4312,70W,4,20.3,141.1,97400.0
4313,70W,4,21.2,141.6,97600.0
4314,70W,4,22.3,141.5,97500.0
4315,70W,4,23.8,142.3,97900.0
4316,70W,4,24.400000000000002,143.3,98000.0
4317,70W,4,25.1,143.8,98200.0
4318,70W,4,25.5,145.1,98300.0
4319,70W,4,25.3,145.8,98900.0
4320,70W,5,7.9,151.9,98000.0
4321,70W,5,8.4,152.0,98200.0
4322,70W,5,8.6,151.6,97200.0
4323,70W,5,8.9,152.0,97500.0
4324,70W,5,9.200000000000001,151.6,96900.0
4325,70W,5,9.6,151.5,96900.0
4326,70W,5,9.5,150.8,96300.0
4327,70W,5,10.0,150.3,95800.0
4328,70W,5,10.200000000000001,149.6,94500.0
4329,70W,5,10.700000000000001,149.1,94600.0
4330,70W,5,11.4,148.0,94600.0
4331,70W,5,11.700000000000001,146.9,94900.0
4332,70W,5,12.200000000000001,146.1,94300.0
4333,70W,5,12.6,145.3,94300.0
4334,70W,5,13.1,144.6,94000.0
4335,70W,5,13.8,143.9,93900.0
4336,70W,5,14.200000000000001,143.20000000000002,93200.0
4337,70W,5,14.6,142.9,93300.0
4338,70W,5,14.8,142.5,93100.0
4339,70W,5,15.200000000000001,142.1,93800.0
4340,70W,5,15.5,141.8,94100.0
4341,70W,5,15.700000000000001,141.5,94600.0
4342,70W,5,16.2,141.0,94600.0
4343,70W,5,16.2,140.4,94600.0
4344,70W,5,16.6,140.1,94300.0
4345,70W,5,16.8,139.70000000000002,94400.0
4346,70W,5,17.1,139.3,94500.0
4347,70W,5,17.400000000000002,139.0,95100.0
4348,70W,5,18.0,138.5,95100.0
4349,70W,5,18.400000000000002,138.20000000000002,95700.0
4350,70W,5,19.0,138.0,96000.0
4351,70W,5,19.7,137.70000000000002,96200.0
4352,70W,5,20.7,137.9,96200.0
4353,70W,5,21.7,138.4,96500.0
4354,70W,5,23.0,139.20000000000002,96500.0
4355,70W,5,23.8,140.6,96900.0
4356,70W,5,24.8,142.1,97000.0
4357,70W,5,25.6,144.0,97800.0
4358,70W,5,26.1,146.20000000000002,98200.0
4359,70W,5,26.8,148.4,98700.0
4360,70W,6,6.7,151.1,98300.0
4361,70W,6,6.9,152.5,98600.0
4362,70W,6,7.4,152.3,97700.0
4363,70W,6,7.9,152.70000000000002,97700.0
4364,70W,6,8.5,152.3,96600.0
4365,70W,6,8.6,152.0,97400.0
4366,70W,6,8.8,151.70000000000002,97000.0
4367,70W,6,8.6,151.5,97300.0
4368,70W,6,9.200000000000001,151.3,96700.0
4369,70W,6,9.6,150.9,96500.0
4370,70W,6,10.200000000000001,150.8,95800.0
4371,70W,6,10.8,150.1,95600.0
4372,70W,6,11.4,149.6,95000.0
4373,70W,6,12.1,149.0,95200.0
4374,70W,6,12.6,148.3,95000.0
4375,70W,6,13.3,147.8,94900.0
4376,70W,6,14.0,147.3,94300.0
4377,70W,6,14.6,146.8,94800.0
4378,70W,6,15.200000000000001,146.3,95200.0
4379,70W,6,15.700000000000001,145.9,95400.0
4380,70W,6,16.2,145.4,95000.0
4381,70W,6,16.4,145.0,94900.0
4382,70W,6,17.1,144.70000000000002,94600.0
4383,70W,6,17.400000000000002,144.70000000000002,94900.0
4384,70W,6,18.1,144.8,94600.0
4385,70W,6,18.5,145.3,95100.0
4386,70W,6,19.1,145.70000000000002,95200.0
4387,70W,6,19.5,146.3,95800.0
4388,70W,6,20.2,146.4,95900.0
4389,70W,6,20.6,146.9,96200.0
4390,70W,6,21.0,147.4,96500.0
4391,70W,6,21.400000000000002,147.20000000000002,97100.0
4392,70W,6,21.6,147.0,97300.0
4393,70W,6,22.1,146.8,98000.0
4394,70W,6,22.6,146.4,98100.0
4395,70W,6,23.1,146.3,98700.0
4396,70W,6,24.1,146.20000000000002,98800.0
4397,70W,6,24.900000000000002,146.3,99200.0
4398,70W,6,25.7,146.6,99200.0
4399,70W,6,26.5,147.20000000000002,99500.0
4400,70W,7,7.8,152.0,97900.0
4401,70W,7,8.4,151.9,98400.0
4402,70W,7,8.4,151.6,97900.0
4403,70W,7,8.6,151.5,97800.0
4404,70W,7,9.1,151.70000000000002,97500.0
4405,70W,7,9.4,151.4,97800.0
4406,70W,7,9.9,151.1,97500.0
4407,70W,7,10.3,150.4,97500.0
4408,70W,7,10.8,150.0,97200.0
4409,70W,7,11.4,149.20000000000002,97400.0
4410,70W,7,11.700000000000001,148.1,97200.0
4411,70W,7,11.9,147.3,97300.0
4412,70W,7,12.5,146.3,96800.0
4413,70W,7,12.8,145.6,96800.0
4414,70W,7,13.4,144.9,96400.0
4415,70W,7,13.9,144.20000000000002,96500.0
4416,70W,7,14.3,143.70000000000002,96100.0
4417,70W,7,14.700000000000001,143.3,96200.0
4418,70W,7,15.1,142.9,96100.0
4419,70W,7,15.3,142.5,96300.0
4420,70W,7,15.6,142.1,96000.0
4421,70W,7,15.700000000000001,141.8,96200.0
4422,70W,7,16.0,141.4,96100.0
4423,70W,7,16.3,141.1,96500.0
4424,70W,7,16.7,140.6,96300.0
4425,70W,7,17.0,140.3,96500.0
4426,70W,7,17.400000000000002,139.9,96500.0
4427,70W,7,17.400000000000002,139.4,96900.0
4428,70W,7,18.0,138.9,96700.0
4429,70W,7,18.400000000000002,138.6,96700.0
4430,70W,7,19.1,138.3,96900.0
4431,70W,7,20.0,138.1,97100.0
4432,70W,7,20.900000000000002,138.0,96800.0
4433,70W,7,21.2,138.4,97100.0
4434,70W,7,22.1,138.6,97300.0
4435,70W,7,23.400000000000002,139.5,97700.0
4436,70W,7,24.3,140.4,97700.0
4437,70W,7,25.1,141.4,98100.0
4438,70W,7,26.1,142.5,98200.0
4439,70W,7,26.6,143.6,98800.0
4440,70W,8,7.6000000000000005,152.20000000000002,98100.0
4441,70W,8,7.9,152.9,98400.0
4442,70W,8,8.6,152.5,98100.0
4443,70W,8,9.0,152.4,98100.0
4444,70W,8,9.8,152.0,97800.0
4445,70W,8,10.1,151.3,97900.0
4446,70W,8,10.5,150.6,97600.0
4447,70W,8,11.0,150.0,97700.0
4448,70W,8,11.6,149.5,97400.0
4449,70W,8,12.200000000000001,148.5,97600.0
4450,70W,8,12.6,147.3,97400.0
4451,70W,8,13.0,146.1,97800.0
4452,70W,8,13.3,145.20000000000002,97700.0
4453,70W,8,13.700000000000001,144.4,98000.0
4454,70W,8,14.0,143.3,97900.0
4455,70W,8,14.200000000000001,142.4,98100.0
4456,70W,8,14.4,141.8,97700.0
4457,70W,8,14.4,141.1,97700.0
4458,70W,8,14.3,140.4,97200.0
4459,70W,8,14.0,140.0,97100.0
4460,70W,8,14.3,139.3,96900.0
4461,70W,8,14.4,138.6,97000.0
4462,70W,8,14.5,137.8,96600.0
4463,70W,8,14.700000000000001,136.9,96600.0
4464,70W,8,15.200000000000001,135.9,96000.0
4465,70W,8,15.0,135.4,95500.0
4466,70W,8,15.1,134.1,94900.0
4467,70W,8,15.200000000000001,133.3,94300.0
4468,70W,8,15.4,132.3,93500.0
4469,70W,8,15.700000000000001,131.5,93100.0
4470,70W,8,16.1,130.7,93200.0
4471,70W,8,16.2,130.0,93300.0
4472,70W,8,16.9,129.2,92900.0
4473,70W,8,17.3,128.6,93300.0
4474,70W,8,17.8,128.0,94000.0
4475,70W,8,18.3,127.5,94800.0
4476,70W,8,19.400000000000002,127.10000000000001,94900.0
4477,70W,8,20.400000000000002,127.10000000000001,95500.0
4478,70W,8,21.7,127.4,95600.0
4479,70W,8,23.0,128.2,95900.0
4480,70W,9,8.8,150.3,98700.0
4481,70W,9,8.6,149.8,98700.0
4482,70W,9,8.4,150.1,98100.0
4483,70W,9,8.9,150.1,97900.0
4484,70W,9,9.6,149.5,97500.0
4485,70W,9,9.8,148.9,97600.0
4486,70W,9,10.5,148.4,96900.0
4487,70W,9,11.0,147.4,96700.0
4488,70W,9,11.4,146.20000000000002,96300.0
4489,70W,9,11.6,145.20000000000002,96300.0
4490,70W,9,11.8,144.3,95900.0
4491,70W,9,12.4,143.20000000000002,96100.0
4492,70W,9,12.8,142.20000000000002,95500.0
4493,70W,9,13.200000000000001,141.1,95200.0
4494,70W,9,13.4,140.4,94500.0
4495,70W,9,13.6,139.70000000000002,94800.0
4496,70W,9,14.0,139.3,94600.0
4497,70W,9,14.1,139.0,94900.0
4498,70W,9,14.3,138.6,94900.0
4499,70W,9,14.4,138.3,95200.0
4500,70W,9,14.700000000000001,138.0,95300.0
4501,70W,9,14.9,137.6,95700.0
4502,70W,9,15.200000000000001,137.1,95500.0
4503,70W,9,15.3,136.6,95700.0
4504,70W,9,15.6,136.0,95300.0
4505,70W,9,15.9,135.4,94700.0
4506,70W,9,16.2,135.0,94000.0
4507,70W,9,16.8,134.3,93900.0
4508,70W,9,17.7,133.9,93400.0
4509,70W,9,18.400000000000002,133.7,93700.0
4510,70W,9,19.2,133.5,94100.0
4511,70W,9,20.2,133.6,94700.0
4512,70W,9,21.6,134.2,94700.0
4513,70W,9,22.900000000000002,135.1,95200.0
4514,70W,9,24.5,136.6,95400.0
4515,70W,9,25.8,138.3,95800.0
4516,70W,9,27.1,141.1,96100.0
4517,70W,9,28.6,144.4,96700.0
4518,70W,9,30.5,147.70000000000002,97100.0
4519,70W,9,33.0,151.5,97400.0
4520,70W,10,8.0,151.1,98000.0
4521,70W,10,7.6000000000000005,150.5,98200.0
4522,70W,10,7.6000000000000005,150.6,97700.0
4523,70W,10,7.6000000000000005,151.1,97900.0
4524,70W,10,7.9,151.3,97500.0
4525,70W,10,8.1,151.8,98000.0
4526,70W,10,8.6,152.0,98200.0
4527,70W,10,9.200000000000001,152.20000000000002,98600.0
4528,70W,10,9.5,152.1,98200.0
4529,70W,10,10.200000000000001,151.5,98600.0
4530,70W,10,11.0,150.9,98500.0
4531,70W,10,11.3,149.8,97100.0
4532,70W,10,12.0,149.20000000000002,97600.0
4533,70W,10,12.200000000000001,148.3,97100.0
4534,70W,10,12.6,147.70000000000002,96200.0
4535,70W,10,12.9,147.4,96700.0
4536,70W,10,13.5,147.3,96400.0
4537,70W,10,14.3,147.0,96700.0
4538,70W,10,15.0,146.6,96600.0
4539,70W,10,15.700000000000001,146.3,97000.0
4540,70W,10,16.4,145.70000000000002,96800.0
4541,70W,10,16.7,144.9,96900.0
4542,70W,10,17.0,144.4,96800.0
4543,70W,10,17.5,144.0,97000.0
4544,70W,10,18.1,143.5,96800.0
4545,70W,10,18.6,143.0,97000.0
4546,70W,10,19.2,142.6,97000.0
4547,70W,10,19.8,142.0,97300.0
4548,70W,10,20.7,141.3,97200.0
4549,70W,10,21.6,140.70000000000002,97400.0
4550,70W,10,22.6,140.5,97300.0
4551,70W,10,23.8,140.6,97600.0
4552,70W,10,25.2,141.1,97600.0
4553,70W,10,26.400000000000002,142.5,98100.0
4554,70W,10,27.8,144.1,98200.0
4555,70W,10,28.5,146.70000000000002,98900.0
4556,70W,10,29.400000000000002,149.4,99100.0
4557,70W,10,30.900000000000002,153.70000000000002,99500.0
4558,70W,10,,,
4559,70W,10,,,
4560,70W,11,8.4,151.70000000000002,98900.0
4561,70W,11,9.0,151.1,99000.0
4562,70W,11,8.5,151.20000000000002,98600.0
4563,70W,11,8.8,151.1,98700.0
4564,70W,11,8.9,150.8,98400.0
4565,70W,11,9.3,150.8,98700.0
4566,70W,11,9.4,150.4,98400.0
4567,70W,11,9.5,150.1,98600.0
4568,70W,11,9.700000000000001,149.8,98300.0
4569,70W,11,10.700000000000001,149.6,98700.0
4570,70W,11,10.9,148.5,98600.0
4571,70W,11,11.1,147.4,98700.0
4572,70W,11,11.200000000000001,146.9,98200.0
4573,70W,11,11.9,146.1,98100.0
4574,70W,11,12.200000000000001,145.4,97600.0
4575,70W,11,12.6,144.70000000000002,97600.0
4576,70W,11,12.9,144.20000000000002,97300.0
4577,70W,11,12.8,143.8,97400.0
4578,70W,11,12.6,143.5,97000.0
4579,70W,11,12.700000000000001,143.3,97200.0
4580,70W,11,12.6,143.20000000000002,96800.0
4581,70W,11,12.9,143.5,96700.0
4582,70W,11,13.6,143.1,96400.0
4583,70W,11,14.0,142.6,96200.0
4584,70W,11,14.5,142.1,95800.0
4585,70W,11,15.0,141.8,95800.0
4586,70W,11,15.5,141.4,95300.0
4587,70W,11,16.1,140.8,95600.0
4588,70W,11,17.0,140.20000000000002,95100.0
4589,70W,11,17.8,139.9,94900.0
4590,70W,11,18.5,139.5,94800.0
4591,70W,11,19.400000000000002,139.3,94900.0
4592,70W,11,20.7,139.4,94400.0
4593,70W,11,21.8,139.9,94900.0
4594,70W,11,23.2,141.1,95100.0
4595,70W,11,24.7,142.9,95800.0
4596,70W,11,26.900000000000002,145.6,95800.0
4597,70W,11,28.7,149.1,96400.0
4598,70W,11,31.5,153.20000000000002,96600.0
4599,70W,11,35.800000000000004,158.0,96000.0
4600,70W,12,7.7,152.0,97300.0
4601,70W,12,8.4,152.0,97900.0
4602,70W,12,8.6,151.4,97600.0
4603,70W,12,8.700000000000001,151.0,97400.0
4604,70W,12,8.8,150.6,96700.0
4605,70W,12,8.8,150.3,96500.0
4606,70W,12,9.1,150.0,96200.0
4607,70W,12,9.5,149.5,96300.0
4608,70W,12,10.200000000000001,148.9,96100.0
4609,70W,12,10.8,147.8,96300.0
4610,70W,12,11.3,146.8,96000.0
4611,70W,12,11.700000000000001,145.8,96400.0
4612,70W,12,12.4,144.70000000000002,96400.0
4613,70W,12,12.8,143.5,96700.0
4614,70W,12,13.1,142.3,96400.0
4615,70W,12,13.3,141.4,96600.0
4616,70W,12,13.6,140.6,96300.0
4617,70W,12,13.8,140.20000000000002,96500.0
4618,70W,12,14.0,139.4,96300.0
4619,70W,12,13.9,138.70000000000002,96400.0
4620,70W,12,14.0,138.20000000000002,96100.0
4621,70W,12,14.0,137.70000000000002,96200.0
4622,70W,12,14.200000000000001,137.20000000000002,95900.0
4623,70W,12,14.3,136.8,96100.0
4624,70W,12,14.700000000000001,136.5,95900.0
4625,70W,12,14.9,136.0,96000.0
4626,70W,12,15.200000000000001,135.7,96100.0
4627,70W,12,15.5,135.4,96500.0
4628,70W,12,15.9,135.0,96300.0
4629,70W,12,16.4,134.7,96400.0
4630,70W,12,17.3,134.5,96400.0
4631,70W,12,18.1,134.2,96700.0
4632,70W,12,18.900000000000002,134.1,96700.0
4633,70W,12,19.8,134.5,96900.0
4634,70W,12,20.8,135.1,96900.0
4635,70W,12,22.2,136.0,97100.0
4636,70W,12,23.5,137.1,97000.0
4637,70W,12,24.6,138.5,97200.0
4638,70W,12,25.7,140.4,97400.0
4639,70W,12,26.5,141.8,97800.0
4640,70W,13,7.2,150.8,98100.0
4641,70W,13,7.2,151.1,98600.0
4642,70W,13,7.4,151.3,98400.0
4643,70W,13,7.6000000000000005,151.3,98300.0
4644,70W,13,7.8,151.6,98200.0
4645,70W,13,8.1,151.70000000000002,98700.0
4646,70W,13,8.4,151.3,97400.0
4647,70W,13,9.1,151.0,98200.0
4648,70W,13,9.5,150.4,97300.0
4649,70W,13,9.8,150.0,97800.0
4650,70W,13,10.4,149.6,97700.0
4651,70W,13,10.700000000000001,148.70000000000002,97800.0
4652,70W,13,10.8,148.0,97000.0
4653,70W,13,11.200000000000001,147.70000000000002,97300.0
4654,70W,13,11.8,147.1,96600.0
4655,70W,13,11.9,147.0,96800.0
4656,70W,13,12.4,147.1,96700.0
4657,70W,13,12.8,147.3,96200.0
4658,70W,13,13.200000000000001,147.3,96100.0
4659,70W,13,13.6,147.20000000000002,96200.0
4660,70W,13,14.1,146.6,96100.0
4661,70W,13,14.6,146.1,95500.0
4662,70W,13,15.0,145.4,95100.0
4663,70W,13,15.3,144.5,95100.0
4664,70W,13,15.700000000000001,143.8,94500.0
4665,70W,13,15.9,143.20000000000002,95000.0
4666,70W,13,16.4,142.8,95100.0
4667,70W,13,16.9,141.6,95400.0
4668,70W,13,16.9,140.9,95300.0
4669,70W,13,17.400000000000002,139.8,95800.0
4670,70W,13,18.400000000000002,138.8,95700.0
4671,70W,13,19.0,137.8,96000.0
4672,70W,13,19.7,137.0,95700.0
4673,70W,13,20.900000000000002,136.6,95900.0
4674,70W,13,21.8,136.5,96100.0
4675,70W,13,22.3,136.9,96400.0
4676,70W,13,23.5,137.6,96600.0
4677,70W,13,24.7,138.6,97100.0
4678,70W,13,25.5,139.4,97600.0
4679,70W,13,25.7,140.4,98400.0
4680,70W,14,8.0,151.8,98100.0
4681,70W,14,8.4,151.8,98100.0
4682,70W,14,8.6,151.4,97000.0
4683,70W,14,8.8,151.3,96500.0
4684,70W,14,9.200000000000001,151.5,96300.0
4685,70W,14,9.8,151.3,96800.0
4686,70W,14,9.8,151.0,96200.0
4687,70W,14,10.5,151.0,96600.0
4688,70W,14,10.6,150.3,96300.0
4689,70W,14,11.0,149.9,96000.0
4690,70W,14,11.3,149.0,95000.0
4691,70W,14,11.700000000000001,148.5,94800.0
4692,70W,14,12.3,147.70000000000002,93700.0
4693,70W,14,13.0,147.1,92800.0
4694,70W,14,13.8,146.20000000000002,92400.0
4695,70W,14,14.4,145.4,92200.0
4696,70W,14,15.1,144.70000000000002,92100.0
4697,70W,14,15.700000000000001,143.8,92700.0
4698,70W,14,15.9,143.1,92800.0
4699,70W,14,16.4,142.3,93200.0
4700,70W,14,17.0,141.6,92600.0
4701,70W,14,17.1,140.9,92900.0
4702,70W,14,17.6,140.20000000000002,93300.0
4703,70W,14,17.8,139.6,93800.0
4704,70W,14,18.2,139.3,93900.0
4705,70W,14,18.6,139.0,94800.0
4706,70W,14,19.2,138.70000000000002,95000.0
4707,70W,14,19.6,138.70000000000002,95600.0
4708,70W,14,20.400000000000002,138.5,95700.0
4709,70W,14,21.400000000000002,138.4,96100.0
4710,70W,14,22.400000000000002,138.3,96200.0
4711,70W,14,23.5,138.3,96800.0
4712,70W,14,24.900000000000002,139.0,96900.0
4713,70W,14,26.3,140.4,97400.0
4714,70W,14,28.0,142.1,97600.0
4715,70W,14,29.5,144.4,98000.0
4716,70W,14,31.7,147.20000000000002,98100.0
4717,70W,14,33.8,150.3,98300.0
4718,70W,14,,,
4719,70W,14,,,
4720,70W,15,8.1,151.20000000000002,98500.0
4721,70W,15,7.9,151.1,98700.0
4722,70W,15,8.1,151.3,98200.0
4723,70W,15,8.2,151.20000000000002,98200.0
4724,70W,15,8.2,151.5,97700.0
4725,70W,15,8.700000000000001,151.5,97700.0
4726,70W,15,9.3,151.5,97100.0
4727,70W,15,9.700000000000001,151.1,97000.0
4728,70W,15,10.4,150.4,95600.0
4729,70W,15,10.8,149.8,94200.0
4730,70W,15,11.200000000000001,149.4,93600.0
4731,70W,15,11.700000000000001,148.9,93200.0
4732,70W,15,12.200000000000001,148.6,93200.0
4733,70W,15,12.8,148.4,92700.0
4734,70W,15,13.200000000000001,148.1,92800.0
4735,70W,15,14.0,147.70000000000002,92300.0
4736,70W,15,14.5,147.4,92900.0
4737,70W,15,14.9,147.20000000000002,92400.0
4738,70W,15,15.1,146.8,92100.0
4739,70W,15,15.3,146.8,92200.0
4740,70W,15,15.700000000000001,146.4,92000.0
4741,70W,15,16.2,146.1,92500.0
4742,70W,15,16.6,145.8,92100.0
4743,70W,15,17.1,145.4,91500.0
4744,70W,15,17.8,145.0,92300.0
4745,70W,15,18.3,144.8,92500.0
4746,70W,15,18.900000000000002,144.4,92400.0
4747,70W,15,19.2,144.1,94200.0
4748,70W,15,19.7,143.70000000000002,94700.0
4749,70W,15,20.2,143.3,95500.0
4750,70W,15,20.7,143.0,95800.0
4751,70W,15,21.2,142.6,96400.0
4752,70W,15,21.8,142.3,96700.0
4753,70W,15,22.3,142.1,97300.0
4754,70W,15,22.8,142.0,97800.0
4755,70W,15,23.3,142.0,98500.0
4756,70W,15,24.1,142.20000000000002,98600.0
4757,70W,15,24.400000000000002,142.6,99000.0
4758,70W,15,24.8,143.1,99200.0
4759,70W,15,25.5,144.0,99500.0
4760,70W,16,7.6000000000000005,151.8,97800.0
4761,70W,16,7.9,151.70000000000002,98100.0
4762,70W,16,8.0,151.8,97400.0
4763,70W,16,8.2,152.20000000000002,97300.0
4764,70W,16,8.4,152.3,96800.0
4765,70W,16,8.6,151.9,96400.0
4766,70W,16,9.0,151.70000000000002,95800.0
4767,70W,16,9.3,151.6,95300.0
4768,70W,16,9.8,151.0,94400.0
4769,70W,16,10.1,150.3,94700.0
4770,70W,16,10.6,149.70000000000002,95000.0
4771,70W,16,11.3,149.1,95500.0
4772,70W,16,12.0,148.3,95700.0
4773,70W,16,12.5,147.3,96000.0
4774,70W,16,13.1,146.6,95800.0
4775,70W,16,13.6,145.9,96100.0
4776,70W,16,14.200000000000001,145.4,95800.0
4777,70W,16,14.5,145.0,96100.0
4778,70W,16,14.700000000000001,144.70000000000002,96200.0
4779,70W,16,14.9,144.70000000000002,96400.0
4780,70W,16,15.200000000000001,144.70000000000002,96300.0
4781,70W,16,15.700000000000001,144.70000000000002,96300.0
4782,70W,16,16.2,144.4,96000.0
4783,70W,16,16.6,144.20000000000002,96300.0
4784,70W,16,17.1,144.0,96100.0
4785,70W,16,17.3,143.70000000000002,96400.0
4786,70W,16,17.8,143.70000000000002,96400.0
4787,70W,16,18.1,143.70000000000002,96800.0
4788,70W,16,18.5,143.6,96700.0
4789,70W,16,19.0,143.20000000000002,97000.0
4790,70W,16,20.2,142.6,96900.0
4791,70W,16,21.1,142.20000000000002,97300.0
4792,70W,16,21.900000000000002,141.4,97200.0
4793,70W,16,22.5,140.6,97600.0
4794,70W,16,23.7,140.70000000000002,97500.0
4795,70W,16,24.7,140.8,98000.0
4796,70W,16,25.5,141.3,98000.0
4797,70W,16,26.1,142.1,98400.0
4798,70W,16,27.1,142.9,98600.0
4799,70W,16,27.7,144.4,99000.0
4800,70W,17,8.2,151.1,98500.0
4801,70W,17,8.4,150.5,98800.0
4802,70W,17,8.4,150.3,98400.0
4803,70W,17,8.6,150.4,98500.0
4804,70W,17,9.0,149.8,97800.0
4805,70W,17,9.0,149.6,97700.0
4806,70W,17,9.3,149.20000000000002,97200.0
4807,70W,17,9.8,148.5,97100.0
4808,70W,17,10.1,147.70000000000002,96400.0
4809,70W,17,10.3,146.8,96400.0
4810,70W,17,10.700000000000001,146.1,95900.0
4811,70W,17,11.4,145.4,96100.0
4812,70W,17,12.0,144.3,95600.0
4813,70W,17,12.6,143.1,96000.0
4814,70W,17,13.200000000000001,142.1,95800.0
4815,70W,17,13.8,141.1,96100.0
4816,70W,17,13.6,140.3,95600.0
4817,70W,17,14.0,139.70000000000002,95900.0
4818,70W,17,14.5,139.5,95800.0
4819,70W,17,15.0,138.70000000000002,95900.0
4820,70W,17,15.6,138.0,95500.0
4821,70W,17,16.1,137.5,95500.0
4822,70W,17,16.5,136.8,95500.0
4823,70W,17,17.1,136.2,95800.0
4824,70W,17,17.6,135.5,95400.0
4825,70W,17,18.2,135.0,95900.0
4826,70W,17,18.6,134.6,95800.0
4827,70W,17,19.2,134.1,96300.0
4828,70W,17,19.8,134.0,96400.0
4829,70W,17,20.6,134.1,96900.0
4830,70W,17,21.400000000000002,134.5,97100.0
4831,70W,17,22.2,135.1,97600.0
4832,70W,17,23.3,136.1,97500.0
4833,70W,17,24.400000000000002,137.5,98000.0
4834,70W,17,25.7,138.8,98100.0
4835,70W,17,26.900000000000002,140.9,98500.0
4836,70W,17,27.900000000000002,142.8,98700.0
4837,70W,17,28.5,144.9,99300.0
4838,70W,17,29.2,148.1,99300.0
4839,70W,17,30.0,150.4,99600.0
4840,70W,18,7.8,151.1,98500.0
4841,70W,18,7.8,150.8,98600.0
4842,70W,18,7.8,151.1,98100.0
4843,70W,18,8.4,151.4,98100.0
4844,70W,18,8.4,151.3,97500.0
4845,70W,18,8.5,151.0,97700.0
4846,70W,18,9.0,150.70000000000002,97400.0
4847,70W,18,9.200000000000001,150.0,97300.0
4848,70W,18,9.5,149.9,96600.0
4849,70W,18,9.8,149.20000000000002,96500.0
4850,70W,18,10.1,148.5,95900.0
4851,70W,18,10.700000000000001,148.1,96000.0
4852,70W,18,11.3,147.70000000000002,95400.0
4853,70W,18,11.9,147.3,95100.0
4854,70W,18,12.700000000000001,146.8,94600.0
4855,70W,18,13.4,146.3,94900.0
4856,70W,18,14.0,146.0,94700.0
4857,70W,18,14.6,145.9,94900.0
4858,70W,18,15.200000000000001,145.5,94700.0
4859,70W,18,15.5,145.20000000000002,94700.0
4860,70W,18,16.0,144.9,94500.0
4861,70W,18,16.6,144.5,94500.0
4862,70W,18,16.9,144.0,94500.0
4863,70W,18,17.400000000000002,144.0,94700.0
4864,70W,18,18.1,143.6,94500.0
4865,70W,18,18.5,143.6,94800.0
4866,70W,18,19.2,144.0,95000.0
4867,70W,18,19.900000000000002,144.0,95600.0
4868,70W,18,20.8,144.4,95600.0
4869,70W,18,21.6,144.9,95900.0
4870,70W,18,22.6,145.4,95700.0
4871,70W,18,23.3,146.0,96300.0
4872,70W,18,24.0,146.6,96400.0
4873,70W,18,24.900000000000002,148.0,96900.0
4874,70W,18,25.8,149.20000000000002,96900.0
4875,70W,18,27.0,151.1,97300.0
4876,70W,18,27.7,153.9,97500.0
4877,70W,18,29.5,156.9,97500.0
4878,70W,18,31.7,160.1,96700.0
4879,70W,18,33.3,162.6,95700.0
4880,70W,19,8.2,151.1,98700.0
4881,70W,19,8.3,150.8,98900.0
4882,70W,19,8.5,151.20000000000002,98400.0
4883,70W,19,9.0,151.3,98400.0
4884,70W,19,9.6,150.9,97900.0
4885,70W,19,9.8,150.9,97600.0
4886,70W,19,10.3,150.20000000000002,97200.0
4887,70W,19,10.6,149.5,96700.0
4888,70W,19,11.0,149.0,94900.0
4889,70W,19,11.4,148.4,94600.0
4890,70W,19,12.0,147.6,94200.0
4891,70W,19,12.6,146.70000000000002,94700.0
4892,70W,19,13.200000000000001,145.70000000000002,94400.0
4893,70W,19,13.700000000000001,144.70000000000002,94600.0
4894,70W,19,14.200000000000001,143.5,94900.0
4895,70W,19,14.5,142.5,94800.0
4896,70W,19,14.8,141.8,94600.0
4897,70W,19,15.0,141.1,94900.0
4898,70W,19,15.0,140.6,94800.0
4899,70W,19,15.1,140.0,94900.0
4900,70W,19,15.0,139.5,94200.0
4901,70W,19,15.200000000000001,139.1,94600.0
4902,70W,19,15.4,138.5,94500.0
4903,70W,19,15.6,137.8,94400.0
4904,70W,19,15.8,137.4,94200.0
4905,70W,19,16.0,137.0,94700.0
4906,70W,19,16.4,136.4,95300.0
4907,70W,19,16.6,135.7,95700.0
4908,70W,19,17.1,135.2,95700.0
4909,70W,19,17.900000000000002,134.6,95900.0
4910,70W,19,18.7,133.8,96000.0
4911,70W,19,19.400000000000002,133.4,96400.0
4912,70W,19,20.3,133.4,96100.0
4913,70W,19,21.1,133.5,96100.0
4914,70W,19,22.0,134.0,96400.0
4915,70W,19,22.7,134.7,96700.0
4916,70W,19,23.6,135.2,96800.0
4917,70W,19,23.8,136.1,97600.0
4918,70W,19,24.2,136.8,97900.0
4919,70W,19,24.5,137.1,98600.0
4920,70W,20,8.2,150.8,98300.0
4921,70W,20,8.1,151.1,98300.0
4922,70W,20,8.6,151.0,97700.0
4923,70W,20,8.5,151.20000000000002,97600.0
4924,70W,20,9.1,151.3,97500.0
4925,70W,20,9.3,150.8,97700.0
4926,70W,20,9.700000000000001,150.5,97000.0
4927,70W,20,10.0,150.0,96700.0
4928,70W,20,10.9,149.6,96200.0
4929,70W,20,11.3,148.8,96400.0
4930,70W,20,11.8,148.0,96000.0
4931,70W,20,12.3,147.20000000000002,96000.0
4932,70W,20,12.8,146.3,95200.0
4933,70W,20,13.3,145.4,95200.0
4934,70W,20,13.6,144.70000000000002,94900.0
4935,70W,20,14.0,144.20000000000002,94900.0
4936,70W,20,14.3,143.5,94100.0
4937,70W,20,14.5,143.0,94000.0
4938,70W,20,14.9,142.5,94000.0
4939,70W,20,15.1,142.0,94100.0
4940,70W,20,15.3,141.3,93500.0
4941,70W,20,15.8,140.4,93400.0
4942,70W,20,16.2,140.0,93600.0
4943,70W,20,16.6,139.3,93900.0
4944,70W,20,17.3,138.6,93700.0
4945,70W,20,17.6,137.8,94100.0
4946,70W,20,18.1,137.5,94600.0
4947,70W,20,18.900000000000002,137.0,95300.0
4948,70W,20,19.5,136.6,95200.0
4949,70W,20,20.3,136.1,95700.0
4950,70W,20,21.2,136.2,96000.0
4951,70W,20,22.1,136.2,96400.0
4952,70W,20,23.3,136.4,96300.0
4953,70W,20,24.3,136.8,96800.0
4954,70W,20,25.6,137.70000000000002,97000.0
4955,70W,20,26.8,139.1,97600.0
4956,70W,20,28.400000000000002,141.1,97600.0
4957,70W,20,29.900000000000002,143.6,97800.0
4958,70W,20,31.5,146.6,97800.0
4959,70W,20,33.6,149.6,97800.0
4960,70W,21,8.0,151.8,98200.0
4961,70W,21,8.4,151.8,98500.0
4962,70W,21,8.4,151.3,98100.0
4963,70W,21,8.5,151.1,98000.0
4964,70W,21,8.9,150.8,97700.0
4965,70W,21,9.1,150.6,97900.0
4966,70W,21,9.5,150.1,97600.0
4967,70W,21,9.8,149.70000000000002,97800.0
4968,70W,21,10.200000000000001,149.20000000000002,97500.0
4969,70W,21,10.8,148.6,97800.0
4970,70W,21,11.5,148.0,97500.0
4971,70W,21,12.1,147.0,97600.0
4972,70W,21,12.6,146.1,97300.0
4973,70W,21,13.200000000000001,145.3,97300.0
4974,70W,21,13.8,144.20000000000002,96900.0
4975,70W,21,14.200000000000001,143.70000000000002,96700.0
4976,70W,21,14.6,143.3,96100.0
4977,70W,21,15.0,142.8,95900.0
4978,70W,21,15.200000000000001,142.6,95200.0
4979,70W,21,15.200000000000001,142.1,95300.0
4980,70W,21,15.700000000000001,142.0,94700.0
4981,70W,21,16.2,141.6,94200.0
4982,70W,21,16.4,140.9,94100.0
4983,70W,21,16.4,140.20000000000002,94100.0
4984,70W,21,16.7,139.5,93900.0
4985,70W,21,16.9,138.70000000000002,93800.0
4986,70W,21,16.9,138.0,93900.0
4987,70W,21,17.2,137.3,94000.0
4988,70W,21,17.7,136.70000000000002,94500.0
4989,70W,21,18.400000000000002,135.9,95100.0
4990,70W,21,19.2,135.1,95400.0
4991,70W,21,19.8,134.4,96200.0
4992,70W,21,20.7,133.9,96300.0
4993,70W,21,21.6,133.8,96600.0
4994,70W,21,22.8,133.9,96900.0
4995,70W,21,23.7,134.1,97400.0
4996,70W,21,24.6,134.8,97400.0
4997,70W,21,25.2,135.9,97900.0
4998,70W,21,25.6,137.0,98100.0
4999,70W,21,25.5,138.8,98600.0
5000,70W,22,7.1000000000000005,150.6,98800.0
5001,70W,22,7.2,151.3,99000.0
5002,70W,22,7.6000000000000005,151.8,98500.0
5003,70W,22,8.1,152.0,98500.0
5004,70W,22,8.5,152.4,98100.0
5005,70W,22,9.0,152.5,98200.0
5006,70W,22,9.4,152.3,97700.0
5007,70W,22,10.0,152.20000000000002,97700.0
5008,70W,22,10.6,151.70000000000002,97200.0
5009,70W,22,11.0,151.1,97200.0
5010,70W,22,11.4,150.4,96900.0
5011,70W,22,11.700000000000001,149.8,97000.0
5012,70W,22,12.4,149.20000000000002,96300.0
5013,70W,22,12.6,148.70000000000002,96100.0
5014,70W,22,13.1,148.20000000000002,96000.0
5015,70W,22,13.6,147.70000000000002,96000.0
5016,70W,22,14.6,147.5,95200.0
5017,70W,22,15.0,147.3,94800.0
5018,70W,22,15.6,147.0,94900.0
5019,70W,22,16.1,146.70000000000002,94900.0
5020,70W,22,16.4,146.5,95000.0
5021,70W,22,16.9,146.3,95300.0
5022,70W,22,17.5,146.20000000000002,95200.0
5023,70W,22,17.900000000000002,146.20000000000002,95600.0
5024,70W,22,18.5,146.4,95500.0
5025,70W,22,19.2,147.0,95600.0
5026,70W,22,19.5,147.70000000000002,95800.0
5027,70W,22,19.900000000000002,148.20000000000002,96100.0
5028,70W,22,20.6,148.5,96000.0
5029,70W,22,20.900000000000002,149.0,96000.0
5030,70W,22,21.400000000000002,149.1,95900.0
5031,70W,22,22.6,149.6,96300.0
5032,70W,22,23.1,149.5,96400.0
5033,70W,22,23.8,150.4,97000.0
5034,70W,22,24.7,150.8,97300.0
5035,70W,22,25.6,151.9,97800.0
5036,70W,22,26.3,153.20000000000002,97900.0
5037,70W,22,26.400000000000002,154.6,98600.0
5038,70W,22,26.2,155.8,99000.0
5039,70W,22,26.1,157.0,99500.0
5040,70W,23,8.4,151.0,97900.0
5041,70W,23,8.4,150.6,98100.0
5042,70W,23,8.3,150.6,97800.0
5043,70W,23,8.9,150.5,97800.0
5044,70W,23,9.1,150.3,97400.0
5045,70W,23,9.3,149.9,97300.0
5046,70W,23,10.0,149.4,96600.0
5047,70W,23,10.1,148.5,97000.0
5048,70W,23,10.5,148.3,96900.0
5049,70W,23,10.4,147.3,96500.0
5050,70W,23,10.700000000000001,146.8,95300.0
5051,70W,23,11.1,146.0,94900.0
5052,70W,23,11.6,145.1,93700.0
5053,70W,23,12.0,144.4,94200.0
5054,70W,23,12.4,143.6,94000.0
5055,70W,23,12.8,142.9,94400.0
5056,70W,23,13.1,142.4,94200.0
5057,70W,23,13.3,142.1,94300.0
5058,70W,23,13.6,141.6,94300.0
5059,70W,23,13.700000000000001,141.0,94600.0
5060,70W,23,13.8,140.4,94200.0
5061,70W,23,14.0,139.8,94400.0
5062,70W,23,14.3,139.20000000000002,94200.0
5063,70W,23,14.5,138.70000000000002,93700.0
5064,70W,23,15.1,138.0,92700.0
5065,70W,23,15.3,137.6,92600.0
5066,70W,23,16.1,137.3,92300.0
5067,70W,23,16.6,136.6,93000.0
5068,70W,23,17.3,136.3,93100.0
5069,70W,23,18.1,136.0,93600.0
5070,70W,23,19.0,135.7,93900.0
5071,70W,23,19.900000000000002,135.7,94400.0
5072,70W,23,21.1,135.9,94600.0
5073,70W,23,22.3,136.4,95200.0
5074,70W,23,23.5,137.20000000000002,95400.0
5075,70W,23,24.5,138.20000000000002,96000.0
5076,70W,23,25.8,139.6,96100.0
5077,70W,23,26.900000000000002,141.4,96800.0
5078,70W,23,28.0,143.20000000000002,97200.0
5079,70W,23,28.900000000000002,144.9,97800.0
5080,70W,24,7.5,151.3,98500.0
5081,70W,24,7.5,151.3,98700.0
5082,70W,24,7.5,151.6,98300.0
5083,70W,24,7.4,152.0,98300.0
5084,70W,24,7.7,152.3,98400.0
5085,70W,24,8.1,152.3,98700.0
5086,70W,24,8.6,152.0,98600.0
5087,70W,24,9.1,151.3,98700.0
5088,70W,24,9.5,150.6,98400.0
5089,70W,24,9.9,150.3,98600.0
5090,70W,24,10.700000000000001,149.4,98300.0
5091,70W,24,11.1,148.6,98600.0
5092,70W,24,11.6,147.9,98400.0
5093,70W,24,12.1,147.0,98600.0
5094,70W,24,12.6,146.3,98300.0
5095,70W,24,13.1,145.8,98500.0
5096,70W,24,13.8,145.3,98300.0
5097,70W,24,13.9,144.8,98400.0
5098,70W,24,14.200000000000001,144.6,98100.0
5099,70W,24,14.5,144.4,98200.0
5100,70W,24,15.200000000000001,144.3,97800.0
5101,70W,24,15.700000000000001,144.0,97600.0
5102,70W,24,15.9,143.70000000000002,97100.0
5103,70W,24,16.4,143.8,97400.0
5104,70W,24,17.1,144.0,97300.0
5105,70W,24,17.6,144.20000000000002,97600.0
5106,70W,24,18.0,144.6,97500.0
5107,70W,24,18.5,144.9,97600.0
5108,70W,24,19.1,145.4,97000.0
5109,70W,24,19.5,145.4,96800.0
5110,70W,24,20.400000000000002,146.3,96100.0
5111,70W,24,20.900000000000002,146.5,95800.0
5112,70W,24,21.400000000000002,146.8,95700.0
5113,70W,24,22.0,146.8,95900.0
5114,70W,24,23.1,147.3,96000.0
5115,70W,24,24.400000000000002,148.70000000000002,96500.0
5116,70W,24,25.6,150.20000000000002,96500.0
5117,70W,24,26.8,152.4,97100.0
5118,70W,24,28.3,155.3,97500.0
5119,70W,24,31.1,158.70000000000002,97500.0
5120,70W,25,8.1,151.70000000000002,98100.0
5121,70W,25,8.2,151.0,98400.0
5122,70W,25,7.9,151.1,97900.0
5123,70W,25,8.2,151.0,97900.0
5124,70W,25,8.6,151.0,97600.0
5125,70W,25,8.700000000000001,150.6,97700.0
5126,70W,25,9.0,150.1,97400.0
5127,70W,25,9.200000000000001,149.6,97600.0
5128,70W,25,9.8,149.20000000000002,97200.0
5129,70W,25,10.3,148.3,97300.0
5130,70W,25,10.8,147.6,96600.0
5131,70W,25,11.200000000000001,147.0,96500.0
5132,70W,25,11.8,146.4,95900.0
5133,70W,25,12.1,145.8,95600.0
5134,70W,25,12.6,145.4,95100.0
5135,70W,25,13.200000000000001,145.0,95000.0
5136,70W,25,13.6,144.6,94600.0
5137,70W,25,13.6,144.4,95100.0
5138,70W,25,13.6,144.1,94400.0
5139,70W,25,13.6,144.1,94600.0
5140,70W,25,13.8,144.0,94500.0
5141,70W,25,14.0,143.5,94900.0
5142,70W,25,14.3,143.1,95000.0
5143,70W,25,14.700000000000001,142.5,95300.0
5144,70W,25,15.1,141.8,95100.0
5145,70W,25,15.200000000000001,141.0,95200.0
5146,70W,25,15.5,140.20000000000002,95300.0
5147,70W,25,15.8,139.20000000000002,95700.0
5148,70W,25,16.2,138.1,95300.0
5149,70W,25,16.7,137.20000000000002,95600.0
5150,70W,25,17.3,136.1,95600.0
5151,70W,25,17.900000000000002,135.4,96100.0
5152,70W,25,18.7,135.2,96000.0
5153,70W,25,19.5,135.3,96200.0
5154,70W,25,20.2,135.4,96200.0
5155,70W,25,21.1,135.8,96600.0
5156,70W,25,22.0,136.3,96600.0
5157,70W,25,22.6,137.0,96900.0
5158,70W,25,23.1,137.8,97200.0
5159,70W,25,24.6,139.20000000000002,97800.0
5160,70W,26,8.6,150.5,98300.0
5161,70W,26,8.2,149.9,98400.0
5162,70W,26,8.0,149.9,97600.0
5163,70W,26,8.1,150.3,97700.0
5164,70W,26,8.5,150.4,97300.0
5165,70W,26,8.5,150.1,97300.0
5166,70W,26,8.700000000000001,149.9,96500.0
5167,70W,26,9.1,149.6,96600.0
5168,70W,26,9.4,149.5,96400.0
5169,70W,26,9.9,149.3,96700.0
5170,70W,26,10.5,148.9,96900.0
5171,70W,26,10.700000000000001,148.3,97400.0
5172,70W,26,11.200000000000001,147.70000000000002,96900.0
5173,70W,26,11.4,147.3,97100.0
5174,70W,26,11.8,146.8,96700.0
5175,70W,26,12.3,146.3,96900.0
5176,70W,26,12.6,145.9,96500.0
5177,70W,26,12.8,145.6,96700.0
5178,70W,26,12.8,145.4,96300.0
5179,70W,26,13.200000000000001,145.0,96400.0
5180,70W,26,13.3,144.3,96300.0
5181,70W,26,13.4,143.9,96400.0
5182,70W,26,13.700000000000001,143.1,96100.0
5183,70W,26,14.0,142.5,96100.0
5184,70W,26,14.3,141.8,95300.0
5185,70W,26,14.4,141.0,95500.0
5186,70W,26,14.8,140.4,95500.0
5187,70W,26,15.200000000000001,139.9,95900.0
5188,70W,26,15.700000000000001,139.1,95800.0
5189,70W,26,16.2,138.4,95900.0
5190,70W,26,16.8,137.8,96000.0
5191,70W,26,17.6,137.1,96500.0
5192,70W,26,18.5,136.8,96500.0
5193,70W,26,19.5,136.9,96800.0
5194,70W,26,20.400000000000002,137.1,96900.0
5195,70W,26,22.1,137.70000000000002,97300.0
5196,70W,26,23.1,138.8,97300.0
5197,70W,26,24.5,139.9,97400.0
5198,70W,26,25.2,141.9,97600.0
5199,70W,26,26.1,143.3,97900.0
5200,70W,27,8.1,150.8,97900.0
5201,70W,27,8.1,151.0,98300.0
5202,70W,27,8.2,151.1,97600.0
5203,70W,27,8.8,151.1,97200.0
5204,70W,27,9.3,150.6,96400.0
5205,70W,27,9.4,150.20000000000002,96600.0
5206,70W,27,9.700000000000001,149.70000000000002,96100.0
5207,70W,27,10.0,149.1,96600.0
5208,70W,27,10.200000000000001,148.6,96300.0
5209,70W,27,10.700000000000001,148.3,96700.0
5210,70W,27,11.4,147.70000000000002,96600.0
5211,70W,27,11.9,146.8,96100.0
5212,70W,27,12.4,145.9,93900.0
5213,70W,27,12.6,145.3,93900.0
5214,70W,27,12.9,144.9,93000.0
5215,70W,27,13.200000000000001,144.3,92500.0
5216,70W,27,13.5,144.0,92500.0
5217,70W,27,13.6,144.0,92700.0
5218,70W,27,13.8,144.0,93000.0
5219,70W,27,13.8,144.0,93900.0
5220,70W,27,14.200000000000001,144.0,93900.0
5221,70W,27,14.5,143.9,94400.0
5222,70W,27,14.9,143.70000000000002,94400.0
5223,70W,27,15.200000000000001,143.5,94800.0
5224,70W,27,15.700000000000001,143.4,94600.0
5225,70W,27,16.2,143.20000000000002,94900.0
5226,70W,27,16.4,143.0,95000.0
5227,70W,27,16.7,142.8,95300.0
5228,70W,27,17.3,142.3,95100.0
5229,70W,27,17.7,141.8,95400.0
5230,70W,27,18.5,141.0,95500.0
5231,70W,27,19.2,140.4,96100.0
5232,70W,27,20.2,140.0,96300.0
5233,70W,27,21.1,139.70000000000002,96900.0
5234,70W,27,22.2,139.5,97200.0
5235,70W,27,23.3,140.0,97800.0
5236,70W,27,24.400000000000002,140.70000000000002,98000.0
5237,70W,27,25.400000000000002,141.9,98700.0
5238,70W,27,26.400000000000002,143.1,99000.0
5239,70W,27,,,
5240,70W,28,8.5,151.5,98800.0
5241,70W,28,8.3,150.6,98900.0
5242,70W,28,8.2,150.6,98600.0
5243,70W,28,8.6,150.6,98700.0
5244,70W,28,9.1,150.3,98400.0
5245,70W,28,9.6,150.1,98700.0
5246,70W,28,10.3,149.4,98500.0
5247,70W,28,11.0,148.6,98800.0
5248,70W,28,11.6,147.5,98500.0
5249,70W,28,12.1,146.3,98900.0
5250,70W,28,12.6,145.20000000000002,98800.0
5251,70W,28,12.8,143.9,99100.0
5252,70W,28,13.1,143.1,98900.0
5253,70W,28,13.4,142.5,99300.0
5254,70W,28,13.1,141.70000000000002,98800.0
5255,70W,28,13.5,141.1,99100.0
5256,70W,28,13.700000000000001,141.1,98800.0
5257,70W,28,14.4,140.9,98900.0
5258,70W,28,14.9,140.3,98500.0
5259,70W,28,15.200000000000001,139.70000000000002,98600.0
5260,70W,28,15.0,139.1,98100.0
5261,70W,28,15.4,138.8,98000.0
5262,70W,28,15.8,138.3,97700.0
5263,70W,28,16.0,137.8,97600.0
5264,70W,28,16.9,137.0,97200.0
5265,70W,28,16.6,136.70000000000002,97100.0
5266,70W,28,17.1,135.8,96800.0
5267,70W,28,17.6,135.4,96600.0
5268,70W,28,17.8,135.0,96200.0
5269,70W,28,18.5,134.4,96300.0
5270,70W,28,18.8,133.9,96300.0
5271,70W,28,19.5,133.6,96700.0
5272,70W,28,20.6,133.5,96600.0
5273,70W,28,21.400000000000002,133.6,97100.0
5274,70W,28,22.6,133.6,97300.0
5275,70W,28,24.0,134.3,97700.0
5276,70W,28,24.8,135.0,97700.0
5277,70W,28,25.8,135.6,98000.0
5278,70W,28,27.0,136.70000000000002,98000.0
5279,70W,28,28.3,138.5,98400.0
5280,70W,29,7.9,151.0,98200.0
5281,70W,29,7.9,151.0,98300.0
5282,70W,29,8.3,151.1,97700.0
5283,70W,29,8.6,151.1,97800.0
5284,70W,29,8.6,151.20000000000002,97400.0
5285,70W,29,9.1,150.9,97600.0
5286,70W,29,9.3,150.4,97300.0
5287,70W,29,9.5,149.9,97400.0
5288,70W,29,9.9,149.6,97000.0
5289,70W,29,10.4,149.3,97200.0
5290,70W,29,10.8,148.70000000000002,96900.0
5291,70W,29,11.3,148.3,97000.0
5292,70W,29,12.0,147.70000000000002,96500.0
5293,70W,29,12.5,146.9,96500.0
5294,70W,29,13.1,146.4,96000.0
5295,70W,29,13.5,145.9,96200.0
5296,70W,29,14.0,145.5,95900.0
5297,70W,29,14.4,145.20000000000002,96100.0
5298,70W,29,15.0,144.9,96000.0
5299,70W,29,15.3,144.4,96100.0
5300,70W,29,15.9,144.0,95800.0
5301,70W,29,16.2,143.5,96000.0
5302,70W,29,16.7,143.0,95900.0
5303,70W,29,17.1,142.5,96300.0
5304,70W,29,17.6,142.1,96200.0
5305,70W,29,18.1,141.8,96500.0
5306,70W,29,18.5,141.20000000000002,96400.0
5307,70W,29,19.1,140.8,96700.0
5308,70W,29,19.900000000000002,140.1,96600.0
5309,70W,29,20.6,139.4,96900.0
5310,70W,29,21.400000000000002,139.0,96900.0
5311,70W,29,22.6,138.70000000000002,97200.0
5312,70W,29,23.1,138.6,97100.0
5313,70W,29,23.900000000000002,138.70000000000002,97700.0
5314,70W,29,25.1,139.20000000000002,98000.0
5315,70W,29,25.900000000000002,139.5,98300.0
5316,70W,29,26.6,140.5,98500.0
5317,70W,29,26.900000000000002,141.3,98900.0
5318,70W,29,27.5,142.4,99000.0
5319,70W,29,27.8,143.8,99500.0
5320,70W,30,7.4,152.1,98300.0
5321,70W,30,7.6000000000000005,152.6,98800.0
5322,70W,30,8.2,152.70000000000002,98300.0
5323,70W,30,8.6,152.70000000000002,98100.0
5324,70W,30,9.1,152.4,97500.0
5325,70W,30,9.700000000000001,152.3,97500.0
5326,70W,30,10.0,152.0,96900.0
5327,70W,30,10.700000000000001,151.4,96600.0
5328,70W,30,11.1,150.6,95800.0
5329,70W,30,11.6,149.70000000000002,95800.0
5330,70W,30,11.9,148.8,95300.0
5331,70W,30,12.4,147.9,95400.0
5332,70W,30,12.8,146.70000000000002,94900.0
5333,70W,30,13.200000000000001,145.70000000000002,95000.0
5334,70W,30,13.8,144.8,95300.0
5335,70W,30,13.9,143.5,96000.0
5336,70W,30,14.1,142.70000000000002,96100.0
5337,70W,30,14.0,142.1,96300.0
5338,70W,30,14.0,141.3,96300.0
5339,70W,30,14.200000000000001,140.8,96600.0
5340,70W,30,14.3,140.4,96300.0
5341,70W,30,14.3,139.3,96300.0
5342,70W,30,14.6,138.6,96300.0
5343,70W,30,15.1,137.70000000000002,96100.0
5344,70W,30,15.700000000000001,137.1,95600.0
5345,70W,30,15.5,135.7,95800.0
5346,70W,30,16.0,135.4,95600.0
5347,70W,30,16.5,134.2,95500.0
5348,70W,30,17.3,134.1,94900.0
5349,70W,30,17.8,133.3,95200.0
5350,70W,30,18.8,132.8,95600.0
5351,70W,30,20.2,132.3,96300.0
5352,70W,30,21.3,132.4,96400.0
5353,70W,30,22.8,133.0,96900.0
5354,70W,30,24.1,134.0,97100.0
5355,70W,30,25.2,135.3,97500.0
5356,70W,30,26.5,137.20000000000002,97600.0
5357,70W,30,27.1,139.5,98100.0
5358,70W,30,28.0,142.70000000000002,98200.0
5359,70W,30,29.5,146.70000000000002,98500.0
5360,70W,31,7.4,151.1,98500.0
5361,70W,31,7.1000000000000005,150.8,98700.0
5362,70W,31,7.1000000000000005,151.3,98200.0
5363,70W,31,7.4,152.20000000000002,98400.0
5364,70W,31,7.4,153.1,97900.0
5365,70W,31,7.5,153.3,98000.0
5366,70W,31,8.3,153.20000000000002,97600.0
5367,70W,31,8.9,153.1,97900.0
5368,70W,31,9.1,152.3,97700.0
5369,70W,31,9.5,152.5,98000.0
5370,70W,31,10.200000000000001,152.0,97800.0
5371,70W,31,11.0,151.6,98200.0
5372,70W,31,11.3,151.20000000000002,97900.0
5373,70W,31,11.4,151.0,98100.0
5374,70W,31,12.0,150.70000000000002,97600.0
5375,70W,31,12.6,150.5,97600.0
5376,70W,31,13.4,150.8,97200.0
5377,70W,31,13.5,151.0,97300.0
5378,70W,31,13.9,151.3,96800.0
5379,70W,31,14.200000000000001,151.3,96800.0
5380,70W,31,14.4,151.20000000000002,96500.0
5381,70W,31,14.700000000000001,151.0,96600.0
5382,70W,31,15.0,150.6,96500.0
5383,70W,31,15.6,150.5,96500.0
5384,70W,31,16.0,150.1,96000.0
5385,70W,31,16.7,149.20000000000002,96100.0
5386,70W,31,17.0,148.5,95800.0
5387,70W,31,17.900000000000002,148.4,96000.0
5388,70W,31,18.6,147.6,96000.0
5389,70W,31,19.400000000000002,147.20000000000002,96200.0
5390,70W,31,20.3,146.5,96200.0
5391,70W,31,21.0,146.1,96800.0
5392,70W,31,21.900000000000002,146.0,96800.0
5393,70W,31,22.8,146.6,97300.0
5394,70W,31,24.2,147.1,97400.0
5395,70W,31,25.400000000000002,148.3,97900.0
5396,70W,31,26.900000000000002,150.3,97800.0
5397,70W,31,27.6,152.5,98100.0
5398,70W,31,28.900000000000002,155.20000000000002,98000.0
5399,70W,31,29.6,159.20000000000002,98300.0
5400,70W,32,7.7,151.3,98500.0
5401,70W,32,7.9,151.3,98800.0
5402,70W,32,8.1,151.1,98300.0
5403,70W,32,8.2,150.8,97900.0
5404,70W,32,8.6,150.70000000000002,97200.0
5405,70W,32,8.6,150.1,97500.0
5406,70W,32,8.6,149.6,97000.0
5407,70W,32,9.1,149.20000000000002,97200.0
5408,70W,32,9.6,148.70000000000002,96800.0
5409,70W,32,9.9,147.6,96500.0
5410,70W,32,10.4,146.8,95500.0
5411,70W,32,10.8,145.8,95400.0
5412,70W,32,11.200000000000001,144.8,94800.0
5413,70W,32,11.5,143.9,94600.0
5414,70W,32,11.9,143.0,94000.0
5415,70W,32,12.200000000000001,142.4,94200.0
5416,70W,32,12.6,142.0,93800.0
5417,70W,32,13.0,141.6,93800.0
5418,70W,32,13.200000000000001,141.1,93700.0
5419,70W,32,13.700000000000001,140.5,93800.0
5420,70W,32,13.8,139.70000000000002,92900.0
5421,70W,32,14.3,139.20000000000002,93400.0
5422,70W,32,14.700000000000001,138.70000000000002,93600.0
5423,70W,32,15.200000000000001,138.1,94000.0
5424,70W,32,15.700000000000001,137.6,93700.0
5425,70W,32,16.4,136.8,94000.0
5426,70W,32,16.5,135.9,94200.0
5427,70W,32,17.1,135.5,94600.0
5428,70W,32,17.5,134.9,94700.0
5429,70W,32,18.0,134.2,95000.0
5430,70W,32,18.6,134.2,95300.0
5431,70W,32,19.2,134.0,95900.0
5432,70W,32,20.0,133.9,95900.0
5433,70W,32,20.7,133.9,96300.0
5434,70W,32,21.5,134.3,96600.0
5435,70W,32,22.2,134.8,97300.0
5436,70W,32,23.3,135.7,97500.0
5437,70W,32,24.2,136.4,98000.0
5438,70W,32,24.7,137.20000000000002,98400.0
5439,70W,32,25.400000000000002,138.0,98900.0
5440,70W,33,7.5,151.1,98300.0
5441,70W,33,7.5,151.0,98400.0
5442,70W,33,7.3,151.1,97400.0
5443,70W,33,7.4,151.6,97200.0
5444,70W,33,7.6000000000000005,152.0,96000.0
5445,70W,33,8.0,152.0,94400.0
5446,70W,33,8.5,151.9,94200.0
5447,70W,33,9.0,151.70000000000002,95300.0
5448,70W,33,9.8,151.1,93600.0
5449,70W,33,10.200000000000001,150.3,94500.0
5450,70W,33,10.9,149.4,93600.0
5451,70W,33,11.3,148.70000000000002,94100.0
5452,70W,33,12.0,147.70000000000002,93400.0
5453,70W,33,12.5,146.4,93500.0
5454,70W,33,12.8,145.6,94500.0
5455,70W,33,13.1,144.8,94800.0
5456,70W,33,13.5,144.20000000000002,93800.0
5457,70W,33,13.8,143.70000000000002,94100.0
5458,70W,33,14.0,143.1,94200.0
5459,70W,33,14.200000000000001,142.8,94500.0
5460,70W,33,14.5,142.3,93900.0
5461,70W,33,14.700000000000001,141.8,93700.0
5462,70W,33,15.0,141.4,92900.0
5463,70W,33,15.200000000000001,141.1,92700.0
5464,70W,33,15.200000000000001,140.70000000000002,92400.0
5465,70W,33,15.4,140.6,92600.0
5466,70W,33,15.700000000000001,140.6,93100.0
5467,70W,33,15.9,140.20000000000002,93200.0
5468,70W,33,16.0,139.9,92600.0
5469,70W,33,16.3,140.0,93200.0
5470,70W,33,16.8,139.70000000000002,93400.0
5471,70W,33,17.5,139.5,94000.0
5472,70W,33,18.3,139.1,94100.0
5473,70W,33,19.1,139.1,94500.0
5474,70W,33,20.2,139.1,94600.0
5475,70W,33,21.2,139.5,95000.0
5476,70W,33,22.3,140.20000000000002,95000.0
5477,70W,33,22.900000000000002,141.3,95400.0
5478,70W,33,23.3,142.20000000000002,95800.0
5479,70W,33,23.5,143.3,96800.0
5480,70W,34,8.4,151.1,98300.0
5481,70W,34,8.4,150.3,98400.0
5482,70W,34,8.5,150.1,97700.0
5483,70W,34,8.1,150.20000000000002,97500.0
5484,70W,34,8.6,149.8,96900.0
5485,70W,34,8.5,149.20000000000002,97700.0
5486,70W,34,8.700000000000001,149.4,97500.0
5487,70W,34,9.0,148.70000000000002,97400.0
5488,70W,34,9.3,148.20000000000002,96900.0
5489,70W,34,9.4,147.4,97100.0
5490,70W,34,9.5,146.70000000000002,96600.0
5491,70W,34,10.0,146.3,96800.0
5492,70W,34,10.3,145.70000000000002,96400.0
5493,70W,34,10.9,144.8,96500.0
5494,70W,34,11.4,144.0,96000.0
5495,70W,34,11.9,143.1,96200.0
5496,70W,34,12.1,142.5,95700.0
5497,70W,34,12.3,142.1,95800.0
5498,70W,34,12.6,141.4,95700.0
5499,70W,34,12.9,140.70000000000002,95900.0
5500,70W,34,13.1,139.9,95400.0
5501,70W,34,13.4,139.3,95500.0
5502,70W,34,13.8,138.3,95200.0
5503,70W,34,13.6,137.3,95200.0
5504,70W,34,13.700000000000001,136.1,94600.0
5505,70W,34,14.0,134.8,94200.0
5506,70W,34,14.3,133.6,94300.0
5507,70W,34,14.5,133.0,94500.0
5508,70W,34,14.6,132.0,94200.0
5509,70W,34,15.200000000000001,131.2,94700.0
5510,70W,34,15.700000000000001,130.3,94800.0
5511,70W,34,16.2,129.5,95500.0
5512,70W,34,16.6,128.8,95300.0
5513,70W,34,17.1,128.3,95700.0
5514,70W,34,17.8,127.7,95800.0
5515,70W,34,18.400000000000002,127.5,96100.0
5516,70W,34,19.6,127.0,96000.0
5517,70W,34,20.900000000000002,127.0,96300.0
5518,70W,34,22.2,127.0,96500.0
5519,70W,34,24.0,127.9,97100.0
5520,70W,35,7.4,151.70000000000002,98500.0
5521,70W,35,7.6000000000000005,152.20000000000002,98800.0
5522,70W,35,7.8,152.1,98200.0
5523,70W,35,8.2,152.20000000000002,97900.0
5524,70W,35,8.8,152.3,97200.0
5525,70W,35,9.0,151.70000000000002,96900.0
5526,70W,35,9.1,151.70000000000002,95900.0
5527,70W,35,9.5,151.3,95400.0
5528,70W,35,9.9,150.70000000000002,94000.0
5529,70W,35,10.200000000000001,150.0,93100.0
5530,70W,35,10.700000000000001,149.20000000000002,91700.0
5531,70W,35,11.1,148.20000000000002,92600.0
5532,70W,35,11.4,147.5,92800.0
5533,70W,35,11.700000000000001,146.70000000000002,92600.0
5534,70W,35,12.200000000000001,145.8,91700.0
5535,70W,35,12.6,144.9,91600.0
5536,70W,35,13.1,144.1,91500.0
5537,70W,35,13.200000000000001,143.5,91600.0
5538,70W,35,13.3,143.0,92600.0
5539,70W,35,13.700000000000001,142.5,93500.0
5540,70W,35,14.0,141.9,93600.0
5541,70W,35,14.5,141.20000000000002,94600.0
5542,70W,35,15.0,140.3,95000.0
5543,70W,35,15.4,139.20000000000002,95600.0
5544,70W,35,15.9,138.70000000000002,95300.0
5545,70W,35,16.4,137.5,95700.0
5546,70W,35,16.9,136.70000000000002,95700.0
5547,70W,35,17.1,135.8,96000.0
5548,70W,35,17.3,135.0,95600.0
5549,70W,35,17.7,134.8,95400.0
5550,70W,35,17.7,133.9,95600.0
5551,70W,35,18.1,133.5,96000.0
5552,70W,35,18.900000000000002,133.8,95900.0
5553,70W,35,19.5,134.0,96700.0
5554,70W,35,20.3,133.9,96800.0
5555,70W,35,21.1,134.1,97200.0
5556,70W,35,22.1,134.5,97200.0
5557,70W,35,23.0,135.2,97600.0
5558,70W,35,23.900000000000002,135.9,97700.0
5559,70W,35,24.6,136.8,98100.0
5560,70W,36,8.5,150.1,98100.0
5561,70W,36,7.9,149.8,98300.0
5562,70W,36,8.1,150.0,98000.0
5563,70W,36,8.5,149.9,98200.0
5564,70W,36,9.1,149.6,97600.0
5565,70W,36,9.3,149.4,97500.0
5566,70W,36,9.5,148.6,96800.0
5567,70W,36,9.700000000000001,148.1,96300.0
5568,70W,36,10.200000000000001,147.5,95300.0
5569,70W,36,10.700000000000001,147.0,94600.0
5570,70W,36,11.200000000000001,146.3,93600.0
5571,70W,36,11.700000000000001,145.4,92600.0
5572,70W,36,12.0,144.3,92500.0
5573,70W,36,12.1,143.1,93700.0
5574,70W,36,12.1,142.4,92700.0
5575,70W,36,12.4,141.9,91700.0
5576,70W,36,12.700000000000001,141.3,91500.0
5577,70W,36,13.200000000000001,141.0,91200.0
5578,70W,36,13.5,140.6,90700.0
5579,70W,36,13.6,140.4,91800.0
5580,70W,36,14.0,140.20000000000002,91300.0
5581,70W,36,14.200000000000001,140.0,92400.0
5582,70W,36,14.700000000000001,139.8,92700.0
5583,70W,36,15.0,139.4,93500.0
5584,70W,36,15.4,138.9,93400.0
5585,70W,36,15.5,138.4,93800.0
5586,70W,36,15.8,138.0,94100.0
5587,70W,36,16.3,137.4,94500.0
5588,70W,36,16.6,136.9,94300.0
5589,70W,36,17.3,136.2,94600.0
5590,70W,36,17.8,135.7,94800.0
5591,70W,36,18.8,135.2,95300.0
5592,70W,36,19.7,134.9,95400.0
5593,70W,36,20.400000000000002,134.7,95900.0
5594,70W,36,21.6,134.9,96300.0
5595,70W,36,22.6,135.2,96900.0
5596,70W,36,23.900000000000002,136.1,96900.0
5597,70W,36,25.1,137.1,97400.0
5598,70W,36,25.6,138.4,97600.0
5599,70W,36,26.6,139.70000000000002,98100.0
5600,70W,37,7.9,151.70000000000002,98500.0
5601,70W,37,8.0,151.3,98500.0
5602,70W,37,7.9,151.70000000000002,98000.0
5603,70W,37,8.3,151.9,98200.0
5604,70W,37,8.8,151.8,97600.0
5605,70W,37,9.1,151.3,97600.0
5606,70W,37,9.5,150.8,97300.0
5607,70W,37,9.9,150.20000000000002,97400.0
5608,70W,37,10.200000000000001,149.5,97200.0
5609,70W,37,10.700000000000001,148.9,97500.0
5610,70W,37,11.200000000000001,148.0,97200.0
5611,70W,37,11.4,147.20000000000002,97400.0
5612,70W,37,11.9,146.6,97200.0
5613,70W,37,12.5,145.9,97700.0
5614,70W,37,13.1,145.1,97600.0
5615,70W,37,13.6,144.0,97700.0
5616,70W,37,13.700000000000001,143.20000000000002,97100.0
5617,70W,37,13.8,142.8,96900.0
5618,70W,37,14.0,142.1,96300.0
5619,70W,37,14.1,141.6,96200.0
5620,70W,37,14.5,141.1,95400.0
5621,70W,37,15.1,140.4,95100.0
5622,70W,37,15.700000000000001,139.5,94900.0
5623,70W,37,16.1,138.70000000000002,95300.0
5624,70W,37,16.4,138.1,95400.0
5625,70W,37,16.8,137.5,95700.0
5626,70W,37,17.2,137.0,96000.0
5627,70W,37,17.8,136.1,96300.0
5628,70W,37,18.3,135.4,96100.0
5629,70W,37,18.900000000000002,135.1,96400.0
5630,70W,37,19.5,134.7,96500.0
5631,70W,37,20.3,134.7,96900.0
5632,70W,37,21.400000000000002,135.2,96800.0
5633,70W,37,22.6,135.8,97000.0
5634,70W,37,23.8,137.1,96900.0
5635,70W,37,25.0,138.6,97200.0
5636,70W,37,26.6,141.1,97000.0
5637,70W,37,27.2,144.0,97600.0
5638,70W,37,28.1,147.5,98000.0
5639,70W,37,29.0,151.8,98700.0
5640,70W,38,7.9,151.5,98100.0
5641,70W,38,8.0,151.70000000000002,98300.0
5642,70W,38,8.6,151.8,97700.0
5643,70W,38,8.8,151.6,97600.0
5644,70W,38,9.3,151.6,97200.0
5645,70W,38,9.6,151.5,97000.0
5646,70W,38,10.1,151.5,96200.0
5647,70W,38,10.700000000000001,151.1,95700.0
5648,70W,38,11.5,150.3,94800.0
5649,70W,38,11.9,149.6,94700.0
5650,70W,38,12.5,148.8,94600.0
5651,70W,38,12.9,148.20000000000002,94700.0
5652,70W,38,13.6,147.5,95200.0
5653,70W,38,14.3,147.0,95700.0
5654,70W,38,15.1,146.3,95800.0
5655,70W,38,16.0,145.5,96200.0
5656,70W,38,16.4,144.8,96000.0
5657,70W,38,16.9,144.9,96400.0
5658,70W,38,17.6,144.70000000000002,96400.0
5659,70W,38,18.0,144.20000000000002,96800.0
5660,70W,38,18.5,144.0,96700.0
5661,70W,38,19.1,144.0,97100.0
5662,70W,38,19.3,144.0,97000.0
5663,70W,38,20.2,143.8,97300.0
5664,70W,38,20.900000000000002,144.0,97200.0
5665,70W,38,21.3,144.4,97500.0
5666,70W,38,22.3,145.3,97500.0
5667,70W,38,23.2,146.3,97900.0
5668,70W,38,23.7,147.5,98100.0
5669,70W,38,24.2,148.9,98400.0
5670,70W,38,24.7,150.3,98600.0
5671,70W,38,24.6,151.1,99100.0
5672,70W,38,24.7,152.0,99300.0
5673,70W,38,24.7,152.5,99900.0
5674,70W,38,25.2,152.9,100000.0
5675,70W,38,25.5,153.5,100300.0
5676,70W,38,,,
5677,70W,38,,,
5678,70W,38,,,
5679,70W,38,,,
5680,70W,39,7.2,151.8,98800.0
5681,70W,39,8.0,152.5,98900.0
5682,70W,39,7.9,152.70000000000002,98100.0
5683,70W,39,8.0,152.5,98100.0
5684,70W,39,8.4,152.1,97400.0
5685,70W,39,9.0,152.20000000000002,97300.0
5686,70W,39,9.3,151.9,96800.0
5687,70W,39,9.700000000000001,151.8,97000.0
5688,70W,39,10.200000000000001,151.3,96600.0
5689,70W,39,10.9,150.70000000000002,96400.0
5690,70W,39,11.700000000000001,150.1,95800.0
5691,70W,39,12.1,149.1,95600.0
5692,70W,39,12.8,148.20000000000002,95000.0
5693,70W,39,13.4,147.3,94900.0
5694,70W,39,13.9,146.3,94300.0
5695,70W,39,14.4,145.3,94500.0
5696,70W,39,14.700000000000001,144.6,94300.0
5697,70W,39,15.0,143.8,94200.0
5698,70W,39,15.3,143.3,94100.0
5699,70W,39,15.6,142.70000000000002,94400.0
5700,70W,39,16.1,142.1,93900.0
5701,70W,39,16.2,141.3,94300.0
5702,70W,39,16.5,140.8,94600.0
5703,70W,39,16.6,140.4,95100.0
5704,70W,39,17.1,140.1,95100.0
5705,70W,39,17.400000000000002,139.70000000000002,95400.0
5706,70W,39,17.8,139.5,95500.0
5707,70W,39,18.400000000000002,139.1,95900.0
5708,70W,39,19.0,138.4,95600.0
5709,70W,39,19.6,138.0,95900.0
5710,70W,39,20.400000000000002,137.4,96200.0
5711,70W,39,21.1,137.1,96500.0
5712,70W,39,21.8,136.8,96600.0
5713,70W,39,22.6,137.3,97000.0
5714,70W,39,23.900000000000002,137.9,97000.0
5715,70W,39,24.900000000000002,138.8,97500.0
5716,70W,39,25.900000000000002,140.20000000000002,97700.0
5717,70W,39,26.2,141.9,98100.0
5718,70W,39,26.5,143.8,98500.0
5719,70W,39,27.5,145.3,99200.0
5720,70W,40,8.3,151.1,98300.0
5721,70W,40,8.5,150.4,98500.0
5722,70W,40,8.5,150.6,97600.0
5723,70W,40,8.8,150.1,97200.0
5724,70W,40,8.6,149.70000000000002,96600.0
5725,70W,40,8.8,149.5,96300.0
5726,70W,40,9.3,149.0,95200.0
5727,70W,40,9.8,148.5,95100.0
5728,70W,40,10.200000000000001,147.5,94200.0
5729,70W,40,10.5,147.0,94100.0
5730,70W,40,11.1,146.1,94400.0
5731,70W,40,11.9,145.1,95300.0
5732,70W,40,12.4,143.70000000000002,95300.0
5733,70W,40,12.6,142.8,95900.0
5734,70W,40,13.0,142.20000000000002,96000.0
5735,70W,40,13.200000000000001,141.20000000000002,96300.0
5736,70W,40,13.6,140.9,96000.0
5737,70W,40,13.6,140.4,96200.0
5738,70W,40,14.0,140.20000000000002,95800.0
5739,70W,40,14.200000000000001,139.9,96000.0
5740,70W,40,14.6,139.9,95700.0
5741,70W,40,15.0,139.70000000000002,95800.0
5742,70W,40,15.3,139.6,95900.0
5743,70W,40,15.8,139.5,96000.0
5744,70W,40,16.5,139.5,95800.0
5745,70W,40,17.1,139.5,96000.0
5746,70W,40,17.400000000000002,139.6,96000.0
5747,70W,40,17.8,139.9,96500.0
5748,70W,40,18.5,140.1,96400.0
5749,70W,40,19.400000000000002,140.0,96800.0
5750,70W,40,19.8,140.1,96800.0
5751,70W,40,21.1,140.20000000000002,97100.0
5752,70W,40,22.3,140.6,96700.0
5753,70W,40,23.8,141.20000000000002,97200.0
5754,70W,40,25.2,142.4,97200.0
5755,70W,40,27.2,144.1,97400.0
5756,70W,40,29.5,146.6,97500.0
5757,70W,40,31.7,149.20000000000002,97600.0
5758,70W,40,33.7,152.5,97800.0
5759,70W,40,35.800000000000004,155.6,98100.0
5760,70W,41,8.4,150.6,98500.0
5761,70W,41,8.4,150.6,98700.0
5762,70W,41,8.5,150.5,98200.0
5763,70W,41,8.6,150.4,98200.0
5764,70W,41,9.0,150.5,97600.0
5765,70W,41,9.3,150.1,97600.0
5766,70W,41,9.6,149.3,97000.0
5767,70W,41,9.8,148.9,96900.0
5768,70W,41,10.200000000000001,148.5,96500.0
5769,70W,41,10.5,147.70000000000002,96600.0
5770,70W,41,10.9,146.8,95900.0
5771,70W,41,11.200000000000001,146.20000000000002,96200.0
5772,70W,41,11.9,145.8,96200.0
5773,70W,41,12.8,144.8,96500.0
5774,70W,41,13.3,143.70000000000002,96400.0
5775,70W,41,13.700000000000001,142.70000000000002,96700.0
5776,70W,41,13.8,142.0,96500.0
5777,70W,41,14.200000000000001,141.5,96700.0
5778,70W,41,14.3,140.9,96600.0
5779,70W,41,14.5,140.6,96700.0
5780,70W,41,14.9,140.1,96600.0
5781,70W,41,14.9,139.4,96700.0
5782,70W,41,15.0,138.9,96600.0
5783,70W,41,15.0,138.5,96800.0
5784,70W,41,15.4,138.20000000000002,96600.0
5785,70W,41,15.9,137.6,96700.0
5786,70W,41,16.0,136.8,96700.0
5787,70W,41,16.2,136.6,97100.0
5788,70W,41,17.1,136.3,97000.0
5789,70W,41,17.6,136.1,97000.0
5790,70W,41,18.3,136.0,97000.0
5791,70W,41,19.1,136.3,97300.0
5792,70W,41,20.0,136.9,97100.0
5793,70W,41,21.0,137.9,97300.0
5794,70W,41,21.8,139.20000000000002,97400.0
5795,70W,41,22.7,140.70000000000002,97500.0
5796,70W,41,23.5,142.20000000000002,97300.0
5797,70W,41,24.0,144.0,97900.0
5798,70W,41,24.3,145.5,98000.0
5799,70W,41,23.8,147.0,98600.0
5800,70W,42,8.6,151.3,97900.0
5801,70W,42,8.8,150.8,98000.0
5802,70W,42,8.6,150.6,97300.0
5803,70W,42,9.0,150.3,97100.0
5804,70W,42,9.0,150.0,96300.0
5805,70W,42,9.0,149.9,96100.0
5806,70W,42,9.3,149.70000000000002,96400.0
5807,70W,42,9.8,149.5,97000.0
5808,70W,42,10.5,149.20000000000002,96700.0
5809,70W,42,11.0,148.6,97200.0
5810,70W,42,11.700000000000001,148.1,97100.0
5811,70W,42,12.200000000000001,147.4,97400.0
5812,70W,42,12.9,146.5,97200.0
5813,70W,42,13.8,145.8,97300.0
5814,70W,42,14.200000000000001,144.9,96900.0
5815,70W,42,15.0,144.5,97000.0
5816,70W,42,15.5,144.1,96400.0
5817,70W,42,16.4,144.4,96500.0
5818,70W,42,16.5,143.5,96100.0
5819,70W,42,17.0,143.3,96200.0
5820,70W,42,17.0,142.9,96100.0
5821,70W,42,17.900000000000002,142.8,96300.0
5822,70W,42,18.1,142.5,96200.0
5823,70W,42,18.400000000000002,142.4,96500.0
5824,70W,42,18.8,142.4,96300.0
5825,70W,42,19.5,142.4,96900.0
5826,70W,42,20.0,142.5,97200.0
5827,70W,42,20.5,142.4,97700.0
5828,70W,42,21.1,142.6,97700.0
5829,70W,42,21.8,142.5,98100.0
5830,70W,42,22.5,142.70000000000002,98200.0
5831,70W,42,23.2,142.8,98500.0
5832,70W,42,24.1,143.1,98600.0
5833,70W,42,24.8,144.0,99100.0
5834,70W,42,25.7,144.6,99100.0
5835,70W,42,26.6,146.3,99500.0
5836,70W,42,27.3,148.1,99500.0
5837,70W,42,27.2,150.5,100000.0
5838,70W,42,27.1,152.3,100000.0
5839,70W,42,,,
5840,70W,43,7.4,151.5,98500.0
5841,70W,43,7.6000000000000005,152.0,98800.0
5842,70W,43,7.8,151.8,98200.0
5843,70W,43,8.1,151.9,98000.0
5844,70W,43,8.1,151.5,97200.0
5845,70W,43,8.4,151.5,96600.0
5846,70W,43,8.5,151.5,95600.0
5847,70W,43,8.5,151.1,96300.0
5848,70W,43,8.9,150.70000000000002,96500.0
5849,70W,43,9.4,150.8,97000.0
5850,70W,43,10.4,149.70000000000002,97300.0
5851,70W,43,10.700000000000001,149.9,97500.0
5852,70W,43,11.200000000000001,148.6,97500.0
5853,70W,43,11.8,148.20000000000002,97700.0
5854,70W,43,12.4,147.6,97400.0
5855,70W,43,12.8,147.6,97700.0
5856,70W,43,13.700000000000001,146.9,97400.0
5857,70W,43,14.1,147.1,97500.0
5858,70W,43,14.3,146.8,97100.0
5859,70W,43,14.9,146.5,97300.0
5860,70W,43,15.5,146.4,96900.0
5861,70W,43,16.1,145.8,97000.0
5862,70W,43,16.6,145.5,96500.0
5863,70W,43,17.3,145.0,96500.0
5864,70W,43,17.900000000000002,144.6,96000.0
5865,70W,43,18.5,144.6,96200.0
5866,70W,43,19.0,144.20000000000002,96000.0
5867,70W,43,19.7,143.70000000000002,96400.0
5868,70W,43,20.2,143.5,96400.0
5869,70W,43,20.7,143.5,96700.0
5870,70W,43,21.7,143.6,96700.0
5871,70W,43,22.5,143.9,97000.0
5872,70W,43,23.7,144.1,97000.0
5873,70W,43,25.0,145.1,97300.0
5874,70W,43,26.3,146.4,97400.0
5875,70W,43,28.1,148.3,97600.0
5876,70W,43,30.2,150.9,97500.0
5877,70W,43,32.3,154.4,97800.0
5878,70W,43,34.4,159.0,97800.0
5879,70W,43,36.4,164.6,98100.0
5880,70W,44,7.0,151.1,98000.0
5881,70W,44,7.2,151.70000000000002,98400.0
5882,70W,44,7.4,151.8,98000.0
5883,70W,44,7.7,152.3,97900.0
5884,70W,44,8.1,152.6,97500.0
5885,70W,44,8.4,152.20000000000002,97400.0
5886,70W,44,9.0,152.1,96600.0
5887,70W,44,9.5,151.70000000000002,96400.0
5888,70W,44,10.1,151.1,95800.0
5889,70W,44,10.5,150.4,95700.0
5890,70W,44,11.200000000000001,149.8,95100.0
5891,70W,44,11.5,148.9,95200.0
5892,70W,44,11.8,148.5,94900.0
5893,70W,44,12.3,148.20000000000002,95300.0
5894,70W,44,12.700000000000001,147.70000000000002,95000.0
5895,70W,44,13.3,147.3,95300.0
5896,70W,44,13.6,147.20000000000002,95000.0
5897,70W,44,14.0,147.0,95200.0
5898,70W,44,14.3,146.6,95000.0
5899,70W,44,14.5,146.4,95100.0
5900,70W,44,14.5,146.20000000000002,94500.0
5901,70W,44,15.3,145.70000000000002,94600.0
5902,70W,44,15.8,145.5,94300.0
5903,70W,44,16.2,144.9,94800.0
5904,70W,44,16.8,144.5,94600.0
5905,70W,44,17.3,144.3,94900.0
5906,70W,44,18.0,143.8,95000.0
5907,70W,44,18.5,143.5,95500.0
5908,70W,44,19.2,143.4,95600.0
5909,70W,44,19.7,143.3,96000.0
5910,70W,44,20.400000000000002,143.20000000000002,96400.0
5911,70W,44,20.900000000000002,143.20000000000002,96800.0
5912,70W,44,21.6,143.3,96800.0
5913,70W,44,22.3,143.20000000000002,97200.0
5914,70W,44,22.900000000000002,143.0,97300.0
5915,70W,44,23.8,143.0,97700.0
5916,70W,44,25.0,143.3,97800.0
5917,70W,44,26.0,143.8,98000.0
5918,70W,44,27.5,144.5,97900.0
5919,70W,44,28.5,145.4,98200.0
5920,70W,45,7.0,151.4,98000.0
5921,70W,45,7.5,152.20000000000002,98500.0
5922,70W,45,8.1,152.1,98400.0
5923,70W,45,8.5,151.8,98200.0
5924,70W,45,8.700000000000001,151.1,97600.0
5925,70W,45,8.6,150.70000000000002,97500.0
5926,70W,45,8.8,150.6,97000.0
5927,70W,45,9.3,150.4,97100.0
5928,70W,45,9.8,149.9,96700.0
5929,70W,45,10.4,149.3,96600.0
5930,70W,45,10.8,148.5,96200.0
5931,70W,45,11.3,147.70000000000002,96300.0
5932,70W,45,11.8,146.8,95800.0
5933,70W,45,12.3,146.0,96000.0
5934,70W,45,12.8,145.3,95700.0
5935,70W,45,13.200000000000001,144.6,95800.0
5936,70W,45,13.700000000000001,144.1,95300.0
5937,70W,45,14.1,143.9,95300.0
5938,70W,45,14.6,143.70000000000002,95300.0
5939,70W,45,15.0,143.5,95600.0
5940,70W,45,15.5,143.4,95400.0
5941,70W,45,15.9,143.3,95700.0
5942,70W,45,16.3,143.20000000000002,95900.0
5943,70W,45,16.7,143.4,96200.0
5944,70W,45,17.3,143.6,96000.0
5945,70W,45,17.8,143.8,96400.0
5946,70W,45,18.3,144.0,96600.0
5947,70W,45,18.7,144.3,97000.0
5948,70W,45,19.0,144.6,96900.0
5949,70W,45,19.5,144.8,97200.0
5950,70W,45,19.900000000000002,145.1,97200.0
5951,70W,45,20.400000000000002,145.4,97600.0
5952,70W,45,21.1,145.8,97500.0
5953,70W,45,21.8,146.4,97700.0
5954,70W,45,22.8,147.0,97600.0
5955,70W,45,23.7,147.8,97800.0
5956,70W,45,24.5,148.6,97500.0
5957,70W,45,24.8,149.1,97900.0
5958,70W,45,25.3,150.4,97900.0
5959,70W,45,25.900000000000002,151.4,98200.0
5960,70W,46,8.4,151.0,98400.0
5961,70W,46,8.3,150.8,98500.0
5962,70W,46,8.1,150.70000000000002,98000.0
5963,70W,46,8.4,150.6,97900.0
5964,70W,46,8.8,150.5,97400.0
5965,70W,46,9.3,149.9,97100.0
5966,70W,46,9.5,149.4,96300.0
5967,70W,46,9.8,148.9,95900.0
5968,70W,46,10.4,148.4,95500.0
5969,70W,46,11.0,147.70000000000002,96000.0
5970,70W,46,11.4,146.8,95200.0
5971,70W,46,11.9,145.8,95300.0
5972,70W,46,12.4,144.9,95000.0
5973,70W,46,12.6,144.0,94900.0
5974,70W,46,13.0,143.1,94100.0
5975,70W,46,13.3,142.4,92800.0
5976,70W,46,13.6,141.9,92100.0
5977,70W,46,13.8,141.6,91800.0
5978,70W,46,14.4,141.3,90900.0
5979,70W,46,14.9,140.9,91100.0
5980,70W,46,15.4,140.20000000000002,91700.0
5981,70W,46,15.5,139.70000000000002,92200.0
5982,70W,46,15.700000000000001,139.4,92700.0
5983,70W,46,15.9,139.0,93000.0
5984,70W,46,16.4,138.8,93200.0
5985,70W,46,16.6,138.5,94100.0
5986,70W,46,16.9,138.1,94600.0
5987,70W,46,17.2,137.9,95500.0
5988,70W,46,17.8,137.5,95600.0
5989,70W,46,18.7,137.1,96100.0
5990,70W,46,19.5,136.70000000000002,96200.0
5991,70W,46,20.5,136.3,96500.0
5992,70W,46,21.5,136.2,96400.0
5993,70W,46,22.3,136.4,96700.0
5994,70W,46,23.400000000000002,136.6,96700.0
5995,70W,46,24.5,137.5,97200.0
5996,70W,46,25.400000000000002,138.5,97300.0
5997,70W,46,25.7,139.20000000000002,97600.0
5998,70W,46,26.6,140.20000000000002,97900.0
5999,70W,46,27.1,141.1,98400.0
6000,70W,47,7.6000000000000005,151.0,98700.0
6001,70W,47,8.700000000000001,151.5,99100.0
6002,70W,47,8.4,150.5,98500.0
6003,70W,47,9.3,151.1,98400.0
6004,70W,47,8.9,151.3,98000.0
6005,70W,47,9.6,150.20000000000002,98100.0
6006,70W,47,9.700000000000001,149.6,97700.0
6007,70W,47,10.1,149.3,97700.0
6008,70W,47,10.700000000000001,148.70000000000002,97300.0
6009,70W,47,11.200000000000001,147.70000000000002,97300.0
6010,70W,47,11.700000000000001,146.8,97000.0
6011,70W,47,12.1,145.8,96900.0
6012,70W,47,12.5,145.1,96300.0
6013,70W,47,13.0,144.3,96300.0
6014,70W,47,13.6,143.8,96000.0
6015,70W,47,14.0,143.5,96200.0
6016,70W,47,14.700000000000001,143.20000000000002,95900.0
6017,70W,47,15.4,142.9,95900.0
6018,70W,47,15.8,142.5,95900.0
6019,70W,47,16.4,142.5,96400.0
6020,70W,47,17.0,142.5,96100.0
6021,70W,47,17.6,142.5,96400.0
6022,70W,47,18.1,142.6,96500.0
6023,70W,47,18.5,142.8,96700.0
6024,70W,47,18.8,143.1,96600.0
6025,70W,47,19.1,143.4,96900.0
6026,70W,47,19.5,143.6,97000.0
6027,70W,47,20.0,143.6,97400.0
6028,70W,47,20.5,143.5,97300.0
6029,70W,47,21.1,143.70000000000002,97600.0
6030,70W,47,21.7,143.9,97600.0
6031,70W,47,22.6,144.3,97800.0
6032,70W,47,23.6,145.0,97700.0
6033,70W,47,24.400000000000002,145.8,98100.0
6034,70W,47,25.5,147.4,98100.0
6035,70W,47,26.1,149.1,98500.0
6036,70W,47,27.2,152.3,98400.0
6037,70W,47,28.400000000000002,155.5,98600.0
6038,70W,47,29.8,158.6,98600.0
6039,70W,47,32.5,162.70000000000002,98300.0
6040,70W,48,7.9,151.8,98100.0
6041,70W,48,8.0,151.3,98400.0
6042,70W,48,8.1,151.5,98000.0
6043,70W,48,8.5,151.4,98200.0
6044,70W,48,8.8,151.20000000000002,97800.0
6045,70W,48,9.0,150.5,98100.0
6046,70W,48,9.200000000000001,150.0,98000.0
6047,70W,48,9.3,149.3,98400.0
6048,70W,48,9.5,148.8,98200.0
6049,70W,48,10.1,148.5,98500.0
6050,70W,48,10.8,147.5,98300.0
6051,70W,48,11.3,146.20000000000002,98400.0
6052,70W,48,11.8,145.4,98000.0
6053,70W,48,12.3,144.20000000000002,98100.0
6054,70W,48,12.5,143.4,97600.0
6055,70W,48,13.200000000000001,142.70000000000002,97700.0
6056,70W,48,13.700000000000001,141.9,97400.0
6057,70W,48,14.0,141.1,97500.0
6058,70W,48,14.3,140.4,97300.0
6059,70W,48,14.200000000000001,139.70000000000002,97400.0
6060,70W,48,14.3,139.1,97100.0
6061,70W,48,14.3,138.6,97300.0
6062,70W,48,14.3,138.20000000000002,97300.0
6063,70W,48,14.3,137.9,97600.0
6064,70W,48,14.700000000000001,137.4,97400.0
6065,70W,48,15.0,137.0,97500.0
6066,70W,48,15.0,136.3,97100.0
6067,70W,48,15.3,135.9,96900.0
6068,70W,48,15.9,135.6,96500.0
6069,70W,48,16.3,135.2,96600.0
6070,70W,48,16.7,135.0,96400.0
6071,70W,48,17.1,134.8,96700.0
6072,70W,48,18.0,135.0,96500.0
6073,70W,48,18.8,135.3,96700.0
6074,70W,48,19.7,135.8,96700.0
6075,70W,48,20.400000000000002,136.2,97100.0
6076,70W,48,21.6,136.9,96900.0
6077,70W,48,22.2,137.3,97400.0
6078,70W,48,22.900000000000002,137.8,97400.0
6079,70W,48,23.5,138.3,97900.0
6080,70W,49,7.7,151.20000000000002,97500.0
6081,70W,49,8.3,150.8,98400.0
6082,70W,49,8.0,151.20000000000002,98100.0
6083,70W,49,8.1,150.9,98100.0
6084,70W,49,8.1,151.0,97900.0
6085,70W,49,8.4,151.3,98100.0
6086,70W,49,8.6,151.1,97800.0
6087,70W,49,9.1,150.6,97900.0
6088,70W,49,9.5,150.1,97400.0
6089,70W,49,9.9,149.20000000000002,97200.0
6090,70W,49,10.5,149.0,96300.0
6091,70W,49,11.0,148.20000000000002,96400.0
6092,70W,49,11.700000000000001,147.4,95800.0
6093,70W,49,12.4,146.6,96000.0
6094,70W,49,12.9,145.8,95600.0
6095,70W,49,13.700000000000001,145.0,95900.0
6096,70W,49,14.1,144.3,95700.0
6097,70W,49,14.4,143.8,95900.0
6098,70W,49,14.6,143.5,95800.0
6099,70W,49,14.9,143.5,95900.0
6100,70W,49,15.5,143.20000000000002,95200.0
6101,70W,49,15.700000000000001,143.1,94800.0
6102,70W,49,16.2,142.6,94300.0
6103,70W,49,16.6,142.3,94300.0
6104,70W,49,17.0,142.0,94100.0
6105,70W,49,17.3,141.70000000000002,94500.0
6106,70W,49,17.6,141.3,94700.0
6107,70W,49,17.8,140.9,95400.0
6108,70W,49,18.0,140.6,95200.0
6109,70W,49,18.3,140.4,95600.0
6110,70W,49,18.8,140.1,95700.0
6111,70W,49,19.400000000000002,139.70000000000002,96200.0
6112,70W,49,20.2,139.5,96100.0
6113,70W,49,21.2,139.70000000000002,96300.0
6114,70W,49,22.0,140.0,96400.0
6115,70W,49,23.1,140.1,96800.0
6116,70W,49,24.1,141.0,96600.0
6117,70W,49,24.6,141.8,97200.0
6118,70W,49,25.6,143.0,97700.0
6119,70W,49,26.2,144.1,98200.0
6120,70W,50,8.2,150.5,98000.0
6121,70W,50,8.1,150.1,98200.0
6122,70W,50,7.7,150.0,97600.0
6123,70W,50,8.1,150.3,97900.0
6124,70W,50,8.5,150.1,97400.0
6125,70W,50,8.700000000000001,150.0,97000.0
6126,70W,50,9.200000000000001,149.6,96300.0
6127,70W,50,9.5,149.3,96300.0
6128,70W,50,10.0,148.8,96700.0
6129,70W,50,10.5,148.0,97400.0
6130,70W,50,11.0,147.20000000000002,97100.0
6131,70W,50,11.4,146.4,97300.0
6132,70W,50,12.1,145.4,96800.0
6133,70W,50,12.1,144.5,96300.0
6134,70W,50,12.8,143.5,96200.0
6135,70W,50,12.9,142.9,96300.0
6136,70W,50,13.4,142.4,95900.0
6137,70W,50,13.8,142.1,95500.0
6138,70W,50,14.3,141.4,95100.0
6139,70W,50,14.700000000000001,140.6,95400.0
6140,70W,50,15.200000000000001,140.0,95000.0
6141,70W,50,15.5,139.3,95100.0
6142,70W,50,15.700000000000001,138.6,95000.0
6143,70W,50,15.9,138.1,95100.0
6144,70W,50,16.3,137.6,94800.0
6145,70W,50,16.5,137.1,95200.0
6146,70W,50,17.0,136.70000000000002,95100.0
6147,70W,50,17.3,136.4,95300.0
6148,70W,50,18.0,135.8,95000.0
6149,70W,50,18.6,135.5,95200.0
6150,70W,50,19.5,135.4,95600.0
6151,70W,50,20.5,135.6,96100.0
6152,70W,50,21.6,136.1,96200.0
6153,70W,50,22.7,137.0,96500.0
6154,70W,50,23.7,138.1,96600.0
6155,70W,50,24.6,139.4,97000.0
6156,70W,50,25.7,140.6,97300.0
6157,70W,50,25.3,142.3,98100.0
6158,70W,50,25.6,143.5,98600.0
6159,70W,50,25.8,144.70000000000002,99200.0
6160,70W,51,7.9,151.5,98500.0
6161,70W,51,8.1,151.3,98700.0
6162,70W,51,8.2,151.1,98000.0
6163,70W,51,8.4,151.1,98000.0
6164,70W,51,8.8,150.9,97400.0
6165,70W,51,9.1,150.5,97300.0
6166,70W,51,9.3,150.1,96800.0
6167,70W,51,9.6,149.4,96600.0
6168,70W,51,10.200000000000001,148.9,95900.0
6169,70W,51,10.6,148.20000000000002,95800.0
6170,70W,51,11.200000000000001,147.3,95200.0
6171,70W,51,11.8,146.4,95200.0
6172,70W,51,12.4,145.4,93500.0
6173,70W,51,12.8,144.4,93300.0
6174,70W,51,13.4,143.5,92800.0
6175,70W,51,13.8,142.70000000000002,92600.0
6176,70W,51,14.200000000000001,142.1,92000.0
6177,70W,51,14.4,141.5,92100.0
6178,70W,51,14.700000000000001,140.9,90800.0
6179,70W,51,15.0,140.4,91400.0
6180,70W,51,15.4,139.70000000000002,90600.0
6181,70W,51,15.6,139.1,91900.0
6182,70W,51,15.9,138.5,91000.0
6183,70W,51,16.2,138.0,91800.0
6184,70W,51,16.9,137.6,92000.0
6185,70W,51,17.2,137.0,91800.0
6186,70W,51,17.400000000000002,136.4,91800.0
6187,70W,51,18.0,135.9,92000.0
6188,70W,51,18.5,135.4,92000.0
6189,70W,51,19.1,135.3,92400.0
6190,70W,51,19.900000000000002,135.2,92600.0
6191,70W,51,20.7,135.4,93400.0
6192,70W,51,21.900000000000002,135.7,93800.0
6193,70W,51,22.8,136.4,94700.0
6194,70W,51,23.6,137.3,95500.0
6195,70W,51,24.400000000000002,138.6,96500.0
6196,70W,51,25.3,140.20000000000002,97000.0
6197,70W,51,25.6,141.9,97700.0
6198,70W,51,25.900000000000002,143.9,98000.0
6199,70W,51,26.0,145.20000000000002,98700.0
6200,70W,52,7.9,151.5,98500.0
6201,70W,52,8.1,151.3,98700.0
6202,70W,52,8.2,151.1,98000.0
6203,70W,52,8.4,151.1,98000.0
6204,70W,52,8.8,150.9,97400.0
6205,70W,52,9.1,150.5,97300.0
6206,70W,52,9.3,150.1,96800.0
6207,70W,52,9.6,149.4,96600.0
6208,70W,52,10.200000000000001,148.9,95900.0
6209,70W,52,10.6,148.20000000000002,95800.0
6210,70W,52,11.200000000000001,147.3,95200.0
6211,70W,52,11.8,146.4,95200.0
6212,70W,52,12.4,145.4,93500.0
6213,70W,52,12.8,144.4,93300.0
6214,70W,52,13.4,143.5,92800.0
6215,70W,52,13.8,142.70000000000002,92600.0
6216,70W,52,14.200000000000001,142.1,92000.0
6217,70W,52,14.4,141.5,92100.0
6218,70W,52,14.700000000000001,140.9,90800.0
6219,70W,52,15.0,140.4,91400.0
6220,70W,52,15.4,139.70000000000002,90600.0
6221,70W,52,15.6,139.1,91900.0
6222,70W,52,15.9,138.5,91000.0
6223,70W,52,16.2,138.0,91800.0
6224,70W,52,16.9,137.6,92000.0
6225,70W,52,17.2,137.0,91800.0
6226,70W,52,17.400000000000002,136.4,91800.0
6227,70W,52,18.0,135.9,92000.0
6228,70W,52,18.5,135.4,92000.0
6229,70W,52,19.1,135.3,92400.0
6230,70W,52,19.900000000000002,135.2,92600.0
6231,70W,52,20.7,135.4,93400.0
6232,70W,52,21.900000000000002,135.7,93800.0
6233,70W,52,22.8,136.4,94700.0
6234,70W,52,23.6,137.3,95500.0
6235,70W,52,24.400000000000002,138.6,96500.0
6236,70W,52,25.3,140.20000000000002,97000.0
6237,70W,52,25.6,141.9,97700.0
6238,70W,52,25.900000000000002,143.9,98000.0
6239,70W,52,26.0,145.20000000000002,98700.0
6240,71W,1,,,
6241,71W,1,,,
6242,71W,1,,,
6243,71W,1,,,
6244,71W,1,,,
6245,71W,1,,,
6246,71W,1,,,
6247,71W,1,,,
6248,71W,1,,,
6249,71W,1,,,
6250,71W,1,,,
6251,71W,1,,,
6252,71W,1,,,
6253,71W,1,,,
6254,71W,1,,,
6255,71W,1,,,
6256,71W,1,,,
6257,71W,1,,,
6258,71W,1,,,
6259,71W,1,,,
6260,71W,1,,,
6261,71W,1,,,
6262,71W,1,,,
6263,71W,1,,,
6264,71W,1,,,
6265,71W,1,,,
6266,71W,1,22.6,160.4,100600.0
6267,71W,1,22.7,161.5,100500.0
6268,71W,1,22.8,162.20000000000002,100500.0
6269,71W,1,,,
6270,71W,1,23.2,166.8,100500.0
6271,71W,1,23.400000000000002,167.4,100700.0
6272,71W,1,,,
6273,71W,1,,,
6274,71W,2,,,
6275,71W,2,,,
6276,71W,2,8.9,173.9,100700.0
6277,71W,2,,,
6278,71W,2,,,
6279,71W,2,,,
6280,71W,2,,,
6281,71W,2,,,
6282,71W,2,,,
6283,71W,2,,,
6284,71W,2,,,
6285,71W,2,,,
6286,71W,2,,,
6287,71W,2,,,
6288,71W,2,,,
6289,71W,2,,,
6290,71W,2,,,
6291,71W,2,,,
6292,71W,2,,,
6293,71W,2,,,
6294,71W,2,,,
6295,71W,2,,,
6296,71W,2,,,
6297,71W,2,,,
6298,71W,2,,,
6299,71W,2,,,
6300,71W,2,,,
6301,71W,2,,,
6302,71W,2,,,
6303,71W,2,,,
6304,71W,2,,,
6305,71W,2,,,
6306,71W,2,,,
6307,71W,2,,,
6308,71W,5,8.0,170.5,100500.0
6309,71W,5,,,
6310,71W,5,6.2,171.4,100600.0
6311,71W,5,,,
6312,71W,5,,,
6313,71W,5,,,
6314,71W,5,,,
6315,71W,5,,,
6316,71W,5,,,
6317,71W,5,,,
6318,71W,5,,,
6319,71W,5,,,
6320,71W,5,,,
6321,71W,5,,,
6322,71W,5,,,
6323,71W,5,,,
6324,71W,5,,,
6325,71W,5,,,
6326,71W,5,,,
6327,71W,5,,,
6328,71W,5,,,
6329,71W,5,,,
6330,71W,5,,,
6331,71W,5,,,
6332,71W,5,,,
6333,71W,5,,,
6334,71W,5,,,
6335,71W,5,,,
6336,71W,5,,,
6337,71W,5,,,
6338,71W,5,,,
6339,71W,5,,,
6340,71W,5,,,
6341,71W,5,,,
6342,71W,6,,,
6343,71W,6,,,
6344,71W,6,,,
6345,71W,6,,,
6346,71W,6,,,
6347,71W,6,,,
6348,71W,6,,,
6349,71W,6,7.9,163.4,100200.0
6350,71W,6,9.5,163.5,100200.0
6351,71W,6,,,
6352,71W,6,,,
6353,71W,6,,,
6354,71W,6,,,
6355,71W,6,,,
6356,71W,6,,,
6357,71W,6,,,
6358,71W,6,,,
6359,71W,6,,,
6360,71W,6,,,
6361,71W,6,,,
6362,71W,6,,,
6363,71W,6,,,
6364,71W,6,,,
6365,71W,6,,,
6366,71W,6,,,
6367,71W,6,,,
6368,71W,6,,,
6369,71W,6,,,
6370,71W,6,,,
6371,71W,6,,,
6372,71W,6,,,
6373,71W,6,,,
6374,71W,6,,,
6375,71W,6,,,
6376,71W,10,,,
6377,71W,10,7.9,167.5,100700.0
6378,71W,10,,,
6379,71W,10,,,
6380,71W,10,,,
6381,71W,10,,,
6382,71W,10,,,
6383,71W,10,,,
6384,71W,10,,,
6385,71W,10,,,
6386,71W,10,,,
6387,71W,10,,,
6388,71W,10,,,
6389,71W,10,,,
6390,71W,10,,,
6391,71W,10,,,
6392,71W,10,,,
6393,71W,10,,,
6394,71W,10,,,
6395,71W,10,,,
6396,71W,10,,,
6397,71W,10,,,
6398,71W,10,,,
6399,71W,10,,,
6400,71W,10,,,
6401,71W,10,,,
6402,71W,10,,,
6403,71W,10,,,
6404,71W,10,,,
6405,71W,10,,,
6406,71W,10,,,
6407,71W,10,,,
6408,71W,10,,,
6409,71W,10,,,
6410,71W,11,,,
6411,71W,11,,,
6412,71W,11,7.4,176.4,100600.0
6413,71W,11,7.8,175.5,100800.0
6414,71W,11,,,
6415,71W,11,,,
6416,71W,11,,,
6417,71W,11,,,
6418,71W,11,,,
6419,71W,11,,,
6420,71W,11,,,
6421,71W,11,,,
6422,71W,11,,,
6423,71W,11,,,
6424,71W,11,,,
6425,71W,11,,,
6426,71W,11,,,
6427,71W,11,,,
6428,71W,11,,,
6429,71W,11,,,
6430,71W,11,,,
6431,71W,11,,,
6432,71W,11,,,
6433,71W,11,,,
6434,71W,11,,,
6435,71W,11,,,
6436,71W,11,,,
6437,71W,11,,,
6438,71W,11,,,
6439,71W,11,,,
6440,71W,11,,,
6441,71W,11,,,
6442,71W,11,,,
6443,71W,11,,,
6444,71W,14,,,
6445,71W,14,6.9,170.8,100800.0
6446,71W,14,,,
6447,71W,14,,,
6448,71W,14,,,
6449,71W,14,,,
6450,71W,14,,,
6451,71W,14,,,
6452,71W,14,,,
6453,71W,14,,,
6454,71W,14,,,
6455,71W,14,,,
6456,71W,14,,,
6457,71W,14,,,
6458,71W,14,,,
6459,71W,14,,,
6460,71W,14,,,
6461,71W,14,,,
6462,71W,14,,,
6463,71W,14,,,
6464,71W,14,,,
6465,71W,14,,,
6466,71W,14,,,
6467,71W,14,,,
6468,71W,14,,,
6469,71W,14,,,
6470,71W,14,,,
6471,71W,14,,,
6472,71W,14,,,
6473,71W,14,,,
6474,71W,14,,,
6475,71W,14,,,
6476,71W,14,,,
6477,71W,14,,,
6478,71W,15,,,
6479,71W,15,,,
6480,71W,15,,,
6481,71W,15,,,
6482,71W,15,,,
6483,71W,15,,,
6484,71W,15,,,
6485,71W,15,,,
6486,71W,15,,,
6487,71W,15,,,
6488,71W,15,,,
6489,71W,15,,,
6490,71W,15,,,
6491,71W,15,,,
6492,71W,15,,,
6493,71W,15,,,
6494,71W,15,,,
6495,71W,15,,,
6496,71W,15,,,
6497,71W,15,7.1000000000000005,164.1,100700.0
6498,71W,15,,,
6499,71W,15,3.7,166.9,100600.0
6500,71W,15,,,
6501,71W,15,,,
6502,71W,15,,,
6503,71W,15,,,
6504,71W,15,,,
6505,71W,15,,,
6506,71W,15,,,
6507,71W,15,,,
6508,71W,15,,,
6509,71W,15,,,
6510,71W,15,,,
6511,71W,15,,,
6512,71W,17,,,
6513,71W,17,,,
6514,71W,17,,,
6515,71W,17,,,
6516,71W,17,,,
6517,71W,17,,,
6518,71W,17,,,
6519,71W,17,,,
6520,71W,17,,,
6521,71W,17,,,
6522,71W,17,,,
6523,71W,17,,,
6524,71W,17,,,
6525,71W,17,,,
6526,71W,17,,,
6527,71W,17,,,
6528,71W,17,,,
6529,71W,17,,,
6530,71W,17,,,
6531,71W,17,,,
6532,71W,17,,,
6533,71W,17,,,
6534,71W,17,,,
6535,71W,17,,,
6536,71W,17,,,
6537,71W,17,,,
6538,71W,17,,,
6539,71W,17,,,
6540,71W,17,,,
6541,71W,17,,,
6542,71W,17,33.7,171.8,99100.0
6543,71W,17,33.8,172.8,98900.0
6544,71W,17,32.7,173.4,98800.0
6545,71W,17,31.7,173.8,99100.0
6546,71W,18,,,
6547,71W,18,,,
6548,71W,18,,,
6549,71W,18,,,
6550,71W,18,,,
6551,71W,18,,,
6552,71W,18,,,
6553,71W,18,,,
6554,71W,18,,,
6555,71W,18,,,
6556,71W,18,3.6,166.9,100200.0
6557,71W,18,4.2,167.20000000000002,100300.0
6558,71W,18,,,
6559,71W,18,6.9,169.6,100700.0
6560,71W,18,,,
6561,71W,18,,,
6562,71W,18,,,
6563,71W,18,,,
6564,71W,18,,,
6565,71W,18,,,
6566,71W,18,,,
6567,71W,18,,,
6568,71W,18,,,
6569,71W,18,,,
6570,71W,18,,,
6571,71W,18,,,
6572,71W,18,,,
6573,71W,18,,,
6574,71W,18,,,
6575,71W,18,,,
6576,71W,18,,,
6577,71W,18,,,
6578,71W,18,,,
6579,71W,18,,,
6580,71W,25,,,
6581,71W,25,,,
6582,71W,25,,,
6583,71W,25,,,
6584,71W,25,,,
6585,71W,25,,,
6586,71W,25,5.3,163.3,100100.0
6587,71W,25,4.6000000000000005,165.0,100500.0
6588,71W,25,,,
6589,71W,25,,,
6590,71W,25,,,
6591,71W,25,,,
6592,71W,25,,,
6593,71W,25,,,
6594,71W,25,,,
6595,71W,25,,,
6596,71W,25,,,
6597,71W,25,,,
6598,71W,25,,,
6599,71W,25,,,
6600,71W,25,,,
6601,71W,25,,,
6602,71W,25,,,
6603,71W,25,,,
6604,71W,25,,,
6605,71W,25,,,
6606,71W,25,,,
6607,71W,25,,,
6608,71W,25,,,
6609,71W,25,,,
6610,71W,25,,,
6611,71W,25,,,
6612,71W,25,,,
6613,71W,25,,,
6614,71W,34,,,
6615,71W,34,,,
6616,71W,34,,,
6617,71W,34,,,
6618,71W,34,,,
6619,71W,34,7.4,157.5,100100.0
6620,71W,34,,,
6621,71W,34,10.0,158.3,100500.0
6622,71W,34,,,
6623,71W,34,,,
6624,71W,34,,,
6625,71W,34,,,
6626,71W,34,,,
6627,71W,34,,,
6628,71W,34,,,
6629,71W,34,,,
6630,71W,34,,,
6631,71W,34,,,
6632,71W,34,,,
6633,71W,34,,,
6634,71W,34,,,
6635,71W,34,,,
6636,71W,34,,,
6637,71W,34,,,
6638,71W,34,,,
6639,71W,34,,,
6640,71W,34,,,
6641,71W,34,,,
6642,71W,34,,,
6643,71W,34,,,
6644,71W,34,,,
6645,71W,34,,,
6646,71W,34,,,
6647,71W,34,,,
6648,71W,40,,,
6649,71W,40,,,
6650,71W,40,,,
6651,71W,40,,,
6652,71W,40,,,
6653,71W,40,,,
6654,71W,40,7.8,176.6,100500.0
6655,71W,40,8.1,176.9,100700.0
6656,71W,40,8.3,176.9,100700.0
6657,71W,40,,,
6658,71W,40,,,
6659,71W,40,,,
6660,71W,40,,,
6661,71W,40,,,
6662,71W,40,,,
6663,71W,40,,,
6664,71W,40,,,
6665,71W,40,,,
6666,71W,40,,,
6667,71W,40,,,
6668,71W,40,,,
6669,71W,40,,,
6670,71W,40,,,
6671,71W,40,,,
6672,71W,40,,,
6673,71W,40,,,
6674,71W,40,,,
6675,71W,40,,,
6676,71W,40,,,
6677,71W,40,,,
6678,71W,40,,,
6679,71W,40,,,
6680,71W,40,,,
6681,71W,40,,,
6682,71W,42,8.9,169.6,100600.0
6683,71W,42,7.6000000000000005,170.5,100700.0
6684,71W,42,,,
6685,71W,42,7.3,168.70000000000002,100600.0
6686,71W,42,,,
6687,71W,42,,,
6688,71W,42,,,
6689,71W,42,,,
6690,71W,42,,,
6691,71W,42,,,
6692,71W,42,,,
6693,71W,42,,,
6694,71W,42,,,
6695,71W,42,,,
6696,71W,42,,,
6697,71W,42,,,
6698,71W,42,,,
6699,71W,42,,,
6700,71W,42,,,
6701,71W,42,,,
6702,71W,42,,,
6703,71W,42,,,
6704,71W,42,,,
6705,71W,42,,,
6706,71W,42,,,
6707,71W,42,,,
6708,71W,42,,,
6709,71W,42,,,
6710,71W,42,,,
6711,71W,42,,,
6712,71W,42,,,
6713,71W,42,,,
6714,71W,42,,,
6715,71W,42,,,
6716,71W,46,9.5,171.3,100700.0
6717,71W,46,,,
6718,71W,46,,,
6719,71W,46,,,
6720,71W,46,,,
6721,71W,46,,,
6722,71W,46,,,
6723,71W,46,,,
6724,71W,46,,,
6725,71W,46,,,
6726,71W,46,,,
6727,71W,46,,,
6728,71W,46,,,
6729,71W,46,,,
6730,71W,46,,,
6731,71W,46,,,
6732,71W,46,,,
6733,71W,46,,,
6734,71W,46,,,
6735,71W,46,,,
6736,71W,46,,,
6737,71W,46,,,
6738,71W,46,,,
6739,71W,46,,,
6740,71W,46,,,
6741,71W,46,,,
6742,71W,46,,,
6743,71W,46,,,
6744,71W,46,,,
6745,71W,46,,,
6746,71W,46,,,
6747,71W,46,,,
6748,71W,46,,,
6749,71W,46,,,
6750,71W,50,,,
6751,71W,50,,,
6752,71W,50,,,
6753,71W,50,,,
6754,71W,50,,,
6755,71W,50,,,
6756,71W,50,,,
6757,71W,50,,,
6758,71W,50,,,
6759,71W,50,,,
6760,71W,50,4.0,165.4,100300.0
6761,71W,50,4.9,167.1,100300.0
6762,71W,50,,,
6763,71W,50,,,
6764,71W,50,,,
6765,71W,50,6.9,169.3,100700.0
6766,71W,50,,,
6767,71W,50,,,
6768,71W,50,,,
6769,71W,50,,,
6770,71W,50,,,
6771,71W,50,,,
6772,71W,50,,,
6773,71W,50,,,
6774,71W,50,,,
6775,71W,50,,,
6776,71W,50,,,
6777,71W,50,,,
6778,71W,50,,,
6779,71W,50,,,
6780,71W,50,,,
6781,71W,50,,,
6782,71W,50,,,
6783,71W,50,,,
6784,72W,5,,,
6785,72W,5,,,
6786,72W,5,8.700000000000001,176.6,100700.0
6787,72W,5,8.3,177.9,100700.0
6788,72W,5,,,
6789,72W,5,,,
6790,72W,5,,,
6791,72W,5,,,
6792,72W,5,,,
6793,72W,5,,,
6794,72W,5,,,
6795,72W,5,,,
6796,72W,5,,,
6797,72W,5,,,
6798,72W,5,,,
6799,72W,5,,,
6800,72W,5,,,
6801,72W,5,,,
6802,72W,5,,,
6803,72W,5,,,
6804,72W,5,,,
6805,72W,5,,,
6806,72W,5,,,
6807,72W,5,,,
6808,72W,5,,,
6809,72W,5,,,
6810,72W,5,,,
6811,72W,5,,,
6812,72W,5,,,
6813,72W,5,,,
6814,72W,5,,,
6815,72W,5,,,
6816,72W,5,,,
6817,72W,5,,,
6818,72W,5,,,
6819,72W,5,,,
6820,72W,5,,,
6821,72W,5,,,
6822,72W,5,,,
6823,72W,6,,,
6824,72W,6,,,
6825,72W,6,,,
6826,72W,6,,,
6827,72W,6,,,
6828,72W,6,,,
6829,72W,6,,,
6830,72W,6,,,
6831,72W,6,,,
6832,72W,6,,,
6833,72W,6,,,
6834,72W,6,,,
6835,72W,6,4.0,167.8,100400.0
6836,72W,6,,,
6837,72W,6,5.5,169.20000000000002,100500.0
6838,72W,6,3.3000000000000003,169.6,100600.0
6839,72W,6,,,
6840,72W,6,,,
6841,72W,6,,,
6842,72W,6,,,
6843,72W,6,,,
6844,72W,6,,,
6845,72W,6,,,
6846,72W,6,,,
6847,72W,6,,,
6848,72W,6,,,
6849,72W,6,,,
6850,72W,6,,,
6851,72W,6,,,
6852,72W,6,,,
6853,72W,6,,,
6854,72W,6,,,
6855,72W,6,,,
6856,72W,6,,,
6857,72W,6,,,
6858,72W,6,,,
6859,72W,6,,,
6860,72W,6,,,
6861,72W,6,,,
6862,72W,14,,,
6863,72W,14,,,
6864,72W,14,,,
6865,72W,14,,,
6866,72W,14,,,
6867,72W,14,,,
6868,72W,14,,,
6869,72W,14,,,
6870,72W,14,,,
6871,72W,14,,,
6872,72W,14,,,
6873,72W,14,,,
6874,72W,14,,,
6875,72W,14,,,
6876,72W,14,,,
6877,72W,14,,,
6878,72W,14,,,
6879,72W,14,,,
6880,72W,14,,,
6881,72W,14,,,
6882,72W,14,,,
6883,72W,14,,,
6884,72W,14,,,
6885,72W,14,,,
6886,72W,14,,,
6887,72W,14,,,
6888,72W,14,,,
6889,72W,14,,,
6890,72W,14,,,
6891,72W,14,,,
6892,72W,14,,,
6893,72W,14,,,
6894,72W,14,32.3,174.3,98300.0
6895,72W,14,32.5,176.0,97900.0
6896,72W,14,32.5,177.4,97900.0
6897,72W,14,32.7,178.70000000000002,98000.0
6898,72W,14,32.8,-179.9,98000.0
6899,72W,14,33.1,-179.6,98200.0
6900,72W,14,33.6,-179.1,98500.0
6901,72W,15,,,
6902,72W,15,,,
6903,72W,15,,,
6904,72W,15,,,
6905,72W,15,,,
6906,72W,15,,,
6907,72W,15,,,
6908,72W,15,,,
6909,72W,15,,,
6910,72W,15,,,
6911,72W,15,,,
6912,72W,15,,,
6913,72W,15,,,
6914,72W,15,,,
6915,72W,15,,,
6916,72W,15,,,
6917,72W,15,,,
6918,72W,15,,,
6919,72W,15,,,
6920,72W,15,,,
6921,72W,15,,,
6922,72W,15,,,
6923,72W,15,,,
6924,72W,15,,,
6925,72W,15,,,
6926,72W,15,,,
6927,72W,15,,,
6928,72W,15,,,
6929,72W,15,,,
6930,72W,15,,,
6931,72W,15,,,
6932,72W,15,,,
6933,72W,15,,,
6934,72W,15,1.9000000000000001,166.5,101000.0
6935,72W,15,,,
6936,72W,15,2.6,162.8,100900.0
6937,72W,15,,,
6938,72W,15,,,
6939,72W,15,,,
6940,73W,6,,,
6941,73W,6,,,
6942,73W,6,,,
6943,73W,6,,,
6944,73W,6,,,
6945,73W,6,,,
6946,73W,6,,,
6947,73W,6,,,
6948,73W,6,,,
6949,73W,6,,,
6950,73W,6,,,
6951,73W,6,,,
6952,73W,6,,,
6953,73W,6,8.4,161.1,100800.0
6954,73W,6,,,
6955,73W,6,9.8,164.8,100700.0
6956,73W,6,,,
6957,73W,6,,,
6958,73W,6,,,
6959,73W,6,,,
6960,73W,6,,,
6961,73W,6,,,
6962,73W,6,,,
6963,73W,6,,,
6964,73W,6,,,
6965,73W,6,,,
6966,73W,6,,,
6967,73W,6,,,
6968,73W,6,,,
6969,73W,6,,,
6970,73W,6,,,
6971,73W,6,,,
6972,73W,6,,,
6973,73W,6,,,
6974,73W,6,,,
6975,73W,6,,,
6976,73W,6,,,
6977,73W,6,,,
6978,73W,6,,,
6979,73W,6,,,
6980,73W,15,,,
6981,73W,15,,,
6982,73W,15,,,
6983,73W,15,,,
6984,73W,15,,,
6985,73W,15,,,
6986,73W,15,,,
6987,73W,15,,,
6988,73W,15,,,
6989,73W,15,,,
6990,73W,15,,,
6991,73W,15,,,
6992,73W,15,,,
6993,73W,15,,,
6994,73W,15,,,
6995,73W,15,,,
6996,73W,15,,,
6997,73W,15,,,
6998,73W,15,,,
6999,73W,15,,,
7000,73W,15,,,
7001,73W,15,,,
7002,73W,15,,,
7003,73W,15,,,
7004,73W,15,,,
7005,73W,15,,,
7006,73W,15,,,
7007,73W,15,,,
7008,73W,15,,,
7009,73W,15,,,
7010,73W,15,,,
7011,73W,15,,,
7012,73W,15,,,
7013,73W,15,,,
7014,73W,15,,,
7015,73W,15,18.6,168.1,100800.0
7016,73W,15,18.0,168.5,100600.0
7017,73W,15,17.6,169.1,100700.0
7018,73W,15,,,
7019,73W,15,17.5,169.5,100700.0
7020,70E,3,,,
7021,70E,3,,,
7022,70E,3,,,
7023,70E,3,,,
7024,70E,3,,,
7025,70E,3,,,
7026,70E,3,,,
7027,70E,3,,,
7028,70E,3,,,
7029,70E,3,,,
7030,70E,3,,,
7031,70E,3,,,
7032,70E,3,,,
7033,70E,3,,,
7034,70E,3,,,
7035,70E,3,,,
7036,70E,3,,,
7037,70E,3,,,
7038,70E,3,,,
7039,70E,3,,,
7040,70E,3,,,
7041,70E,3,,,
7042,70E,3,,,
7043,70E,3,,,
7044,70E,3,,,
7045,70E,3,,,
7046,70E,3,,,
7047,70E,3,,,
7048,70E,3,,,
7049,70E,3,,,
7050,70E,3,6.7,-94.7,101000.0
7051,70E,3,6.0,-94.4,100700.0
7052,70E,3,,,
7053,70E,3,6.2,-91.7,100600.0
7054,70E,3,7.2,-90.8,100700.0
7055,70E,3,8.700000000000001,-90.7,100600.0
7056,70E,3,9.1,-92.3,100800.0
7057,70E,3,,,
7058,70E,3,,,
7059,70E,3,,,
7060,70E,9,,,
7061,70E,9,,,
7062,70E,9,,,
7063,70E,9,,,
7064,70E,9,,,
7065,70E,9,,,
7066,70E,9,,,
7067,70E,9,,,
7068,70E,9,,,
7069,70E,9,,,
7070,70E,9,,,
7071,70E,9,,,
7072,70E,9,,,
7073,70E,9,,,
7074,70E,9,,,
7075,70E,9,,,
7076,70E,9,,,
7077,70E,9,,,
7078,70E,9,,,
7079,70E,9,,,
7080,70E,9,,,
7081,70E,9,,,
7082,70E,9,,,
7083,70E,9,,,
7084,70E,9,,,
7085,70E,9,,,
7086,70E,9,,,
7087,70E,9,6.0,-100.0,100600.0
7088,70E,9,,,
7089,70E,9,,,
7090,70E,9,4.4,-100.60000000000001,101000.0
7091,70E,9,,,
7092,70E,9,4.9,-100.10000000000001,101000.0
7093,70E,9,4.1,-100.4,100600.0
7094,70E,9,4.6000000000000005,-101.2,101000.0
7095,70E,9,,,
7096,70E,9,5.5,-101.4,100900.0
7097,70E,9,4.8,-101.9,100600.0
7098,70E,9,,,
7099,70E,9,,,
7100,70E,10,,,
7101,70E,10,,,
7102,70E,10,,,
7103,70E,10,,,
7104,70E,10,,,
7105,70E,10,,,
7106,70E,10,,,
7107,70E,10,,,
7108,70E,10,,,
7109,70E,10,,,
7110,70E,10,,,
7111,70E,10,,,
7112,70E,10,,,
7113,70E,10,,,
7114,70E,10,,,
7115,70E,10,,,
7116,70E,10,,,
7117,70E,10,,,
7118,70E,10,,,
7119,70E,10,,,
7120,70E,10,,,
7121,70E,10,,,
7122,70E,10,,,
7123,70E,10,,,
7124,70E,10,,,
7125,70E,10,,,
7126,70E,10,3.7,-93.4,100800.0
7127,70E,10,,,
7128,70E,10,5.0,-93.5,100900.0
7129,70E,10,,,
7130,70E,10,,,
7131,70E,10,3.9,-93.7,100600.0
7132,70E,10,,,
7133,70E,10,2.3000000000000003,-91.9,100600.0
7134,70E,10,,,
7135,70E,10,4.4,-90.9,100600.0
7136,70E,10,,,
7137,70E,10,,,
7138,70E,10,4.4,-91.8,100800.0
7139,70E,10,,,
7140,70E,13,,,
7141,70E,13,,,
7142,70E,13,,,
7143,70E,13,,,
7144,70E,13,,,
7145,70E,13,,,
7146,70E,13,,,
7147,70E,13,,,
7148,70E,13,,,
7149,70E,13,,,
7150,70E,13,,,
7151,70E,13,,,
7152,70E,13,,,
7153,70E,13,,,
7154,70E,13,,,
7155,70E,13,,,
7156,70E,13,,,
7157,70E,13,,,
7158,70E,13,,,
7159,70E,13,,,
7160,70E,13,,,
7161,70E,13,,,
7162,70E,13,,,
7163,70E,13,,,
7164,70E,13,,,
7165,70E,13,,,
7166,70E,13,,,
7167,70E,13,,,
7168,70E,13,,,
7169,70E,13,,,
7170,70E,13,,,
7171,70E,13,,,
7172,70E,13,6.2,-125.8,101100.0
7173,70E,13,5.5,-125.7,100900.0
7174,70E,13,,,
7175,70E,13,5.9,-127.5,100900.0
7176,70E,13,,,
7177,70E,13,,,
7178,70E,13,5.5,-130.8,101100.0
7179,70E,13,,,
7180,70E,16,,,
7181,70E,16,,,
7182,70E,16,,,
7183,70E,16,,,
7184,70E,16,,,
7185,70E,16,,,
7186,70E,16,,,
7187,70E,16,,,
7188,70E,16,,,
7189,70E,16,,,
7190,70E,16,,,
7191,70E,16,,,
7192,70E,16,,,
7193,70E,16,,,
7194,70E,16,,,
7195,70E,16,,,
7196,70E,16,,,
7197,70E,16,,,
7198,70E,16,,,
7199,70E,16,,,
7200,70E,16,,,
7201,70E,16,,,
7202,70E,16,,,
7203,70E,16,6.5,-112.3,100600.0
7204,70E,16,,,
7205,70E,16,,,
7206,70E,16,5.8,-112.7,100900.0
7207,70E,16,,,
7208,70E,16,,,
7209,70E,16,,,
7210,70E,16,5.6000000000000005,-114.7,101000.0
7211,70E,16,4.0,-116.10000000000001,100600.0
7212,70E,16,5.6000000000000005,-117.3,101000.0
7213,70E,16,,,
7214,70E,16,,,
7215,70E,16,,,
7216,70E,16,6.6000000000000005,-121.10000000000001,100900.0
7217,70E,16,5.5,-122.7,100600.0
7218,70E,16,,,
7219,70E,16,5.7,-123.9,100600.0
7220,70E,20,,,
7221,70E,20,,,
7222,70E,20,6.9,-137.3,101000.0
7223,70E,20,,,
7224,70E,20,,,
7225,70E,20,6.0,-139.8,100700.0
7226,70E,20,,,
7227,70E,20,,,
7228,70E,20,,,
7229,70E,20,,,
7230,70E,20,,,
7231,70E,20,,,
7232,70E,20,,,
7233,70E,20,,,
7234,70E,20,,,
7235,70E,20,,,
7236,70E,20,,,
7237,70E,20,,,
7238,70E,20,,,
7239,70E,20,,,
7240,70E,20,,,
7241,70E,20,,,
7242,70E,20,,,
7243,70E,20,,,
7244,70E,20,,,
7245,70E,20,,,
7246,70E,20,,,
7247,70E,20,,,
7248,70E,20,,,
7249,70E,20,,,
7250,70E,20,,,
7251,70E,20,,,
7252,70E,20,,,
7253,70E,20,,,
7254,70E,20,,,
7255,70E,20,,,
7256,70E,20,,,
7257,70E,20,,,
7258,70E,20,,,
7259,70E,20,,,
7260,70E,23,,,
7261,70E,23,,,
7262,70E,23,,,
7263,70E,23,,,
7264,70E,23,,,
7265,70E,23,,,
7266,70E,23,,,
7267,70E,23,,,
7268,70E,23,,,
7269,70E,23,,,
7270,70E,23,,,
7271,70E,23,,,
7272,70E,23,,,
7273,70E,23,,,
7274,70E,23,,,
7275,70E,23,,,
7276,70E,23,,,
7277,70E,23,,,
7278,70E,23,,,
7279,70E,23,,,
7280,70E,23,,,
7281,70E,23,,,
7282,70E,23,,,
7283,70E,23,,,
7284,70E,23,,,
7285,70E,23,,,
7286,70E,23,6.2,-92.10000000000001,100800.0
7287,70E,23,6.2,-92.8,100600.0
7288,70E,23,6.6000000000000005,-93.10000000000001,100800.0
7289,70E,23,6.4,-93.10000000000001,100600.0
7290,70E,23,,,
7291,70E,23,5.9,-91.5,100400.0
7292,70E,23,6.0,-90.5,100700.0
7293,70E,23,,,
7294,70E,23,,,
7295,70E,23,,,
7296,70E,23,,,
7297,70E,23,,,
7298,70E,23,,,
7299,70E,23,,,
7300,70E,38,,,
7301,70E,38,,,
7302,70E,38,,,
7303,70E,38,,,
7304,70E,38,,,
7305,70E,38,,,
7306,70E,38,,,
7307,70E,38,3.1,-95.7,100600.0
7308,70E,38,5.8,-98.10000000000001,100900.0
7309,70E,38,,,
7310,70E,38,,,
7311,70E,38,,,
7312,70E,38,,,
7313,70E,38,,,
7314,70E,38,,,
7315,70E,38,,,
7316,70E,38,,,
7317,70E,38,,,
7318,70E,38,,,
7319,70E,38,,,
7320,70E,38,,,
7321,70E,38,,,
7322,70E,38,,,
7323,70E,38,,,
7324,70E,38,,,
7325,70E,38,,,
7326,70E,38,,,
7327,70E,38,,,
7328,70E,38,,,
7329,70E,38,,,
7330,70E,38,,,
7331,70E,38,,,
7332,70E,38,,,
7333,70E,38,,,
7334,70E,38,,,
7335,70E,38,,,
7336,70E,38,,,
7337,70E,38,,,
7338,70E,38,,,
7339,70E,38,,,
7340,70E,42,,,
7341,70E,42,5.0,-94.5,100800.0
7342,70E,42,,,
7343,70E,42,,,
7344,70E,42,,,
7345,70E,42,,,
7346,70E,42,,,
7347,70E,42,,,
7348,70E,42,,,
7349,70E,42,,,
7350,70E,42,,,
7351,70E,42,,,
7352,70E,42,,,
7353,70E,42,,,
7354,70E,42,,,
7355,70E,42,,,
7356,70E,42,,,
7357,70E,42,,,
7358,70E,42,,,
7359,70E,42,,,
7360,70E,42,,,
7361,70E,42,,,
7362,70E,42,,,
7363,70E,42,,,
7364,70E,42,,,
7365,70E,42,,,
7366,70E,42,,,
7367,70E,42,,,
7368,70E,42,,,
7369,70E,42,,,
7370,70E,42,,,
7371,70E,42,,,
7372,70E,42,,,
7373,70E,42,,,
7374,70E,42,,,
7375,70E,42,,,
7376,70E,42,,,
7377,70E,42,,,
7378,70E,42,,,
7379,70E,42,,,
7380,70E,45,,,
7381,70E,45,,,
7382,70E,45,,,
7383,70E,45,,,
7384,70E,45,,,
7385,70E,45,,,
7386,70E,45,,,
7387,70E,45,,,
7388,70E,45,,,
7389,70E,45,,,
7390,70E,45,,,
7391,70E,45,,,
7392,70E,45,,,
7393,70E,45,,,
7394,70E,45,,,
7395,70E,45,,,
7396,70E,45,,,
7397,70E,45,,,
7398,70E,45,,,
7399,70E,45,,,
7400,70E,45,,,
7401,70E,45,,,
7402,70E,45,,,
7403,70E,45,,,
7404,70E,45,6.3,-92.2,100900.0
7405,70E,45,,,
7406,70E,45,6.5,-91.8,100900.0
7407,70E,45,6.7,-92.60000000000001,100700.0
7408,70E,45,,,
7409,70E,45,6.8,-92.5,100700.0
7410,70E,45,5.5,-93.60000000000001,100800.0
7411,70E,45,5.7,-94.3,100600.0
7412,70E,45,,,
7413,70E,45,6.0,-94.4,100600.0
7414,70E,45,6.8,-94.4,100800.0
7415,70E,45,6.5,-94.8,100500.0
7416,70E,45,6.7,-94.9,100800.0
7417,70E,45,6.9,-96.10000000000001,100600.0
7418,70E,45,6.3,-95.3,100800.0
7419,70E,45,6.7,-96.7,100600.0
7420,70E,47,,,
7421,70E,47,,,
7422,70E,47,,,
7423,70E,47,,,
7424,70E,47,,,
7425,70E,47,,,
7426,70E,47,,,
7427,70E,47,,,
7428,70E,47,,,
7429,70E,47,,,
7430,70E,47,,,
7431,70E,47,,,
7432,70E,47,,,
7433,70E,47,,,
7434,70E,47,,,
7435,70E,47,,,
7436,70E,47,,,
7437,70E,47,,,
7438,70E,47,,,
7439,70E,47,,,
7440,70E,47,,,
7441,70E,47,,,
7442,70E,47,,,
7443,70E,47,,,
7444,70E,47,,,
7445,70E,47,5.0,-97.2,100700.0
7446,70E,47,5.3,-96.7,100800.0
7447,70E,47,5.4,-96.8,100500.0
7448,70E,47,5.8,-96.9,100600.0
7449,70E,47,6.3,-96.8,100300.0
7450,70E,47,6.6000000000000005,-96.9,100500.0
7451,70E,47,6.7,-97.2,100200.0
7452,70E,47,6.8,-97.3,100400.0
7453,70E,47,6.6000000000000005,-97.10000000000001,100200.0
7454,70E,47,6.7,-97.0,100500.0
7455,70E,47,6.9,-96.5,100200.0
7456,70E,47,7.0,-96.9,100600.0
7457,70E,47,7.2,-96.5,100400.0
7458,70E,47,7.2,-96.7,100700.0
7459,70E,47,,,
7460,70E,49,,,
7461,70E,49,,,
7462,70E,49,,,
7463,70E,49,,,
7464,70E,49,,,
7465,70E,49,,,
7466,70E,49,,,
7467,70E,49,,,
7468,70E,49,,,
7469,70E,49,,,
7470,70E,49,,,
7471,70E,49,,,
7472,70E,49,,,
7473,70E,49,,,
7474,70E,49,,,
7475,70E,49,,,
7476,70E,49,,,
7477,70E,49,,,
7478,70E,49,,,
7479,70E,49,,,
7480,70E,49,,,
7481,70E,49,,,
7482,70E,49,4.9,-92.7,100900.0
7483,70E,49,,,
7484,70E,49,,,
7485,70E,49,,,
7486,70E,49,4.1,-93.5,100900.0
7487,70E,49,,,
7488,70E,49,4.6000000000000005,-92.3,100900.0
7489,70E,49,5.3,-93.3,100700.0
7490,70E,49,4.8,-91.60000000000001,100900.0
7491,70E,49,5.2,-91.7,100600.0
7492,70E,49,5.8,-92.0,100800.0
7493,70E,49,6.2,-92.5,100600.0
7494,70E,49,6.3,-93.10000000000001,100700.0
7495,70E,49,6.5,-93.60000000000001,100400.0
7496,70E,49,6.7,-94.10000000000001,100500.0
7497,70E,49,6.9,-94.2,100300.0
7498,70E,49,6.8,-94.4,100400.0
7499,70E,49,6.5,-94.5,100100.0
7500,70L,12,4.8,-79.9,100700.0
7501,70L,12,2.4,-80.4,100900.0
7502,70L,12,,,
7503,70L,12,,,
7504,70L,12,,,
7505,70L,12,,,
7506,70L,12,,,
7507,70L,12,,,
7508,70L,12,,,
7509,70L,12,,,
7510,70L,12,,,
7511,70L,12,,,
7512,70L,12,,,
7513,70L,12,,,
7514,70L,12,,,
7515,70L,12,,,
7516,70L,12,,,
7517,70L,12,,,
7518,70L,12,,,
7519,70L,12,,,
7520,70L,12,,,
7521,70L,12,,,
7522,70L,12,,,
7523,70L,12,,,
7524,70L,12,,,
7525,70L,12,,,
7526,70L,12,,,
7527,70L,12,,,
7528,70L,12,,,
7529,70L,12,,,
7530,70L,12,,,
7531,70L,12,,,
7532,70L,12,,,
7533,70L,15,,,
7534,70L,15,,,
7535,70L,15,,,
7536,70L,15,,,
7537,70L,15,,,
7538,70L,15,,,
7539,70L,15,,,
7540,70L,15,,,
7541,70L,15,,,
7542,70L,15,,,
7543,70L,15,,,
7544,70L,15,,,
7545,70L,15,,,
7546,70L,15,,,
7547,70L,15,,,
7548,70L,15,,,
7549,70L,15,,,
7550,70L,15,,,
7551,70L,15,,,
7552,70L,15,,,
7553,70L,15,,,
7554,70L,15,,,
7555,70L,15,,,
7556,70L,15,,,
7557,70L,15,,,
7558,70L,15,,,
7559,70L,15,,,
7560,70L,15,,,
7561,70L,15,,,
7562,70L,15,,,
7563,70L,15,,,
7564,70L,15,4.3,-16.3,100600.0
7565,70L,15,4.6000000000000005,-20.1,100500.0
7566,70L,26,,,
7567,70L,26,4.6000000000000005,-88.7,100700.0
7568,70L,26,,,
7569,70L,26,,,
7570,70L,26,,,
7571,70L,26,,,
7572,70L,26,,,
7573,70L,26,,,
7574,70L,26,,,
7575,70L,26,,,
7576,70L,26,,,
7577,70L,26,,,
7578,70L,26,,,
7579,70L,26,,,
7580,70L,26,,,
7581,70L,26,,,
7582,70L,26,,,
7583,70L,26,,,
7584,70L,26,,,
7585,70L,26,,,
7586,70L,26,,,
7587,70L,26,,,
7588,70L,26,,,
7589,70L,26,,,
7590,70L,26,,,
7591,70L,26,,,
7592,70L,26,,,
7593,70L,26,,,
7594,70L,26,,,
7595,70L,26,,,
7596,70L,26,,,
7597,70L,26,,,
7598,70L,26,,,
7599,70L,28,58.6,-35.6,98000.0
7600,70L,28,58.1,-33.0,97900.0
7601,70L,28,56.7,-29.7,98400.0
7602,70L,28,,,
7603,70L,28,,,
7604,70L,28,,,
7605,70L,28,,,
7606,70L,28,,,
7607,70L,28,,,
7608,70L,28,,,
7609,70L,28,,,
7610,70L,28,,,
7611,70L,28,,,
7612,70L,28,,,
7613,70L,28,,,
7614,70L,28,,,
7615,70L,28,,,
7616,70L,28,,,
7617,70L,28,,,
7618,70L,28,,,
7619,70L,28,,,
7620,70L,28,,,
7621,70L,28,,,
7622,70L,28,,,
7623,70L,28,,,
7624,70L,28,,,
7625,70L,28,,,
7626,70L,28,,,
7627,70L,28,,,
7628,70L,28,,,
7629,70L,28,,,
7630,70L,28,,,
7631,70L,28,,,
7632,70L,34,,,
7633,70L,34,,,
7634,70L,34,,,
7635,70L,34,,,
7636,70L,34,,,
7637,70L,34,,,
7638,70L,34,,,
7639,70L,34,,,
7640,70L,34,,,
7641,70L,34,,,
7642,70L,34,,,
7643,70L,34,,,
7644,70L,34,,,
7645,70L,34,3.5,-17.8,100900.0
7646,70L,34,,,
7647,70L,34,3.9,-21.400000000000002,100900.0
7648,70L,34,1.8,-22.400000000000002,100700.0
7649,70L,34,,,
7650,70L,34,,,
7651,70L,34,,,
7652,70L,34,,,
7653,70L,34,,,
7654,70L,34,,,
7655,70L,34,,,
7656,70L,34,,,
7657,70L,34,,,
7658,70L,34,,,
7659,70L,34,,,
7660,70L,34,,,
7661,70L,34,,,
7662,70L,34,,,
7663,70L,34,,,
7664,70L,34,,,
7665,70L,42,,,
7666,70L,42,5.0,-94.5,100800.0
7667,70L,42,,,
7668,70L,42,,,
7669,70L,42,,,
7670,70L,42,,,
7671,70L,42,,,
7672,70L,42,,,
7673,70L,42,,,
7674,70L,42,,,
7675,70L,42,,,
7676,70L,42,,,
7677,70L,42,,,
7678,70L,42,,,
7679,70L,42,,,
7680,70L,42,,,
7681,70L,42,,,
7682,70L,42,,,
7683,70L,42,,,
7684,70L,42,,,
7685,70L,42,,,
7686,70L,42,,,
7687,70L,42,,,
7688,70L,42,,,
7689,70L,42,,,
7690,70L,42,,,
7691,70L,42,,,
7692,70L,42,,,
7693,70L,42,,,
7694,70L,42,,,
7695,70L,42,,,
7696,70L,42,,,
7697,70L,42,,,
7698,70L,48,,,
7699,70L,48,,,
7700,70L,48,4.6000000000000005,-81.10000000000001,100800.0
7701,70L,48,6.0,-81.60000000000001,100700.0
7702,70L,48,,,
7703,70L,48,,,
7704,70L,48,,,
7705,70L,48,,,
7706,70L,48,,,
7707,70L,48,,,
7708,70L,48,,,
7709,70L,48,,,
7710,70L,48,,,
7711,70L,48,,,
7712,70L,48,,,
7713,70L,48,,,
7714,70L,48,,,
7715,70L,48,,,
7716,70L,48,,,
7717,70L,48,,,
7718,70L,48,,,
7719,70L,48,,,
7720,70L,48,,,
7721,70L,48,,,
7722,70L,48,,,
7723,70L,48,,,
7724,70L,48,,,
7725,70L,48,,,
7726,70L,48,,,
7727,70L,48,,,
7728,70L,48,,,
7729,70L,48,,,
7730,70L,48,,,
7731,70C,1,,,
7732,70C,1,,,
7733,70C,1,35.4,-167.70000000000002,98600.0
7734,70C,1,35.6,-167.70000000000002,98700.0
7735,70C,1,36.0,-167.6,98900.0
7736,70C,1,36.4,-168.20000000000002,99000.0
7737,70C,1,36.300000000000004,-168.8,99100.0
7738,70C,1,36.300000000000004,-169.20000000000002,99300.0
7739,70C,1,36.0,-169.3,99400.0
7740,70C,1,35.9,-169.0,99600.0
7741,70C,1,35.9,-168.9,99700.0
7742,70C,1,35.9,-168.9,99800.0
7743,70C,1,,,
7744,70C,1,,,
7745,70C,1,,,
7746,70C,1,,,
7747,70C,1,,,
7748,70C,1,,,
7749,70C,1,,,
7750,70C,1,,,
7751,70C,1,,,
7752,70C,1,,,
7753,70C,1,,,
7754,70C,1,,,
7755,70C,1,,,
7756,70C,1,,,
7757,70C,1,,,
7758,70C,1,,,
7759,70C,1,,,
7760,70C,1,,,
7761,70C,1,,,
7762,70C,1,,,
7763,70C,1,,,
7764,70C,1,,,
7765,70C,2,,,
7766,70C,2,,,
7767,70C,2,35.2,-166.9,98600.0
7768,70C,2,35.300000000000004,-167.0,98400.0
7769,70C,2,35.300000000000004,-166.3,98500.0
7770,70C,2,36.300000000000004,-166.4,98700.0
7771,70C,2,36.4,-167.3,98900.0
7772,70C,2,36.1,-166.6,99100.0
7773,70C,2,37.1,-166.1,99200.0
7774,70C,2,37.300000000000004,-167.0,99400.0
7775,70C,2,37.1,-167.3,99600.0
7776,70C,2,37.1,-167.4,99700.0
7777,70C,2,37.0,-167.5,99800.0
7778,70C,2,,,
7779,70C,2,,,
7780,70C,2,,,
7781,70C,2,,,
7782,70C,2,,,
7783,70C,2,,,
7784,70C,2,,,
7785,70C,2,,,
7786,70C,2,,,
7787,70C,2,,,
7788,70C,2,,,
7789,70C,2,,,
7790,70C,2,,,
7791,70C,2,,,
7792,70C,2,,,
7793,70C,2,,,
7794,70C,2,,,
7795,70C,2,,,
7796,70C,2,,,
7797,70C,2,,,
7798,70C,2,,,
7799,70C,3,,,
7800,70C,3,,,
7801,70C,3,,,
7802,70C,3,,,
7803,70C,3,36.300000000000004,-166.0,98400.0
7804,70C,3,36.4,-167.1,98500.0
7805,70C,3,36.5,-167.5,98600.0
7806,70C,3,36.2,-167.70000000000002,98900.0
7807,70C,3,36.2,-166.8,99000.0
7808,70C,3,37.2,-166.4,99200.0
7809,70C,3,37.5,-167.3,99400.0
7810,70C,3,36.800000000000004,-167.5,99500.0
7811,70C,3,36.5,-166.5,99600.0
7812,70C,3,,,
7813,70C,3,37.5,-164.9,99800.0
7814,70C,3,37.9,-164.4,99800.0
7815,70C,3,,,
7816,70C,3,,,
7817,70C,3,,,
7818,70C,3,,,
7819,70C,3,,,
7820,70C,3,,,
7821,70C,3,,,
7822,70C,3,,,
7823,70C,3,,,
7824,70C,3,,,
7825,70C,3,,,
7826,70C,3,,,
7827,70C,3,,,
7828,70C,3,,,
7829,70C,3,,,
7830,70C,3,,,
7831,70C,3,,,
7832,70C,3,,,
7833,70C,4,,,
7834,70C,4,36.9,-166.5,99400.0
7835,70C,4,35.9,-168.3,98700.0
7836,70C,4,35.6,-167.8,98600.0
7837,70C,4,36.0,-167.9,98600.0
7838,70C,4,36.300000000000004,-169.20000000000002,98700.0
7839,70C,4,35.6,-169.9,98900.0
7840,70C,4,35.1,-169.6,99100.0
7841,70C,4,35.300000000000004,-168.5,99200.0
7842,70C,4,36.4,-168.5,99400.0
7843,70C,4,36.800000000000004,-169.3,99600.0
7844,70C,4,36.5,-169.9,99700.0
7845,70C,4,,,
7846,70C,4,,,
7847,70C,4,,,
7848,70C,4,,,
7849,70C,4,,,
7850,70C,4,,,
7851,70C,4,,,
7852,70C,4,,,
7853,70C,4,,,
7854,70C,4,,,
7855,70C,4,,,
7856,70C,4,,,
7857,70C,4,,,
7858,70C,4,,,
7859,70C,4,,,
7860,70C,4,,,
7861,70C,4,,,
7862,70C,4,,,
7863,70C,4,,,
7864,70C,4,,,
7865,70C,4,,,
7866,70C,4,,,
7867,70C,5,,,
7868,70C,5,,,
7869,70C,5,35.1,-166.5,98600.0
7870,70C,5,35.300000000000004,-165.8,98300.0
7871,70C,5,36.300000000000004,-165.6,98400.0
7872,70C,5,36.800000000000004,-166.3,98700.0
7873,70C,5,36.800000000000004,-167.0,98900.0
7874,70C,5,36.5,-167.1,99200.0
7875,70C,5,36.2,-166.3,99500.0
7876,70C,5,36.7,-165.3,99700.0
7877,70C,5,37.7,-164.5,99800.0
7878,70C,5,38.6,-164.5,99900.0
7879,70C,5,39.0,-165.20000000000002,100100.0
7880,70C,5,,,
7881,70C,5,,,
7882,70C,5,,,
7883,70C,5,,,
7884,70C,5,,,
7885,70C,5,,,
7886,70C,5,,,
7887,70C,5,,,
7888,70C,5,,,
7889,70C,5,,,
7890,70C,5,,,
7891,70C,5,,,
7892,70C,5,,,
7893,70C,5,,,
7894,70C,5,,,
7895,70C,5,,,
7896,70C,5,,,
7897,70C,5,,,
7898,70C,5,,,
7899,70C,5,,,
7900,70C,5,,,
7901,70C,6,,,
7902,70C,6,,,
7903,70C,6,,,
7904,70C,6,34.9,-166.9,98500.0
7905,70C,6,35.2,-166.8,98500.0
7906,70C,6,35.800000000000004,-166.70000000000002,98700.0
7907,70C,6,36.1,-167.70000000000002,98900.0
7908,70C,6,35.800000000000004,-168.0,99200.0
7909,70C,6,35.6,-167.5,99500.0
7910,70C,6,,,
7911,70C,6,37.2,-166.70000000000002,99800.0
7912,70C,6,36.9,-167.8,99900.0
7913,70C,6,,,
7914,70C,6,,,
7915,70C,6,,,
7916,70C,6,,,
7917,70C,6,,,
7918,70C,6,,,
7919,70C,6,,,
7920,70C,6,,,
7921,70C,6,,,
7922,70C,6,,,
7923,70C,6,,,
7924,70C,6,,,
7925,70C,6,,,
7926,70C,6,,,
7927,70C,6,,,
7928,70C,6,,,
7929,70C,6,,,
7930,70C,6,,,
7931,70C,6,,,
7932,70C,6,,,
7933,70C,6,,,
7934,70C,6,,,
7935,70C,7,,,
7936,70C,7,,,
7937,70C,7,,,
7938,70C,7,34.6,-166.1,98400.0
7939,70C,7,35.4,-164.8,98500.0
7940,70C,7,37.5,-165.1,98700.0
7941,70C,7,,,
7942,70C,7,36.6,-168.0,99200.0
7943,70C,7,36.0,-166.5,99300.0
7944,70C,7,37.1,-165.3,99400.0
7945,70C,7,,,
7946,70C,7,37.800000000000004,-165.6,99500.0
7947,70C,7,38.0,-164.9,99700.0
7948,70C,7,38.2,-164.4,99800.0
7949,70C,7,38.6,-163.5,99900.0
7950,70C,7,39.300000000000004,-163.3,100100.0
7951,70C,7,,,
7952,70C,7,,,
7953,70C,7,,,
7954,70C,7,,,
7955,70C,7,,,
7956,70C,7,,,
7957,70C,7,,,
7958,70C,7,,,
7959,70C,7,,,
7960,70C,7,,,
7961,70C,7,,,
7962,70C,7,,,
7963,70C,7,,,
7964,70C,7,,,
7965,70C,7,,,
7966,70C,7,,,
7967,70C,7,,,
7968,70C,7,,,
7969,70C,8,,,
7970,70C,8,,,
7971,70C,8,,,
7972,70C,8,35.5,-166.8,98700.0
7973,70C,8,35.5,-166.4,98700.0
7974,70C,8,36.300000000000004,-166.3,98800.0
7975,70C,8,36.800000000000004,-167.0,99000.0
7976,70C,8,36.5,-167.5,99200.0
7977,70C,8,36.300000000000004,-166.5,99400.0
7978,70C,8,,,
7979,70C,8,,,
7980,70C,8,37.800000000000004,-166.9,99800.0
7981,70C,8,,,
7982,70C,8,,,
7983,70C,8,,,
7984,70C,8,,,
7985,70C,8,,,
7986,70C,8,,,
7987,70C,8,,,
7988,70C,8,,,
7989,70C,8,,,
7990,70C,8,,,
7991,70C,8,,,
7992,70C,8,,,
7993,70C,8,,,
7994,70C,8,,,
7995,70C,8,,,
7996,70C,8,,,
7997,70C,8,,,
7998,70C,8,,,
7999,70C,8,,,
8000,70C,8,,,
8001,70C,8,,,
8002,70C,8,,,
8003,70C,9,,,
8004,70C,9,,,
8005,70C,9,36.0,-168.1,98900.0
8006,70C,9,36.2,-167.5,98700.0
8007,70C,9,37.0,-167.9,98700.0
8008,70C,9,37.0,-169.3,98900.0
8009,70C,9,36.1,-169.6,99000.0
8010,70C,9,35.9,-169.20000000000002,99200.0
8011,70C,9,36.1,-168.4,99300.0
8012,70C,9,36.800000000000004,-168.3,99500.0
8013,70C,9,37.1,-168.5,99600.0
8014,70C,9,37.300000000000004,-168.6,99700.0
8015,70C,9,,,
8016,70C,9,,,
8017,70C,9,,,
8018,70C,9,,,
8019,70C,9,,,
8020,70C,9,,,
8021,70C,9,,,
8022,70C,9,,,
8023,70C,9,,,
8024,70C,9,,,
8025,70C,9,,,
8026,70C,9,,,
8027,70C,9,,,
8028,70C,9,,,
8029,70C,9,,,
8030,70C,9,,,
8031,70C,9,,,
8032,70C,9,,,
8033,70C,9,,,
8034,70C,9,,,
8035,70C,9,,,
8036,70C,9,,,
8037,70C,11,,,
8038,70C,11,36.800000000000004,-166.5,99100.0
8039,70C,11,35.6,-167.5,98700.0
8040,70C,11,35.6,-167.70000000000002,98700.0
8041,70C,11,35.9,-167.1,98800.0
8042,70C,11,36.6,-168.0,99000.0
8043,70C,11,36.300000000000004,-168.9,99200.0
8044,70C,11,,,
8045,70C,11,35.300000000000004,-168.0,99700.0
8046,70C,11,,,
8047,70C,11,37.5,-165.8,100000.0
8048,70C,11,38.0,-166.70000000000002,100100.0
8049,70C,11,38.2,-166.9,100100.0
8050,70C,11,,,
8051,70C,11,,,
8052,70C,11,,,
8053,70C,11,,,
8054,70C,11,,,
8055,70C,11,,,
8056,70C,11,,,
8057,70C,11,,,
8058,70C,11,,,
8059,70C,11,,,
8060,70C,11,,,
8061,70C,11,,,
8062,70C,11,,,
8063,70C,11,,,
8064,70C,11,,,
8065,70C,11,,,
8066,70C,11,,,
8067,70C,11,,,
8068,70C,11,,,
8069,70C,11,,,
8070,70C,11,,,
8071,70C,12,,,
8072,70C,12,,,
8073,70C,12,,,
8074,70C,12,,,
8075,70C,12,35.6,-167.5,99000.0
8076,70C,12,36.2,-167.9,99200.0
8077,70C,12,36.0,-168.4,99300.0
8078,70C,12,36.0,-168.0,99500.0
8079,70C,12,36.300000000000004,-167.3,99600.0
8080,70C,12,36.800000000000004,-167.0,99700.0
8081,70C,12,37.4,-166.8,99900.0
8082,70C,12,37.9,-167.3,100000.0
8083,70C,12,,,
8084,70C,12,,,
8085,70C,12,,,
8086,70C,12,,,
8087,70C,12,,,
8088,70C,12,,,
8089,70C,12,,,
8090,70C,12,,,
8091,70C,12,,,
8092,70C,12,,,
8093,70C,12,,,
8094,70C,12,,,
8095,70C,12,,,
8096,70C,12,,,
8097,70C,12,,,
8098,70C,12,,,
8099,70C,12,,,
8100,70C,12,,,
8101,70C,12,,,
8102,70C,12,,,
8103,70C,12,,,
8104,70C,12,,,
8105,70C,13,,,
8106,70C,13,,,
8107,70C,13,,,
8108,70C,13,35.6,-167.5,99000.0
8109,70C,13,35.9,-168.0,99000.0
8110,70C,13,36.0,-168.20000000000002,99200.0
8111,70C,13,36.0,-168.70000000000002,99400.0
8112,70C,13,35.6,-168.70000000000002,99600.0
8113,70C,13,,,
8114,70C,13,,,
8115,70C,13,,,
8116,70C,13,,,
8117,70C,13,,,
8118,70C,13,,,
8119,70C,13,,,
8120,70C,13,,,
8121,70C,13,,,
8122,70C,13,,,
8123,70C,13,,,
8124,70C,13,,,
8125,70C,13,,,
8126,70C,13,,,
8127,70C,13,,,
8128,70C,13,,,
8129,70C,13,,,
8130,70C,13,,,
8131,70C,13,,,
8132,70C,13,,,
8133,70C,13,,,
8134,70C,13,,,
8135,70C,13,,,
8136,70C,13,,,
8137,70C,13,,,
8138,70C,13,,,
8139,70C,14,,,
8140,70C,14,,,
8141,70C,14,,,
8142,70C,14,,,
8143,70C,14,,,
8144,70C,14,,,
8145,70C,14,,,
8146,70C,14,,,
8147,70C,14,16.0,-167.8,100800.0
8148,70C,14,16.2,-166.1,100700.0
8149,70C,14,,,
8150,70C,14,,,
8151,70C,14,,,
8152,70C,14,,,
8153,70C,14,,,
8154,70C,14,,,
8155,70C,14,,,
8156,70C,14,,,
8157,70C,14,,,
8158,70C,14,,,
8159,70C,14,,,
8160,70C,14,,,
8161,70C,14,,,
8162,70C,14,,,
8163,70C,14,,,
8164,70C,14,,,
8165,70C,14,,,
8166,70C,14,,,
8167,70C,14,,,
8168,70C,14,,,
8169,70C,14,,,
8170,70C,14,,,
8171,70C,14,,,
8172,70C,14,,,
8173,70C,15,,,
8174,70C,15,,,
8175,70C,15,34.800000000000004,-167.4,98300.0
8176,70C,15,35.2,-167.0,98300.0
8177,70C,15,35.4,-167.20000000000002,98400.0
8178,70C,15,36.0,-167.4,98600.0
8179,70C,15,36.0,-168.5,98700.0
8180,70C,15,35.300000000000004,-168.5,98800.0
8181,70C,15,35.300000000000004,-167.5,99000.0
8182,70C,15,36.5,-167.3,99200.0
8183,70C,15,37.0,-168.6,99300.0
8184,70C,15,36.0,-169.4,99500.0
8185,70C,15,35.2,-169.0,99500.0
8186,70C,15,,,
8187,70C,15,,,
8188,70C,15,,,
8189,70C,15,,,
8190,70C,15,,,
8191,70C,15,,,
8192,70C,15,,,
8193,70C,15,,,
8194,70C,15,,,
8195,70C,15,,,
8196,70C,15,,,
8197,70C,15,,,
8198,70C,15,,,
8199,70C,15,,,
8200,70C,15,,,
8201,70C,15,,,
8202,70C,15,,,
8203,70C,15,,,
8204,70C,15,,,
8205,70C,15,,,
8206,70C,15,,,
8207,70C,16,,,
8208,70C,16,,,
8209,70C,16,35.4,-167.6,98800.0
8210,70C,16,35.6,-167.3,98600.0
8211,70C,16,35.800000000000004,-167.20000000000002,98700.0
8212,70C,16,36.0,-167.70000000000002,98800.0
8213,70C,16,35.800000000000004,-167.70000000000002,99000.0
8214,70C,16,36.0,-167.5,99300.0
8215,70C,16,36.2,-167.0,99500.0
8216,70C,16,36.7,-166.8,99700.0
8217,70C,16,37.300000000000004,-167.20000000000002,99900.0
8218,70C,16,37.2,-168.20000000000002,100000.0
8219,70C,16,,,
8220,70C,16,,,
8221,70C,16,,,
8222,70C,16,,,
8223,70C,16,,,
8224,70C,16,,,
8225,70C,16,,,
8226,70C,16,,,
8227,70C,16,,,
8228,70C,16,,,
8229,70C,16,,,
8230,70C,16,,,
8231,70C,16,,,
8232,70C,16,,,
8233,70C,16,,,
8234,70C,16,,,
8235,70C,16,,,
8236,70C,16,,,
8237,70C,16,,,
8238,70C,16,,,
8239,70C,16,,,
8240,70C,16,,,
8241,70C,17,,,
8242,70C,17,,,
8243,70C,17,35.7,-167.9,98900.0
8244,70C,17,35.7,-167.70000000000002,98600.0
8245,70C,17,36.0,-167.20000000000002,98700.0
8246,70C,17,36.0,-168.1,98800.0
8247,70C,17,35.800000000000004,-168.1,99000.0
8248,70C,17,35.300000000000004,-167.6,99400.0
8249,70C,17,36.2,-166.1,99500.0
8250,70C,17,37.2,-166.20000000000002,99600.0
8251,70C,17,37.5,-166.8,99800.0
8252,70C,17,37.5,-167.4,99900.0
8253,70C,17,,,
8254,70C,17,36.9,-167.0,100100.0
8255,70C,17,37.300000000000004,-166.5,100200.0
8256,70C,17,37.7,-166.5,100300.0
8257,70C,17,,,
8258,70C,17,,,
8259,70C,17,,,
8260,70C,17,,,
8261,70C,17,,,
8262,70C,17,,,
8263,70C,17,,,
8264,70C,17,,,
8265,70C,17,,,
8266,70C,17,,,
8267,70C,17,,,
8268,70C,17,,,
8269,70C,17,,,
8270,70C,17,,,
8271,70C,17,,,
8272,70C,17,,,
8273,70C,17,,,
8274,70C,17,,,
8275,70C,18,,,
8276,70C,18,,,
8277,70C,18,35.6,-167.5,98300.0
8278,70C,18,35.9,-167.6,98200.0
8279,70C,18,36.300000000000004,-168.20000000000002,98300.0
8280,70C,18,35.800000000000004,-169.0,98400.0
8281,70C,18,35.2,-168.70000000000002,98600.0
8282,70C,18,35.300000000000004,-167.70000000000002,98900.0
8283,70C,18,36.300000000000004,-166.8,99100.0
8284,70C,18,37.4,-167.0,99300.0
8285,70C,18,37.7,-168.0,99500.0
8286,70C,18,36.9,-169.3,99700.0
8287,70C,18,35.6,-169.20000000000002,99900.0
8288,70C,18,,,
8289,70C,18,,,
8290,70C,18,,,
8291,70C,18,,,
8292,70C,18,,,
8293,70C,18,,,
8294,70C,18,,,
8295,70C,18,,,
8296,70C,18,,,
8297,70C,18,,,
8298,70C,18,,,
8299,70C,18,,,
8300,70C,18,,,
8301,70C,18,,,
8302,70C,18,,,
8303,70C,18,,,
8304,70C,18,,,
8305,70C,18,,,
8306,70C,18,,,
8307,70C,18,,,
8308,70C,18,,,
8309,70C,20,,,
8310,70C,20,36.1,-166.4,99200.0
8311,70C,20,34.4,-166.6,98700.0
8312,70C,20,35.300000000000004,-165.9,98500.0
8313,70C,20,35.9,-165.70000000000002,98600.0
8314,70C,20,36.800000000000004,-166.70000000000002,98800.0
8315,70C,20,36.5,-168.0,99100.0
8316,70C,20,35.5,-168.4,99300.0
8317,70C,20,35.1,-167.20000000000002,99600.0
8318,70C,20,,,
8319,70C,20,,,
8320,70C,20,,,
8321,70C,20,,,
8322,70C,20,,,
8323,70C,20,,,
8324,70C,20,,,
8325,70C,20,,,
8326,70C,20,,,
8327,70C,20,,,
8328,70C,20,,,
8329,70C,20,,,
8330,70C,20,,,
8331,70C,20,,,
8332,70C,20,,,
8333,70C,20,,,
8334,70C,20,,,
8335,70C,20,,,
8336,70C,20,,,
8337,70C,20,,,
8338,70C,20,,,
8339,70C,20,,,
8340,70C,20,,,
8341,70C,20,,,
8342,70C,20,,,
8343,70C,21,,,
8344,70C,21,,,
8345,70C,21,35.2,-167.3,98400.0
8346,70C,21,35.5,-166.70000000000002,98400.0
8347,70C,21,36.2,-166.9,98400.0
8348,70C,21,36.800000000000004,-167.70000000000002,98500.0
8349,70C,21,36.300000000000004,-168.8,98700.0
8350,70C,21,35.5,-168.4,99000.0
8351,70C,21,36.0,-167.1,99100.0
8352,70C,21,37.2,-167.0,99300.0
8353,70C,21,37.6,-168.20000000000002,99500.0
8354,70C,21,36.800000000000004,-168.8,99600.0
8355,70C,21,36.0,-168.0,99600.0
8356,70C,21,36.300000000000004,-167.3,99700.0
8357,70C,21,,,
8358,70C,21,,,
8359,70C,21,,,
8360,70C,21,,,
8361,70C,21,,,
8362,70C,21,,,
8363,70C,21,,,
8364,70C,21,,,
8365,70C,21,,,
8366,70C,21,,,
8367,70C,21,,,
8368,70C,21,,,
8369,70C,21,,,
8370,70C,21,,,
8371,70C,21,,,
8372,70C,21,,,
8373,70C,21,,,
8374,70C,21,,,
8375,70C,21,,,
8376,70C,21,,,
8377,70C,22,,,
8378,70C,22,,,
8379,70C,22,36.2,-168.1,98700.0
8380,70C,22,36.1,-168.6,98600.0
8381,70C,22,36.300000000000004,-168.8,98700.0
8382,70C,22,36.2,-170.0,98900.0
8383,70C,22,35.6,-170.20000000000002,99100.0
8384,70C,22,35.1,-169.5,99300.0
8385,70C,22,35.6,-168.6,99400.0
8386,70C,22,36.6,-168.70000000000002,99600.0
8387,70C,22,37.0,-169.4,99800.0
8388,70C,22,37.2,-170.3,99900.0
8389,70C,22,,,
8390,70C,22,,,
8391,70C,22,,,
8392,70C,22,,,
8393,70C,22,,,
8394,70C,22,,,
8395,70C,22,,,
8396,70C,22,,,
8397,70C,22,,,
8398,70C,22,,,
8399,70C,22,,,
8400,70C,22,,,
8401,70C,22,,,
8402,70C,22,,,
8403,70C,22,,,
8404,70C,22,,,
8405,70C,22,,,
8406,70C,22,,,
8407,70C,22,,,
8408,70C,22,,,
8409,70C,22,,,
8410,70C,22,,,
8411,70C,23,,,
8412,70C,23,7.6000000000000005,-177.4,100700.0
8413,70C,23,9.200000000000001,-178.9,100700.0
8414,70C,23,,,
8415,70C,23,9.8,-177.0,100300.0
8416,70C,23,10.4,-177.0,100600.0
8417,70C,23,,,
8418,70C,23,,,
8419,70C,23,,,
8420,70C,23,,,
8421,70C,23,,,
8422,70C,23,,,
8423,70C,23,,,
8424,70C,23,,,
8425,70C,23,,,
8426,70C,23,,,
8427,70C,23,,,
8428,70C,23,,,
8429,70C,23,,,
8430,70C,23,,,
8431,70C,23,,,
8432,70C,23,,,
8433,70C,23,,,
8434,70C,23,,,
8435,70C,23,,,
8436,70C,23,,,
8437,70C,23,,,
8438,70C,23,,,
8439,70C,23,,,
8440,70C,23,,,
8441,70C,23,,,
8442,70C,23,,,
8443,70C,23,,,
8444,70C,23,,,
8445,70C,24,,,
8446,70C,24,,,
8447,70C,24,,,
8448,70C,24,35.2,-167.20000000000002,99000.0
8449,70C,24,35.6,-166.6,99100.0
8450,70C,24,36.300000000000004,-167.0,99300.0
8451,70C,24,36.5,-167.70000000000002,99400.0
8452,70C,24,36.4,-167.8,99600.0
8453,70C,24,36.5,-167.5,99800.0
8454,70C,24,,,
8455,70C,24,,,
8456,70C,24,,,
8457,70C,24,,,
8458,70C,24,,,
8459,70C,24,,,
8460,70C,24,,,
8461,70C,24,,,
8462,70C,24,,,
8463,70C,24,,,
8464,70C,24,,,
8465,70C,24,,,
8466,70C,24,,,
8467,70C,24,,,
8468,70C,24,,,
8469,70C,24,,,
8470,70C,24,,,
8471,70C,24,,,
8472,70C,24,,,
8473,70C,24,,,
8474,70C,24,,,
8475,70C,24,,,
8476,70C,24,,,
8477,70C,24,,,
8478,70C,24,,,
8479,70C,25,,,
8480,70C,25,,,
8481,70C,25,35.800000000000004,-167.5,99100.0
8482,70C,25,35.6,-167.5,98900.0
8483,70C,25,36.1,-167.20000000000002,99000.0
8484,70C,25,36.300000000000004,-167.8,99200.0
8485,70C,25,36.1,-168.5,99400.0
8486,70C,25,35.6,-168.6,99500.0
8487,70C,25,,,
8488,70C,25,,,
8489,70C,25,,,
8490,70C,25,,,
8491,70C,25,,,
8492,70C,25,,,
8493,70C,25,,,
8494,70C,25,,,
8495,70C,25,,,
8496,70C,25,,,
8497,70C,25,,,
8498,70C,25,,,
8499,70C,25,,,
8500,70C,25,,,
8501,70C,25,,,
8502,70C,25,,,
8503,70C,25,,,
8504,70C,25,,,
8505,70C,25,,,
8506,70C,25,,,
8507,70C,25,,,
8508,70C,25,,,
8509,70C,25,,,
8510,70C,25,,,
8511,70C,25,,,
8512,70C,25,,,
8513,70C,26,25.8,-165.6,99200.0
8514,70C,26,,,
8515,70C,26,,,
8516,70C,26,,,
8517,70C,26,,,
8518,70C,26,,,
8519,70C,26,,,
8520,70C,26,,,
8521,70C,26,,,
8522,70C,26,,,
8523,70C,26,,,
8524,70C,26,,,
8525,70C,26,,,
8526,70C,26,,,
8527,70C,26,,,
8528,70C,26,,,
8529,70C,26,,,
8530,70C,26,,,
8531,70C,26,,,
8532,70C,26,,,
8533,70C,26,,,
8534,70C,26,,,
8535,70C,26,,,
8536,70C,26,,,
8537,70C,26,,,
8538,70C,26,,,
8539,70C,26,,,
8540,70C,26,,,
8541,70C,26,,,
8542,70C,26,,,
8543,70C,26,,,
8544,70C,26,,,
8545,70C,26,,,
8546,70C,26,,,
8547,70C,27,,,
8548,70C,27,8.1,-179.0,100700.0
8549,70C,27,7.7,178.70000000000002,100600.0
8550,70C,27,,,
8551,70C,27,8.3,178.8,100500.0
8552,70C,27,9.1,178.6,100700.0
8553,70C,27,,,
8554,70C,27,,,
8555,70C,27,,,
8556,70C,27,,,
8557,70C,27,,,
8558,70C,27,,,
8559,70C,27,,,
8560,70C,27,,,
8561,70C,27,,,
8562,70C,27,,,
8563,70C,27,,,
8564,70C,27,,,
8565,70C,27,,,
8566,70C,27,,,
8567,70C,27,,,
8568,70C,27,,,
8569,70C,27,,,
8570,70C,27,,,
8571,70C,27,,,
8572,70C,27,,,
8573,70C,27,,,
8574,70C,27,,,
8575,70C,27,,,
8576,70C,27,,,
8577,70C,27,,,
8578,70C,27,,,
8579,70C,27,,,
8580,70C,27,,,
8581,70C,28,,,
8582,70C,28,,,
8583,70C,28,9.1,-177.4,100500.0
8584,70C,28,8.9,-177.4,100400.0
8585,70C,28,9.700000000000001,-177.6,100200.0
8586,70C,28,,,
8587,70C,28,,,
8588,70C,28,,,
8589,70C,28,,,
8590,70C,28,,,
8591,70C,28,,,
8592,70C,28,,,
8593,70C,28,,,
8594,70C,28,,,
8595,70C,28,,,
8596,70C,28,,,
8597,70C,28,,,
8598,70C,28,,,
8599,70C,28,,,
8600,70C,28,,,
8601,70C,28,,,
8602,70C,28,,,
8603,70C,28,,,
8604,70C,28,,,
8605,70C,28,,,
8606,70C,28,,,
8607,70C,28,,,
8608,70C,28,,,
8609,70C,28,,,
8610,70C,28,,,
8611,70C,28,,,
8612,70C,28,,,
8613,70C,28,,,
8614,70C,28,,,
8615,70C,29,,,
8616,70C,29,,,
8617,70C,29,35.800000000000004,-167.4,98500.0
8618,70C,29,35.6,-167.0,98300.0
8619,70C,29,36.300000000000004,-166.9,98500.0
8620,70C,29,36.5,-167.8,98700.0
8621,70C,29,36.4,-168.3,99000.0
8622,70C,29,35.9,-168.1,99200.0
8623,70C,29,36.0,-166.8,99500.0
8624,70C,29,36.9,-166.1,99600.0
8625,70C,29,37.9,-166.3,99700.0
8626,70C,29,38.300000000000004,-167.0,99900.0
8627,70C,29,,,
8628,70C,29,,,
8629,70C,29,,,
8630,70C,29,,,
8631,70C,29,,,
8632,70C,29,,,
8633,70C,29,,,
8634,70C,29,,,
8635,70C,29,,,
8636,70C,29,,,
8637,70C,29,,,
8638,70C,29,,,
8639,70C,29,,,
8640,70C,29,,,
8641,70C,29,,,
8642,70C,29,,,
8643,70C,29,,,
8644,70C,29,,,
8645,70C,29,,,
8646,70C,29,,,
8647,70C,29,,,
8648,70C,29,,,
8649,70C,30,,,
8650,70C,30,,,
8651,70C,30,36.300000000000004,-168.0,98500.0
8652,70C,30,36.1,-167.5,98500.0
8653,70C,30,36.6,-167.9,98600.0
8654,70C,30,36.800000000000004,-168.8,98800.0
8655,70C,30,36.300000000000004,-169.5,99100.0
8656,70C,30,35.800000000000004,-169.20000000000002,99300.0
8657,70C,30,35.800000000000004,-168.5,99500.0
8658,70C,30,36.300000000000004,-168.1,99600.0
8659,70C,30,36.800000000000004,-168.4,99800.0
8660,70C,30,36.9,-168.70000000000002,99900.0
8661,70C,30,,,
8662,70C,30,,,
8663,70C,30,,,
8664,70C,30,,,
8665,70C,30,,,
8666,70C,30,,,
8667,70C,30,,,
8668,70C,30,,,
8669,70C,30,,,
8670,70C,30,,,
8671,70C,30,,,
8672,70C,30,,,
8673,70C,30,,,
8674,70C,30,,,
8675,70C,30,,,
8676,70C,30,,,
8677,70C,30,,,
8678,70C,30,,,
8679,70C,30,,,
8680,70C,30,,,
8681,70C,30,,,
8682,70C,30,,,
8683,70C,31,,,
8684,70C,31,,,
8685,70C,31,35.7,-167.70000000000002,99100.0
8686,70C,31,35.5,-167.3,99000.0
8687,70C,31,36.1,-167.4,99000.0
8688,70C,31,36.5,-168.1,99300.0
8689,70C,31,36.300000000000004,-169.20000000000002,99500.0
8690,70C,31,35.9,-169.6,99700.0
8691,70C,31,35.6,-168.8,99800.0
8692,70C,31,,,
8693,70C,31,36.6,-168.0,100100.0
8694,70C,31,,,
8695,70C,31,,,
8696,70C,31,,,
8697,70C,31,,,
8698,70C,31,,,
8699,70C,31,,,
8700,70C,31,,,
8701,70C,31,,,
8702,70C,31,,,
8703,70C,31,,,
8704,70C,31,,,
8705,70C,31,,,
8706,70C,31,,,
8707,70C,31,,,
8708,70C,31,,,
8709,70C,31,,,
8710,70C,31,,,
8711,70C,31,,,
8712,70C,31,,,
8713,70C,31,,,
8714,70C,31,,,
8715,70C,31,,,
8716,70C,31,,,
8717,70C,32,,,
8718,70C,32,,,
8719,70C,32,,,
8720,70C,32,,,
8721,70C,32,,,
8722,70C,32,,,
8723,70C,32,,,
8724,70C,32,,,
8725,70C,32,,,
8726,70C,32,,,
8727,70C,32,,,
8728,70C,32,,,
8729,70C,32,,,
8730,70C,32,,,
8731,70C,32,,,
8732,70C,32,,,
8733,70C,32,,,
8734,70C,32,,,
8735,70C,32,,,
8736,70C,32,,,
8737,70C,32,,,
8738,70C,32,,,
8739,70C,32,,,
8740,70C,32,,,
8741,70C,32,,,
8742,70C,32,,,
8743,70C,32,0.3,-148.4,101000.0
8744,70C,32,,,
8745,70C,32,,,
8746,70C,32,,,
8747,70C,32,-0.5,-152.3,101000.0
8748,70C,32,,,
8749,70C,32,,,
8750,70C,32,1.1,-151.4,100800.0
8751,70C,33,,,
8752,70C,33,4.7,-148.8,100600.0
8753,70C,33,4.8,-147.1,100900.0
8754,70C,33,,,
8755,70C,33,,,
8756,70C,33,,,
8757,70C,33,,,
8758,70C,33,,,
8759,70C,33,,,
8760,70C,33,,,
8761,70C,33,,,
8762,70C,33,,,
8763,70C,33,,,
8764,70C,33,,,
8765,70C,33,,,
8766,70C,33,,,
8767,70C,33,,,
8768,70C,33,,,
8769,70C,33,,,
8770,70C,33,,,
8771,70C,33,,,
8772,70C,33,,,
8773,70C,33,,,
8774,70C,33,,,
8775,70C,33,,,
8776,70C,33,,,
8777,70C,33,,,
8778,70C,33,,,
8779,70C,33,,,
8780,70C,33,,,
8781,70C,33,,,
8782,70C,33,,,
8783,70C,33,,,
8784,70C,33,,,
8785,70C,34,4.0,-140.6,100800.0
8786,70C,34,,,
8787,70C,34,,,
8788,70C,34,,,
8789,70C,34,5.0,-145.4,100800.0
8790,70C,34,,,
8791,70C,34,,,
8792,70C,34,,,
8793,70C,34,,,
8794,70C,34,,,
8795,70C,34,,,
8796,70C,34,,,
8797,70C,34,,,
8798,70C,34,,,
8799,70C,34,,,
8800,70C,34,,,
8801,70C,34,,,
8802,70C,34,,,
8803,70C,34,,,
8804,70C,34,,,
8805,70C,34,,,
8806,70C,34,,,
8807,70C,34,,,
8808,70C,34,,,
8809,70C,34,,,
8810,70C,34,,,
8811,70C,34,,,
8812,70C,34,,,
8813,70C,34,,,
8814,70C,34,,,
8815,70C,34,,,
8816,70C,34,,,
8817,70C,34,,,
8818,70C,34,,,
8819,70C,35,,,
8820,70C,35,,,
8821,70C,35,36.1,-167.70000000000002,98600.0
8822,70C,35,35.800000000000004,-167.5,98600.0
8823,70C,35,36.2,-167.4,98600.0
8824,70C,35,36.5,-168.20000000000002,98800.0
8825,70C,35,36.2,-168.70000000000002,99000.0
8826,70C,35,35.7,-168.4,99300.0
8827,70C,35,35.6,-167.5,99500.0
8828,70C,35,36.5,-167.0,99600.0
8829,70C,35,37.2,-167.0,99700.0
8830,70C,35,37.5,-167.3,99800.0
8831,70C,35,,,
8832,70C,35,,,
8833,70C,35,,,
8834,70C,35,,,
8835,70C,35,,,
8836,70C,35,,,
8837,70C,35,,,
8838,70C,35,,,
8839,70C,35,,,
8840,70C,35,,,
8841,70C,35,,,
8842,70C,35,,,
8843,70C,35,,,
8844,70C,35,,,
8845,70C,35,,,
8846,70C,35,,,
8847,70C,35,,,
8848,70C,35,,,
8849,70C,35,,,
8850,70C,35,,,
8851,70C,35,,,
8852,70C,35,,,
8853,70C,36,,,
8854,70C,36,,,
8855,70C,36,35.7,-168.8,99000.0
8856,70C,36,35.2,-167.5,98800.0
8857,70C,36,35.7,-167.3,98800.0
8858,70C,36,36.300000000000004,-167.6,99000.0
8859,70C,36,36.7,-168.20000000000002,99200.0
8860,70C,36,36.5,-168.9,99300.0
8861,70C,36,36.2,-168.70000000000002,99500.0
8862,70C,36,36.5,-168.0,99600.0
8863,70C,36,36.9,-168.0,99700.0
8864,70C,36,37.2,-168.0,99800.0
8865,70C,36,37.300000000000004,-168.4,99900.0
8866,70C,36,,,
8867,70C,36,,,
8868,70C,36,,,
8869,70C,36,,,
8870,70C,36,,,
8871,70C,36,,,
8872,70C,36,,,
8873,70C,36,,,
8874,70C,36,,,
8875,70C,36,,,
8876,70C,36,,,
8877,70C,36,,,
8878,70C,36,,,
8879,70C,36,,,
8880,70C,36,,,
8881,70C,36,,,
8882,70C,36,,,
8883,70C,36,,,
8884,70C,36,,,
8885,70C,36,,,
8886,70C,36,,,
8887,70C,37,,,
8888,70C,37,,,
8889,70C,37,36.0,-167.9,98700.0
8890,70C,37,35.800000000000004,-167.4,98700.0
8891,70C,37,36.300000000000004,-167.8,98700.0
8892,70C,37,36.4,-168.5,98900.0
8893,70C,37,36.2,-169.3,99200.0
8894,70C,37,35.7,-169.20000000000002,99400.0
8895,70C,37,35.6,-168.4,99500.0
8896,70C,37,,,
8897,70C,37,36.6,-167.9,99700.0
8898,70C,37,36.5,-168.20000000000002,99800.0
8899,70C,37,,,
8900,70C,37,,,
8901,70C,37,,,
8902,70C,37,,,
8903,70C,37,,,
8904,70C,37,,,
8905,70C,37,,,
8906,70C,37,,,
8907,70C,37,,,
8908,70C,37,,,
8909,70C,37,,,
8910,70C,37,,,
8911,70C,37,,,
8912,70C,37,,,
8913,70C,37,,,
8914,70C,37,,,
8915,70C,37,,,
8916,70C,37,,,
8917,70C,37,,,
8918,70C,37,,,
8919,70C,37,,,
8920,70C,37,,,
8921,70C,38,,,
8922,70C,38,,,
8923,70C,38,34.5,-167.6,98800.0
8924,70C,38,34.7,-166.5,98700.0
8925,70C,38,35.1,-166.3,98600.0
8926,70C,38,35.9,-166.3,98800.0
8927,70C,38,36.6,-167.5,99000.0
8928,70C,38,35.800000000000004,-168.70000000000002,99200.0
8929,70C,38,34.800000000000004,-167.70000000000002,99500.0
8930,70C,38,,,
8931,70C,38,36.9,-165.70000000000002,99700.0
8932,70C,38,37.5,-166.1,99800.0
8933,70C,38,37.7,-166.3,99900.0
8934,70C,38,37.6,-166.5,100000.0
8935,70C,38,,,
8936,70C,38,,,
8937,70C,38,,,
8938,70C,38,,,
8939,70C,38,,,
8940,70C,38,,,
8941,70C,38,,,
8942,70C,38,,,
8943,70C,38,,,
8944,70C,38,,,
8945,70C,38,,,
8946,70C,38,,,
8947,70C,38,,,
8948,70C,38,,,
8949,70C,38,,,
8950,70C,38,,,
8951,70C,38,,,
8952,70C,38,,,
8953,70C,38,,,
8954,70C,38,,,
8955,70C,39,,,
8956,70C,39,37.2,-167.20000000000002,99300.0
8957,70C,39,35.1,-168.6,98700.0
8958,70C,39,35.1,-167.6,98600.0
8959,70C,39,35.800000000000004,-167.0,98800.0
8960,70C,39,36.2,-168.1,99000.0
8961,70C,39,36.4,-168.20000000000002,99200.0
8962,70C,39,36.0,-168.8,99400.0
8963,70C,39,35.800000000000004,-168.0,99500.0
8964,70C,39,36.2,-167.70000000000002,99700.0
8965,70C,39,36.5,-167.70000000000002,99800.0
8966,70C,39,37.0,-167.70000000000002,99800.0
8967,70C,39,37.1,-168.20000000000002,99900.0
8968,70C,39,,,
8969,70C,39,,,
8970,70C,39,,,
8971,70C,39,,,
8972,70C,39,,,
8973,70C,39,,,
8974,70C,39,,,
8975,70C,39,,,
8976,70C,39,,,
8977,70C,39,,,
8978,70C,39,,,
8979,70C,39,,,
8980,70C,39,,,
8981,70C,39,,,
8982,70C,39,,,
8983,70C,39,,,
8984,70C,39,,,
8985,70C,39,,,
8986,70C,39,,,
8987,70C,39,,,
8988,70C,39,,,
8989,70C,41,,,
8990,70C,41,17.3,-159.70000000000002,100600.0
8991,70C,41,19.2,-159.8,100500.0
8992,70C,41,,,
8993,70C,41,,,
8994,70C,41,,,
8995,70C,41,,,
8996,70C,41,,,
8997,70C,41,,,
8998,70C,41,,,
8999,70C,41,,,
9000,70C,41,,,
9001,70C,41,,,
9002,70C,41,,,
9003,70C,41,,,
9004,70C,41,,,
9005,70C,41,,,
9006,70C,41,,,
9007,70C,41,,,
9008,70C,41,,,
9009,70C,41,,,
9010,70C,41,,,
9011,70C,41,,,
9012,70C,41,,,
9013,70C,41,,,
9014,70C,41,,,
9015,70C,41,,,
9016,70C,41,,,
9017,70C,41,,,
9018,70C,41,,,
9019,70C,41,,,
9020,70C,41,,,
9021,70C,41,,,
9022,70C,41,,,
9023,70C,42,,,
9024,70C,42,37.2,-166.70000000000002,99500.0
9025,70C,42,36.2,-168.1,99000.0
9026,70C,42,36.0,-168.20000000000002,98800.0
9027,70C,42,36.5,-168.4,98800.0
9028,70C,42,36.5,-169.1,98900.0
9029,70C,42,35.9,-169.6,99100.0
9030,70C,42,35.9,-169.20000000000002,99300.0
9031,70C,42,36.0,-168.8,99400.0
9032,70C,42,36.5,-168.9,99600.0
9033,70C,42,36.5,-169.6,99800.0
9034,70C,42,36.300000000000004,-170.1,99900.0
9035,70C,42,,,
9036,70C,42,,,
9037,70C,42,,,
9038,70C,42,,,
9039,70C,42,,,
9040,70C,42,,,
9041,70C,42,,,
9042,70C,42,,,
9043,70C,42,,,
9044,70C,42,,,
9045,70C,42,,,
9046,70C,42,,,
9047,70C,42,,,
9048,70C,42,,,
9049,70C,42,,,
9050,70C,42,,,
9051,70C,42,,,
9052,70C,42,,,
9053,70C,42,,,
9054,70C,42,,,
9055,70C,42,,,
9056,70C,42,,,
9057,70C,43,,,
9058,70C,43,,,
9059,70C,43,35.0,-168.0,98600.0
9060,70C,43,34.6,-167.0,98600.0
9061,70C,43,35.0,-166.8,98800.0
9062,70C,43,36.0,-167.1,98900.0
9063,70C,43,36.1,-167.9,99100.0
9064,70C,43,36.2,-168.4,99300.0
9065,70C,43,35.9,-168.1,99400.0
9066,70C,43,36.300000000000004,-167.6,99600.0
9067,70C,43,36.800000000000004,-167.6,99700.0
9068,70C,43,,,
9069,70C,43,,,
9070,70C,43,,,
9071,70C,43,,,
9072,70C,43,,,
9073,70C,43,,,
9074,70C,43,,,
9075,70C,43,,,
9076,70C,43,,,
9077,70C,43,,,
9078,70C,43,,,
9079,70C,43,,,
9080,70C,43,,,
9081,70C,43,,,
9082,70C,43,,,
9083,70C,43,,,
9084,70C,43,,,
9085,70C,43,,,
9086,70C,43,,,
9087,70C,43,,,
9088,70C,43,,,
9089,70C,43,,,
9090,70C,43,,,
9091,70C,44,,,
9092,70C,44,,,
9093,70C,44,35.1,-167.70000000000002,99200.0
9094,70C,44,35.0,-166.9,98600.0
9095,70C,44,35.300000000000004,-166.3,98700.0
9096,70C,44,36.2,-167.0,98800.0
9097,70C,44,36.0,-168.0,99100.0
9098,70C,44,35.1,-168.1,99400.0
9099,70C,44,,,
9100,70C,44,,,
9101,70C,44,,,
9102,70C,44,,,
9103,70C,44,,,
9104,70C,44,,,
9105,70C,44,,,
9106,70C,44,,,
9107,70C,44,,,
9108,70C,44,,,
9109,70C,44,,,
9110,70C,44,,,
9111,70C,44,,,
9112,70C,44,,,
9113,70C,44,,,
9114,70C,44,,,
9115,70C,44,,,
9116,70C,44,,,
9117,70C,44,,,
9118,70C,44,,,
9119,70C,44,,,
9120,70C,44,,,
9121,70C,44,,,
9122,70C,44,,,
9123,70C,44,,,
9124,70C,44,,,
9125,70C,45,,,
9126,70C,45,,,
9127,70C,45,,,
9128,70C,45,33.4,-160.1,99500.0
9129,70C,45,36.2,-159.8,99800.0
9130,70C,45,,,
9131,70C,45,,,
9132,70C,45,,,
9133,70C,45,,,
9134,70C,45,,,
9135,70C,45,,,
9136,70C,45,,,
9137,70C,45,,,
9138,70C,45,,,
9139,70C,45,,,
9140,70C,45,,,
9141,70C,45,,,
9142,70C,45,,,
9143,70C,45,,,
9144,70C,45,,,
9145,70C,45,,,
9146,70C,45,,,
9147,70C,45,,,
9148,70C,45,,,
9149,70C,45,,,
9150,70C,45,,,
9151,70C,45,,,
9152,70C,45,,,
9153,70C,45,,,
9154,70C,45,,,
9155,70C,45,,,
9156,70C,45,,,
9157,70C,45,,,
9158,70C,45,,,
9159,70C,46,,,
9160,70C,46,8.700000000000001,-175.5,100600.0
9161,70C,46,9.1,-176.3,100700.0
9162,70C,46,9.3,-176.1,100700.0
9163,70C,46,,,
9164,70C,46,,,
9165,70C,46,,,
9166,70C,46,,,
9167,70C,46,,,
9168,70C,46,,,
9169,70C,46,,,
9170,70C,46,,,
9171,70C,46,,,
9172,70C,46,,,
9173,70C,46,,,
9174,70C,46,,,
9175,70C,46,,,
9176,70C,46,,,
9177,70C,46,,,
9178,70C,46,,,
9179,70C,46,,,
9180,70C,46,,,
9181,70C,46,,,
9182,70C,46,,,
9183,70C,46,,,
9184,70C,46,,,
9185,70C,46,,,
9186,70C,46,,,
9187,70C,46,,,
9188,70C,46,,,
9189,70C,46,,,
9190,70C,46,,,
9191,70C,46,,,
9192,70C,46,,,
9193,70C,47,,,
9194,70C,47,9.6,-174.6,100700.0
9195,70C,47,9.1,-174.6,100800.0
9196,70C,47,,,
9197,70C,47,,,
9198,70C,47,,,
9199,70C,47,,,
9200,70C,47,,,
9201,70C,47,,,
9202,70C,47,,,
9203,70C,47,,,
9204,70C,47,,,
9205,70C,47,,,
9206,70C,47,,,
9207,70C,47,,,
9208,70C,47,,,
9209,70C,47,,,
9210,70C,47,,,
9211,70C,47,,,
9212,70C,47,,,
9213,70C,47,,,
9214,70C,47,,,
9215,70C,47,,,
9216,70C,47,,,
9217,70C,47,,,
9218,70C,47,,,
9219,70C,47,,,
9220,70C,47,,,
9221,70C,47,,,
9222,70C,47,,,
9223,70C,47,,,
9224,70C,47,,,
9225,70C,47,,,
9226,70C,47,,,
9227,70C,48,,,
9228,70C,48,,,
9229,70C,48,35.300000000000004,-166.8,98600.0
9230,70C,48,35.1,-166.9,98500.0
9231,70C,48,35.6,-166.3,98600.0
9232,70C,48,36.300000000000004,-166.8,98700.0
9233,70C,48,36.0,-167.3,99000.0
9234,70C,48,35.9,-167.0,99300.0
9235,70C,48,,,
9236,70C,48,36.800000000000004,-166.4,99600.0
9237,70C,48,36.800000000000004,-166.8,99700.0
9238,70C,48,,,
9239,70C,48,,,
9240,70C,48,,,
9241,70C,48,,,
9242,70C,48,,,
9243,70C,48,,,
9244,70C,48,,,
9245,70C,48,,,
9246,70C,48,,,
9247,70C,48,,,
9248,70C,48,,,
9249,70C,48,,,
9250,70C,48,,,
9251,70C,48,,,
9252,70C,48,,,
9253,70C,48,,,
9254,70C,48,,,
9255,70C,48,,,
9256,70C,48,,,
9257,70C,48,,,
9258,70C,48,,,
9259,70C,48,,,
9260,70C,48,,,
9261,70C,49,,,
9262,70C,49,,,
9263,70C,49,7.9,-180.0,100700.0
9264,70C,49,7.4,179.0,100800.0
9265,70C,49,,,
9266,70C,49,,,
9267,70C,49,,,
9268,70C,49,,,
9269,70C,49,,,
9270,70C,49,,,
9271,70C,49,,,
9272,70C,49,,,
9273,70C,49,,,
9274,70C,49,,,
9275,70C,49,,,
9276,70C,49,,,
9277,70C,49,,,
9278,70C,49,,,
9279,70C,49,,,
9280,70C,49,,,
9281,70C,49,,,
9282,70C,49,,,
9283,70C,49,,,
9284,70C,49,,,
9285,70C,49,,,
9286,70C,49,,,
9287,70C,49,,,
9288,70C,49,,,
9289,70C,49,,,
9290,70C,49,,,
9291,70C,49,,,
9292,70C,49,,,
9293,70C,49,,,
9294,70C,49,,,
9295,70C,50,,,
9296,70C,50,,,
9297,70C,50,35.300000000000004,-167.6,98900.0
9298,70C,50,35.2,-167.4,98900.0
9299,70C,50,35.9,-167.3,98900.0
9300,70C,50,36.300000000000004,-168.1,99100.0
9301,70C,50,36.5,-168.9,99400.0
9302,70C,50,,,
9303,70C,50,,,
9304,70C,50,,,
9305,70C,50,,,
9306,70C,50,,,
9307,70C,50,,,
9308,70C,50,,,
9309,70C,50,,,
9310,70C,50,,,
9311,70C,50,,,
9312,70C,50,,,
9313,70C,50,,,
9314,70C,50,,,
9315,70C,50,,,
9316,70C,50,,,
9317,70C,50,,,
9318,70C,50,,,
9319,70C,50,,,
9320,70C,50,,,
9321,70C,50,,,
9322,70C,50,,,
9323,70C,50,,,
9324,70C,50,,,
9325,70C,50,,,
9326,70C,50,,,
9327,70C,50,,,
9328,70C,50,,,
9329,70C,51,,,
9330,70C,51,,,
9331,70C,51,35.4,-167.5,98700.0
9332,70C,51,35.4,-167.3,98600.0
9333,70C,51,36.1,-167.20000000000002,98700.0
9334,70C,51,36.4,-168.20000000000002,98900.0
9335,70C,51,36.1,-168.70000000000002,99100.0
9336,70C,51,35.800000000000004,-168.6,99300.0
9337,70C,51,35.800000000000004,-167.70000000000002,99500.0
9338,70C,51,36.5,-167.3,99600.0
9339,70C,51,37.5,-167.3,99800.0
9340,70C,51,37.9,-168.20000000000002,99900.0
9341,70C,51,,,
9342,70C,51,,,
9343,70C,51,,,
9344,70C,51,,,
9345,70C,51,,,
9346,70C,51,,,
9347,70C,51,,,
9348,70C,51,,,
9349,70C,51,,,
9350,70C,51,,,
9351,70C,51,,,
9352,70C,51,,,
9353,70C,51,,,
9354,70C,51,,,
9355,70C,51,,,
9356,70C,51,,,
9357,70C,51,,,
9358,70C,51,,,
9359,70C,51,,,
9360,70C,51,,,
9361,70C,51,,,
9362,70C,51,,,
9363,70C,52,,,
9364,70C,52,,,
9365,70C,52,35.4,-167.5,98700.0
9366,70C,52,35.4,-167.3,98600.0
9367,70C,52,36.1,-167.20000000000002,98700.0
9368,70C,52,36.4,-168.20000000000002,98900.0
9369,70C,52,36.1,-168.70000000000002,99100.0
9370,70C,52,35.800000000000004,-168.6,99300.0
9371,70C,52,35.800000000000004,-167.70000000000002,99500.0
9372,70C,52,36.5,-167.3,99600.0
9373,70C,52,37.5,-167.3,99800.0
9374,70C,52,37.9,-168.20000000000002,99900.0
9375,70C,52,,,
9376,70C,52,,,
9377,70C,52,,,
9378,70C,52,,,
9379,70C,52,,,
9380,70C,52,,,
9381,70C,52,,,
9382,70C,52,,,
9383,70C,52,,,
9384,70C,52,,,
9385,70C,52,,,
9386,70C,52,,,
9387,70C,52,,,
9388,70C,52,,,
9389,70C,52,,,
9390,70C,52,,,
9391,70C,52,,,
9392,70C,52,,,
9393,70C,52,,,
9394,70C,52,,,
9395,70C,52,,,
9396,70C,52,,,
9397,71C,3,,,
9398,71C,3,,,
9399,71C,3,,,
9400,71C,3,,,
9401,71C,3,,,
9402,71C,3,,,
9403,71C,3,,,
9404,71C,3,,,
9405,71C,3,,,
9406,71C,3,,,
9407,71C,3,,,
9408,71C,3,,,
9409,71C,3,,,
9410,71C,3,,,
9411,71C,3,,,
9412,71C,3,,,
9413,71C,3,,,
9414,71C,3,,,
9415,71C,3,,,
9416,71C,3,,,
9417,71C,3,,,
9418,71C,3,,,
9419,71C,3,,,
9420,71C,3,,,
9421,71C,3,,,
9422,71C,3,,,
9423,71C,3,,,
9424,71C,3,,,
9425,71C,3,,,
9426,71C,3,,,
9427,71C,3,3.3000000000000003,-165.5,100900.0
9428,71C,3,,,
9429,71C,3,,,
9430,71C,3,6.2,-168.6,100800.0
9431,71C,3,,,
9432,71C,3,,,
9433,71C,3,,,
9434,71C,3,,,
9435,71C,3,,,
9436,71C,3,,,
9437,71C,4,,,
9438,71C,4,,,
9439,71C,4,,,
9440,71C,4,,,
9441,71C,4,19.1,-154.3,100900.0
9442,71C,4,19.2,-153.3,100800.0
9443,71C,4,,,
9444,71C,4,,,
9445,71C,4,,,
9446,71C,4,,,
9447,71C,4,,,
9448,71C,4,,,
9449,71C,4,,,
9450,71C,4,,,
9451,71C,4,,,
9452,71C,4,,,
9453,71C,4,,,
9454,71C,4,,,
9455,71C,4,,,
9456,71C,4,,,
9457,71C,4,,,
9458,71C,4,,,
9459,71C,4,,,
9460,71C,4,,,
9461,71C,4,,,
9462,71C,4,,,
9463,71C,4,,,
9464,71C,4,,,
9465,71C,4,,,
9466,71C,4,,,
9467,71C,4,,,
9468,71C,4,,,
9469,71C,4,,,
9470,71C,4,,,
9471,71C,4,,,
9472,71C,4,,,
9473,71C,4,,,
9474,71C,4,,,
9475,71C,4,,,
9476,71C,4,,,
9477,71C,6,,,
9478,71C,6,,,
9479,71C,6,,,
9480,71C,6,17.1,-156.0,100700.0
9481,71C,6,17.0,-155.70000000000002,100900.0
9482,71C,6,,,
9483,71C,6,,,
9484,71C,6,,,
9485,71C,6,,,
9486,71C,6,,,
9487,71C,6,,,
9488,71C,6,,,
9489,71C,6,,,
9490,71C,6,,,
9491,71C,6,,,
9492,71C,6,,,
9493,71C,6,,,
9494,71C,6,,,
9495,71C,6,,,
9496,71C,6,,,
9497,71C,6,,,
9498,71C,6,,,
9499,71C,6,,,
9500,71C,6,,,
9501,71C,6,,,
9502,71C,6,,,
9503,71C,6,,,
9504,71C,6,,,
9505,71C,6,,,
9506,71C,6,,,
9507,71C,6,,,
9508,71C,6,,,
9509,71C,6,,,
9510,71C,6,,,
9511,71C,6,,,
9512,71C,6,,,
9513,71C,6,,,
9514,71C,6,,,
9515,71C,6,,,
9516,71C,6,,,
9517,71C,7,,,
9518,71C,7,,,
9519,71C,7,,,
9520,71C,7,,,
9521,71C,7,,,
9522,71C,7,,,
9523,71C,7,,,
9524,71C,7,,,
9525,71C,7,,,
9526,71C,7,,,
9527,71C,7,,,
9528,71C,7,,,
9529,71C,7,,,
9530,71C,7,,,
9531,71C,7,,,
9532,71C,7,,,
9533,71C,7,,,
9534,71C,7,,,
9535,71C,7,,,
9536,71C,7,,,
9537,71C,7,,,
9538,71C,7,,,
9539,71C,7,,,
9540,71C,7,,,
9541,71C,7,,,
9542,71C,7,,,
9543,71C,7,,,
9544,71C,7,6.7,-157.8,100600.0
9545,71C,7,5.7,-159.4,100900.0
9546,71C,7,4.1,-159.3,100900.0
9547,71C,7,,,
9548,71C,7,,,
9549,71C,7,,,
9550,71C,7,,,
9551,71C,7,,,
9552,71C,7,,,
9553,71C,7,,,
9554,71C,7,,,
9555,71C,7,,,
9556,71C,7,,,
9557,71C,16,,,
9558,71C,16,,,
9559,71C,16,,,
9560,71C,16,,,
9561,71C,16,,,
9562,71C,16,,,
9563,71C,16,,,
9564,71C,16,,,
9565,71C,16,,,
9566,71C,16,,,
9567,71C,16,,,
9568,71C,16,,,
9569,71C,16,,,
9570,71C,16,,,
9571,71C,16,,,
9572,71C,16,,,
9573,71C,16,,,
9574,71C,16,,,
9575,71C,16,,,
9576,71C,16,,,
9577,71C,16,,,
9578,71C,16,,,
9579,71C,16,,,
9580,71C,16,,,
9581,71C,16,,,
9582,71C,16,,,
9583,71C,16,,,
9584,71C,16,4.3,-165.9,100700.0
9585,71C,16,,,
9586,71C,16,4.8,-169.9,100700.0
9587,71C,16,,,
9588,71C,16,,,
9589,71C,16,,,
9590,71C,16,5.8,-171.0,101000.0
9591,71C,16,,,
9592,71C,16,,,
9593,71C,16,,,
9594,71C,16,6.1000000000000005,-173.20000000000002,101000.0
9595,71C,16,,,
9596,71C,16,6.0,-174.6,101000.0
9597,71C,17,,,
9598,71C,17,,,
9599,71C,17,,,
9600,71C,17,,,
9601,71C,17,18.5,-156.9,100900.0
9602,71C,17,19.0,-156.6,100800.0
9603,71C,17,,,
9604,71C,17,,,
9605,71C,17,,,
9606,71C,17,,,
9607,71C,17,,,
9608,71C,17,,,
9609,71C,17,,,
9610,71C,17,,,
9611,71C,17,,,
9612,71C,17,,,
9613,71C,17,,,
9614,71C,17,,,
9615,71C,17,,,
9616,71C,17,,,
9617,71C,17,,,
9618,71C,17,,,
9619,71C,17,,,
9620,71C,17,,,
9621,71C,17,,,
9622,71C,17,,,
9623,71C,17,,,
9624,71C,17,,,
9625,71C,17,,,
9626,71C,17,,,
9627,71C,17,,,
9628,71C,17,,,
9629,71C,17,,,
9630,71C,17,,,
9631,71C,17,,,
9632,71C,17,,,
9633,71C,17,,,
9634,71C,17,,,
9635,71C,17,,,
9636,71C,17,,,
9637,71C,20,,,
9638,71C,20,,,
9639,71C,20,,,
9640,71C,20,,,
9641,71C,20,,,
9642,71C,20,,,
9643,71C,20,,,
9644,71C,20,,,
9645,71C,20,,,
9646,71C,20,,,
9647,71C,20,,,
9648,71C,20,,,
9649,71C,20,,,
9650,71C,20,,,
9651,71C,20,,,
9652,71C,20,6.6000000000000005,-140.1,100800.0
9653,71C,20,6.2,-141.5,101000.0
9654,71C,20,,,
9655,71C,20,7.2,-144.20000000000002,101100.0
9656,71C,20,,,
9657,71C,20,7.3,-145.1,101000.0
9658,71C,20,,,
9659,71C,20,,,
9660,71C,20,,,
9661,71C,20,,,
9662,71C,20,,,
9663,71C,20,,,
9664,71C,20,,,
9665,71C,20,,,
9666,71C,20,,,
9667,71C,20,,,
9668,71C,20,,,
9669,71C,20,,,
9670,71C,20,,,
9671,71C,20,,,
9672,71C,20,,,
9673,71C,20,,,
9674,71C,20,,,
9675,71C,20,,,
9676,71C,20,,,
9677,71C,22,,,
9678,71C,22,,,
9679,71C,22,,,
9680,71C,22,,,
9681,71C,22,,,
9682,71C,22,,,
9683,71C,22,,,
9684,71C,22,,,
9685,71C,22,,,
9686,71C,22,,,
9687,71C,22,,,
9688,71C,22,,,
9689,71C,22,,,
9690,71C,22,,,
9691,71C,22,,,
9692,71C,22,,,
9693,71C,22,,,
9694,71C,22,,,
9695,71C,22,,,
9696,71C,22,,,
9697,71C,22,,,
9698,71C,22,,,
9699,71C,22,,,
9700,71C,22,,,
9701,71C,22,,,
9702,71C,22,,,
9703,71C,22,,,
9704,71C,22,,,
9705,71C,22,,,
9706,71C,22,,,
9707,71C,22,,,
9708,71C,22,,,
9709,71C,22,,,
9710,71C,22,,,
9711,71C,22,35.6,-178.3,98900.0
9712,71C,22,34.9,-176.4,99000.0
9713,71C,22,35.4,-173.70000000000002,99000.0
9714,71C,22,36.2,-171.0,99000.0
9715,71C,22,,,
9716,71C,22,,,
9717,71C,26,,,
9718,71C,26,,,
9719,71C,26,36.300000000000004,-168.4,98800.0
9720,71C,26,35.7,-168.4,98700.0
9721,71C,26,35.800000000000004,-168.4,98800.0
9722,71C,26,36.2,-169.20000000000002,99000.0
9723,71C,26,35.800000000000004,-169.70000000000002,99200.0
9724,71C,26,35.300000000000004,-169.6,99400.0
9725,71C,26,35.300000000000004,-168.9,99500.0
9726,71C,26,35.800000000000004,-168.3,99700.0
9727,71C,26,,,
9728,71C,26,36.5,-168.70000000000002,100000.0
9729,71C,26,,,
9730,71C,26,,,
9731,71C,26,,,
9732,71C,26,,,
9733,71C,26,,,
9734,71C,26,,,
9735,71C,26,,,
9736,71C,26,,,
9737,71C,26,,,
9738,71C,26,,,
9739,71C,26,,,
9740,71C,26,,,
9741,71C,26,,,
9742,71C,26,,,
9743,71C,26,,,
9744,71C,26,,,
9745,71C,26,,,
9746,71C,26,,,
9747,71C,26,,,
9748,71C,26,,,
9749,71C,26,,,
9750,71C,26,,,
9751,71C,26,,,
9752,71C,26,,,
9753,71C,26,,,
9754,71C,26,,,
9755,71C,26,,,
9756,71C,26,,,
9757,71C,27,,,
9758,71C,27,37.5,-166.9,99800.0
9759,71C,27,36.2,-168.70000000000002,99300.0
9760,71C,27,35.800000000000004,-168.4,99000.0
9761,71C,27,36.1,-168.1,99000.0
9762,71C,27,36.1,-169.4,99000.0
9763,71C,27,35.300000000000004,-169.0,99200.0
9764,71C,27,35.9,-168.5,99400.0
9765,71C,27,36.2,-168.20000000000002,99500.0
9766,71C,27,,,
9767,71C,27,,,
9768,71C,27,,,
9769,71C,27,,,
9770,71C,27,,,
9771,71C,27,,,
9772,71C,27,,,
9773,71C,27,,,
9774,71C,27,,,
9775,71C,27,,,
9776,71C,27,,,
9777,71C,27,,,
9778,71C,27,,,
9779,71C,27,,,
9780,71C,27,,,
9781,71C,27,,,
9782,71C,27,,,
9783,71C,27,,,
9784,71C,27,,,
9785,71C,27,,,
9786,71C,27,,,
9787,71C,27,,,
9788,71C,27,,,
9789,71C,27,,,
9790,71C,27,,,
9791,71C,27,,,
9792,71C,27,,,
9793,71C,27,,,
9794,71C,27,,,
9795,71C,27,,,
9796,71C,27,,,
9797,71C,29,,,
9798,71C,29,,,
9799,71C,29,,,
9800,71C,29,,,
9801,71C,29,18.8,-154.20000000000002,101000.0
9802,71C,29,19.0,-153.5,100900.0
9803,71C,29,,,
9804,71C,29,,,
9805,71C,29,,,
9806,71C,29,,,
9807,71C,29,,,
9808,71C,29,,,
9809,71C,29,,,
9810,71C,29,,,
9811,71C,29,,,
9812,71C,29,,,
9813,71C,29,,,
9814,71C,29,,,
9815,71C,29,,,
9816,71C,29,,,
9817,71C,29,,,
9818,71C,29,,,
9819,71C,29,,,
9820,71C,29,,,
9821,71C,29,,,
9822,71C,29,,,
9823,71C,29,,,
9824,71C,29,,,
9825,71C,29,,,
9826,71C,29,,,
9827,71C,29,,,
9828,71C,29,,,
9829,71C,29,,,
9830,71C,29,,,
9831,71C,29,,,
9832,71C,29,,,
9833,71C,29,,,
9834,71C,29,,,
9835,71C,29,,,
9836,71C,29,,,
9837,71C,30,,,
9838,71C,30,,,
9839,71C,30,19.5,-158.4,100800.0
9840,71C,30,20.0,-157.6,100600.0
9841,71C,30,19.1,-154.9,100800.0
9842,71C,30,18.7,-154.6,100700.0
9843,71C,30,,,
9844,71C,30,,,
9845,71C,30,,,
9846,71C,30,,,
9847,71C,30,,,
9848,71C,30,,,
9849,71C,30,,,
9850,71C,30,,,
9851,71C,30,,,
9852,71C,30,,,
9853,71C,30,,,
9854,71C,30,,,
9855,71C,30,,,
9856,71C,30,,,
9857,71C,30,,,
9858,71C,30,,,
9859,71C,30,,,
9860,71C,30,,,
9861,71C,30,,,
9862,71C,30,,,
9863,71C,30,,,
9864,71C,30,,,
9865,71C,30,,,
9866,71C,30,,,
9867,71C,30,,,
9868,71C,30,,,
9869,71C,30,,,
9870,71C,30,,,
9871,71C,30,,,
9872,71C,30,,,
9873,71C,30,,,
9874,71C,30,,,
9875,71C,30,,,
9876,71C,30,,,
9877,71C,31,,,
9878,71C,31,,,
9879,71C,31,,,
9880,71C,31,17.8,-156.1,100800.0
9881,71C,31,18.6,-154.3,100800.0
9882,71C,31,,,
9883,71C,31,19.0,-155.4,101300.0
9884,71C,31,,,
9885,71C,31,,,
9886,71C,31,,,
9887,71C,31,,,
9888,71C,31,,,
9889,71C,31,,,
9890,71C,31,,,
9891,71C,31,,,
9892,71C,31,,,
9893,71C,31,,,
9894,71C,31,,,
9895,71C,31,,,
9896,71C,31,,,
9897,71C,31,,,
9898,71C,31,,,
9899,71C,31,,,
9900,71C,31,,,
9901,71C,31,,,
9902,71C,31,,,
9903,71C,31,,,
9904,71C,31,,,
9905,71C,31,,,
9906,71C,31,,,
9907,71C,31,,,
9908,71C,31,,,
9909,71C,31,,,
9910,71C,31,,,
9911,71C,31,,,
9912,71C,31,,,
9913,71C,31,,,
9914,71C,31,,,
9915,71C,31,,,
9916,71C,31,,,
9917,71C,33,,,
9918,71C,33,,,
9919,71C,33,35.0,-167.5,98900.0
9920,71C,33,34.6,-167.0,98700.0
9921,71C,33,,,
9922,71C,33,35.9,-166.5,99000.0
9923,71C,33,36.5,-167.20000000000002,99300.0
9924,71C,33,36.300000000000004,-168.20000000000002,99500.0
9925,71C,33,,,
9926,71C,33,,,
9927,71C,33,,,
9928,71C,33,,,
9929,71C,33,,,
9930,71C,33,,,
9931,71C,33,,,
9932,71C,33,,,
9933,71C,33,,,
9934,71C,33,,,
9935,71C,33,,,
9936,71C,33,,,
9937,71C,33,,,
9938,71C,33,,,
9939,71C,33,,,
9940,71C,33,,,
9941,71C,33,,,
9942,71C,33,,,
9943,71C,33,,,
9944,71C,33,,,
9945,71C,33,,,
9946,71C,33,,,
9947,71C,33,,,
9948,71C,33,,,
9949,71C,33,,,
9950,71C,33,,,
9951,71C,33,,,
9952,71C,33,,,
9953,71C,33,,,
9954,71C,33,,,
9955,71C,33,,,
9956,71C,33,,,
9957,71C,37,,,
9958,71C,37,,,
9959,71C,37,,,
9960,71C,37,,,
9961,71C,37,,,
9962,71C,37,,,
9963,71C,37,,,
9964,71C,37,,,
9965,71C,37,,,
9966,71C,37,7.4,-155.4,100700.0
9967,71C,37,,,
9968,71C,37,,,
9969,71C,37,,,
9970,71C,37,6.9,-157.9,100900.0
9971,71C,37,,,
9972,71C,37,,,
9973,71C,37,,,
9974,71C,37,,,
9975,71C,37,,,
9976,71C,37,,,
9977,71C,37,,,
9978,71C,37,,,
9979,71C,37,,,
9980,71C,37,,,
9981,71C,37,,,
9982,71C,37,,,
9983,71C,37,,,
9984,71C,37,,,
9985,71C,37,,,
9986,71C,37,,,
9987,71C,37,,,
9988,71C,37,,,
9989,71C,37,,,
9990,71C,37,,,
9991,71C,37,,,
9992,71C,37,,,
9993,71C,37,,,
9994,71C,37,,,
9995,71C,37,,,
9996,71C,37,,,
9997,71C,38,,,
9998,71C,38,,,
9999,71C,38,,,
10000,71C,38,,,
10001,71C,38,,,
10002,71C,38,,,
10003,71C,38,,,
10004,71C,38,,,
10005,71C,38,,,
10006,71C,38,,,
10007,71C,38,,,
10008,71C,38,,,
10009,71C,38,,,
10010,71C,38,,,
10011,71C,38,,,
10012,71C,38,,,
10013,71C,38,,,
10014,71C,38,,,
10015,71C,38,,,
10016,71C,38,,,
10017,71C,38,,,
10018,71C,38,,,
10019,71C,38,,,
10020,71C,38,,,
10021,71C,38,,,
10022,71C,38,,,
10023,71C,38,,,
10024,71C,38,,,
10025,71C,38,8.6,-173.70000000000002,100800.0
10026,71C,38,,,
10027,71C,38,,,
10028,71C,38,,,
10029,71C,38,7.9,-178.9,100800.0
10030,71C,38,,,
10031,71C,38,,,
10032,71C,38,,,
10033,71C,38,,,
10034,71C,38,,,
10035,71C,38,,,
10036,71C,38,,,
10037,71C,39,,,
10038,71C,39,,,
10039,71C,39,,,
10040,71C,39,,,
10041,71C,39,,,
10042,71C,39,,,
10043,71C,39,,,
10044,71C,39,,,
10045,71C,39,,,
10046,71C,39,16.9,-166.8,100600.0
10047,71C,39,17.6,-166.5,100700.0
10048,71C,39,,,
10049,71C,39,,,
10050,71C,39,,,
10051,71C,39,,,
10052,71C,39,,,
10053,71C,39,,,
10054,71C,39,,,
10055,71C,39,,,
10056,71C,39,,,
10057,71C,39,,,
10058,71C,39,,,
10059,71C,39,,,
10060,71C,39,,,
10061,71C,39,,,
10062,71C,39,,,
10063,71C,39,,,
10064,71C,39,,,
10065,71C,39,,,
10066,71C,39,,,
10067,71C,39,,,
10068,71C,39,,,
10069,71C,39,,,
10070,71C,39,,,
10071,71C,39,,,
10072,71C,39,,,
10073,71C,39,,,
10074,71C,39,,,
10075,71C,39,,,
10076,71C,39,,,
10077,71C,41,,,
10078,71C,41,,,
10079,71C,41,35.7,-168.3,99000.0
10080,71C,41,35.6,-167.70000000000002,98700.0
10081,71C,41,36.0,-168.0,98700.0
10082,71C,41,35.800000000000004,-169.0,98900.0
10083,71C,41,35.1,-169.20000000000002,99100.0
10084,71C,41,35.0,-168.20000000000002,99200.0
10085,71C,41,35.6,-167.3,99400.0
10086,71C,41,36.5,-167.1,99600.0
10087,71C,41,37.300000000000004,-167.6,99700.0
10088,71C,41,37.1,-168.70000000000002,99900.0
10089,71C,41,,,
10090,71C,41,,,
10091,71C,41,,,
10092,71C,41,,,
10093,71C,41,,,
10094,71C,41,,,
10095,71C,41,,,
10096,71C,41,,,
10097,71C,41,,,
10098,71C,41,,,
10099,71C,41,,,
10100,71C,41,,,
10101,71C,41,,,
10102,71C,41,,,
10103,71C,41,,,
10104,71C,41,,,
10105,71C,41,,,
10106,71C,41,,,
10107,71C,41,,,
10108,71C,41,,,
10109,71C,41,,,
10110,71C,41,,,
10111,71C,41,,,
10112,71C,41,,,
10113,71C,41,,,
10114,71C,41,,,
10115,71C,41,,,
10116,71C,41,,,
10117,71C,44,,,
10118,71C,44,,,
10119,71C,44,,,
10120,71C,44,,,
10121,71C,44,,,
10122,71C,44,5.4,-151.70000000000002,100600.0
10123,71C,44,,,
10124,71C,44,,,
10125,71C,44,,,
10126,71C,44,5.6000000000000005,-155.4,100800.0
10127,71C,44,5.0,-155.70000000000002,100900.0
10128,71C,44,,,
10129,71C,44,,,
10130,71C,44,7.2,-158.8,100900.0
10131,71C,44,,,
10132,71C,44,,,
10133,71C,44,,,
10134,71C,44,,,
10135,71C,44,,,
10136,71C,44,,,
10137,71C,44,,,
10138,71C,44,,,
10139,71C,44,,,
10140,71C,44,,,
10141,71C,44,,,
10142,71C,44,,,
10143,71C,44,,,
10144,71C,44,,,
10145,71C,44,,,
10146,71C,44,,,
10147,71C,44,,,
10148,71C,44,,,
10149,71C,44,,,
10150,71C,44,,,
10151,71C,44,,,
10152,71C,44,,,
10153,71C,44,,,
10154,71C,44,,,
10155,71C,44,,,
10156,71C,44,,,
10157,71C,45,,,
10158,71C,45,,,
10159,71C,45,34.9,-167.0,98600.0
10160,71C,45,35.0,-167.1,98400.0
10161,71C,45,35.6,-166.1,98600.0
10162,71C,45,36.5,-166.9,98700.0
10163,71C,45,36.300000000000004,-168.0,99000.0
10164,71C,45,35.6,-167.70000000000002,99300.0
10165,71C,45,35.6,-166.1,99400.0
10166,71C,45,,,
10167,71C,45,,,
10168,71C,45,,,
10169,71C,45,,,
10170,71C,45,,,
10171,71C,45,,,
10172,71C,45,,,
10173,71C,45,,,
10174,71C,45,,,
10175,71C,45,,,
10176,71C,45,,,
10177,71C,45,,,
10178,71C,45,,,
10179,71C,45,,,
10180,71C,45,,,
10181,71C,45,,,
10182,71C,45,,,
10183,71C,45,,,
10184,71C,45,,,
10185,71C,45,,,
10186,71C,45,,,
10187,71C,45,,,
10188,71C,45,,,
10189,71C,45,,,
10190,71C,45,,,
10191,71C,45,,,
10192,71C,45,,,
10193,71C,45,,,
10194,71C,45,,,
10195,71C,45,,,
10196,71C,45,,,
10197,71C,46,,,
10198,71C,46,,,
10199,71C,46,35.5,-167.70000000000002,98800.0
10200,71C,46,35.2,-167.6,98600.0
10201,71C,46,35.6,-166.70000000000002,98700.0
10202,71C,46,36.300000000000004,-167.9,98800.0
10203,71C,46,36.0,-168.5,99100.0
10204,71C,46,35.300000000000004,-168.20000000000002,99300.0
10205,71C,46,35.800000000000004,-166.6,99500.0
10206,71C,46,37.300000000000004,-166.70000000000002,99600.0
10207,71C,46,37.300000000000004,-167.9,99700.0
10208,71C,46,36.800000000000004,-167.5,99800.0
10209,71C,46,37.0,-167.5,99900.0
10210,71C,46,36.6,-167.5,100000.0
10211,71C,46,,,
10212,71C,46,,,
10213,71C,46,,,
10214,71C,46,,,
10215,71C,46,,,
10216,71C,46,,,
10217,71C,46,,,
10218,71C,46,,,
10219,71C,46,,,
10220,71C,46,,,
10221,71C,46,,,
10222,71C,46,,,
10223,71C,46,,,
10224,71C,46,,,
10225,71C,46,,,
10226,71C,46,,,
10227,71C,46,,,
10228,71C,46,,,
10229,71C,46,,,
10230,71C,46,,,
10231,71C,46,,,
10232,71C,46,,,
10233,71C,46,,,
10234,71C,46,,,
10235,71C,46,,,
10236,71C,46,,,
10237,71C,47,,,
10238,71C,47,37.4,-167.0,99400.0
10239,71C,47,36.5,-168.20000000000002,98800.0
10240,71C,47,36.300000000000004,-168.4,98600.0
10241,71C,47,36.4,-169.0,98700.0
10242,71C,47,35.9,-169.6,98800.0
10243,71C,47,35.2,-169.3,99000.0
10244,71C,47,35.2,-168.20000000000002,99200.0
10245,71C,47,36.2,-167.0,99300.0
10246,71C,47,37.5,-167.1,99500.0
10247,71C,47,38.2,-167.70000000000002,99600.0
10248,71C,47,37.9,-168.70000000000002,99800.0
10249,71C,47,,,
10250,71C,47,,,
10251,71C,47,,,
10252,71C,47,,,
10253,71C,47,,,
10254,71C,47,,,
10255,71C,47,,,
10256,71C,47,,,
10257,71C,47,,,
10258,71C,47,,,
10259,71C,47,,,
10260,71C,47,,,
10261,71C,47,,,
10262,71C,47,,,
10263,71C,47,,,
10264,71C,47,,,
10265,71C,47,,,
10266,71C,47,,,
10267,71C,47,,,
10268,71C,47,,,
10269,71C,47,,,
10270,71C,47,,,
10271,71C,47,,,
10272,71C,47,,,
10273,71C,47,,,
10274,71C,47,,,
10275,71C,47,,,
10276,71C,47,,,
10277,71C,48,,,
10278,71C,48,,,
10279,71C,48,,,
10280,71C,48,,,
10281,71C,48,,,
10282,71C,48,,,
10283,71C,48,,,
10284,71C,48,,,
10285,71C,48,15.0,-171.4,100700.0
10286,71C,48,,,
10287,71C,48,16.2,-168.3,100600.0
10288,71C,48,,,
10289,71C,48,,,
10290,71C,48,,,
10291,71C,48,,,
10292,71C,48,,,
10293,71C,48,,,
10294,71C,48,,,
10295,71C,48,,,
10296,71C,48,,,
10297,71C,48,,,
10298,71C,48,,,
10299,71C,48,,,
10300,71C,48,,,
10301,71C,48,,,
10302,71C,48,,,
10303,71C,48,,,
10304,71C,48,,,
10305,71C,48,,,
10306,71C,48,,,
10307,71C,48,,,
10308,71C,48,,,
10309,71C,48,,,
10310,71C,48,,,
10311,71C,48,,,
10312,71C,48,,,
10313,71C,48,,,
10314,71C,48,,,
10315,71C,48,,,
10316,71C,48,,,
10317,71C,49,,,
10318,71C,49,,,
10319,71C,49,,,
10320,71C,49,35.2,-167.0,98500.0
10321,71C,49,36.0,-167.0,98400.0
10322,71C,49,36.7,-167.70000000000002,98600.0
10323,71C,49,36.5,-168.8,98800.0
10324,71C,49,36.2,-168.70000000000002,99100.0
10325,71C,49,36.5,-168.20000000000002,99200.0
10326,71C,49,36.7,-168.20000000000002,99300.0
10327,71C,49,37.0,-168.1,99400.0
10328,71C,49,37.0,-168.0,99600.0
10329,71C,49,,,
10330,71C,49,37.300000000000004,-167.5,99800.0
10331,71C,49,37.800000000000004,-167.0,99900.0
10332,71C,49,,,
10333,71C,49,,,
10334,71C,49,,,
10335,71C,49,,,
10336,71C,49,,,
10337,71C,49,,,
10338,71C,49,,,
10339,71C,49,,,
10340,71C,49,,,
10341,71C,49,,,
10342,71C,49,,,
10343,71C,49,,,
10344,71C,49,,,
10345,71C,49,,,
10346,71C,49,,,
10347,71C,49,,,
10348,71C,49,,,
10349,71C,49,,,
10350,71C,49,,,
10351,71C,49,,,
10352,71C,49,,,
10353,71C,49,,,
10354,71C,49,,,
10355,71C,49,,,
10356,71C,49,,,
10357,72C,7,,,
10358,72C,7,,,
10359,72C,7,,,
10360,72C,7,,,
10361,72C,7,,,
10362,72C,7,,,
10363,72C,7,,,
10364,72C,7,,,
10365,72C,7,,,
10366,72C,7,,,
10367,72C,7,,,
10368,72C,7,,,
10369,72C,7,,,
10370,72C,7,,,
10371,72C,7,,,
10372,72C,7,,,
10373,72C,7,,,
10374,72C,7,,,
10375,72C,7,,,
10376,72C,7,,,
10377,72C,7,,,
10378,72C,7,,,
10379,72C,7,,,
10380,72C,7,,,
10381,72C,7,,,
10382,72C,7,,,
10383,72C,7,,,
10384,72C,7,,,
10385,72C,7,6.8,-173.1,100900.0
10386,72C,7,,,
10387,72C,7,7.9,-174.0,100900.0
10388,72C,7,,,
10389,72C,7,,,
10390,72C,7,,,
10391,72C,7,,,
10392,72C,26,,,
10393,72C,26,,,
10394,72C,26,,,
10395,72C,26,18.1,-154.4,100700.0
10396,72C,26,17.5,-153.20000000000002,101000.0
10397,72C,26,,,
10398,72C,26,,,
10399,72C,26,,,
10400,72C,26,,,
10401,72C,26,,,
10402,72C,26,,,
10403,72C,26,,,
10404,72C,26,,,
10405,72C,26,,,
10406,72C,26,,,
10407,72C,26,,,
10408,72C,26,,,
10409,72C,26,,,
10410,72C,26,,,
10411,72C,26,,,
10412,72C,26,,,
10413,72C,26,,,
10414,72C,26,,,
10415,72C,26,,,
10416,72C,26,,,
10417,72C,26,,,
10418,72C,26,,,
10419,72C,26,,,
10420,72C,26,,,
10421,72C,26,,,
10422,72C,26,,,
10423,72C,26,,,
10424,72C,26,,,
10425,72C,26,,,
10426,72C,26,,,
10427,72C,33,,,
10428,72C,33,,,
10429,72C,33,,,
10430,72C,33,,,
10431,72C,33,,,
10432,72C,33,,,
10433,72C,33,,,
10434,72C,33,,,
10435,72C,33,16.5,-167.3,101000.0
10436,72C,33,,,
10437,72C,33,18.6,-163.5,100700.0
10438,72C,33,,,
10439,72C,33,,,
10440,72C,33,,,
10441,72C,33,,,
10442,72C,33,,,
10443,72C,33,,,
10444,72C,33,,,
10445,72C,33,,,
10446,72C,33,,,
10447,72C,33,,,
10448,72C,33,,,
10449,72C,33,,,
10450,72C,33,,,
10451,72C,33,,,
10452,72C,33,,,
10453,72C,33,,,
10454,72C,33,,,
10455,72C,33,,,
10456,72C,33,,,
10457,72C,33,,,
10458,72C,33,,,
10459,72C,33,,,
10460,72C,33,,,
10461,72C,33,,,
10462,72C,41,,,
10463,72C,41,,,
10464,72C,41,,,
10465,72C,41,,,
10466,72C,41,,,
10467,72C,41,,,
10468,72C,41,,,
10469,72C,41,,,
10470,72C,41,,,
10471,72C,41,,,
10472,72C,41,,,
10473,72C,41,,,
10474,72C,41,,,
10475,72C,41,,,
10476,72C,41,,,
10477,72C,41,,,
10478,72C,41,,,
10479,72C,41,,,
10480,72C,41,,,
10481,72C,41,,,
10482,72C,41,,,
10483,72C,41,,,
10484,72C,41,,,
10485,72C,41,,,
10486,72C,41,,,
10487,72C,41,,,
10488,72C,41,,,
10489,72C,41,,,
10490,72C,41,,,
10491,72C,41,6.4,-156.0,100900.0
10492,72C,41,8.1,-154.0,101100.0
10493,72C,41,,,
10494,72C,41,8.1,-154.70000000000002,101000.0
10495,72C,41,,,
10496,72C,41,7.6000000000000005,-156.4,101100.0
10497,72C,44,,,
10498,72C,44,,,
10499,72C,44,,,
10500,72C,44,,,
10501,72C,44,,,
10502,72C,44,,,
10503,72C,44,,,
10504,72C,44,,,
10505,72C,44,4.3,-159.5,100800.0
10506,72C,44,5.0,-161.1,100700.0
10507,72C,44,6.4,-161.4,100900.0
10508,72C,44,7.9,-159.5,100900.0
10509,72C,44,,,
10510,72C,44,,,
10511,72C,44,,,
10512,72C,44,,,
10513,72C,44,,,
10514,72C,44,,,
10515,72C,44,,,
10516,72C,44,,,
10517,72C,44,,,
10518,72C,44,,,
10519,72C,44,,,
10520,72C,44,,,
10521,72C,44,,,
10522,72C,44,,,
10523,72C,44,,,
10524,72C,44,,,
10525,72C,44,,,
10526,72C,44,,,
10527,72C,44,,,
10528,72C,44,,,
10529,72C,44,,,
10530,72C,44,,,
10531,72C,44,,,
10532,72C,45,,,
10533,72C,45,,,
10534,72C,45,,,
10535,72C,45,,,
10536,72C,45,,,
10537,72C,45,,,
10538,72C,45,,,
10539,72C,45,6.5,-159.0,100900.0
10540,72C,45,,,
10541,72C,45,5.5,-162.0,101000.0
10542,72C,45,,,
10543,72C,45,,,
10544,72C,45,,,
10545,72C,45,,,
10546,72C,45,,,
10547,72C,45,,,
10548,72C,45,,,
10549,72C,45,,,
10550,72C,45,,,
10551,72C,45,,,
10552,72C,45,,,
10553,72C,45,,,
10554,72C,45,,,
10555,72C,45,,,
10556,72C,45,,,
10557,72C,45,,,
10558,72C,45,,,
10559,72C,45,,,
10560,72C,45,,,
10561,72C,45,,,
10562,72C,45,,,
10563,72C,45,,,
10564,72C,45,,,
10565,72C,45,,,
10566,72C,45,,,
10567,72C,47,,,
10568,72C,47,,,
10569,72C,47,19.1,-158.5,100800.0
10570,72C,47,18.400000000000002,-156.8,100800.0
10571,72C,47,18.8,-155.4,101000.0
10572,72C,47,19.0,-154.0,100800.0
10573,72C,47,,,
10574,72C,47,,,
10575,72C,47,,,
10576,72C,47,,,
10577,72C,47,,,
10578,72C,47,,,
10579,72C,47,,,
10580,72C,47,,,
10581,72C,47,,,
10582,72C,47,,,
10583,72C,47,,,
10584,72C,47,,,
10585,72C,47,,,
10586,72C,47,,,
10587,72C,47,,,
10588,72C,47,,,
10589,72C,47,,,
10590,72C,47,,,
10591,72C,47,,,
10592,72C,47,,,
10593,72C,47,,,
10594,72C,47,,,
10595,72C,47,,,
10596,72C,47,,,
10597,72C,47,,,
10598,72C,47,,,
10599,72C,47,,,
10600,72C,47,,,
10601,72C,47,,,
10602,72C,49,,,
10603,72C,49,,,
10604,72C,49,,,
10605,72C,49,,,
10606,72C,49,,,
10607,72C,49,,,
10608,72C,49,,,
10609,72C,49,,,
10610,72C,49,,,
10611,72C,49,,,
10612,72C,49,,,
10613,72C,49,,,
10614,72C,49,,,
10615,72C,49,,,
10616,72C,49,,,
10617,72C,49,,,
10618,72C,49,,,
10619,72C,49,,,
10620,72C,49,,,
10621,72C,49,,,
10622,72C,49,,,
10623,72C,49,,,
10624,72C,49,,,
10625,72C,49,,,
10626,72C,49,,,
10627,72C,49,6.2,-166.1,100800.0
10628,72C,49,5.9,-166.3,100900.0
10629,72C,49,,,
10630,72C,49,,,
10631,72C,49,6.6000000000000005,-164.9,100900.0
10632,72C,49,6.6000000000000005,-161.70000000000002,101100.0
10633,72C,49,,,
10634,72C,49,,,
10635,72C,49,,,
10636,72C,49,,,
10637,73C,45,,,
10638,73C,45,,,
10639,73C,45,,,
10640,73C,45,,,
10641,73C,45,,,
10642,73C,45,,,
10643,73C,45,,,
10644,73C,45,,,
10645,73C,45,,,
10646,73C,45,,,
10647,73C,45,,,
10648,73C,45,,,
10649,73C,45,,,
10650,73C,45,,,
10651,73C,45,,,
10652,73C,45,,,
10653,73C,45,,,
10654,73C,45,,,
10655,73C,45,,,
10656,73C,45,,,
10657,73C,45,,,
10658,73C,45,,,
10659,73C,45,,,
10660,73C,45,,,
10661,73C,45,,,
10662,73C,45,,,
10663,73C,45,,,
10664,73C,45,,,
10665,73C,45,,,
10666,73C,45,,,
10667,73C,45,,,
10668,73C,45,,,
10669,73C,45,3.1,-178.0,100500.0
10670,73C,45,1.9000000000000001,-177.20000000000002,100800.0
10671,73C,47,,,
10672,73C,47,,,
10673,73C,47,,,
10674,73C,47,,,
10675,73C,47,,,
10676,73C,47,,,
10677,73C,47,,,
10678,73C,47,,,
10679,73C,47,5.6000000000000005,-159.70000000000002,101000.0
10680,73C,47,,,
10681,73C,47,4.8,-161.6,100900.0
10682,73C,47,,,
10683,73C,47,,,
10684,73C,47,,,
10685,73C,47,,,
10686,73C,47,,,
10687,73C,47,,,
10688,73C,47,,,
10689,73C,47,,,
10690,73C,47,,,
10691,73C,47,,,
10692,73C,47,,,
10693,73C,47,,,
10694,73C,47,,,
10695,73C,47,,,
10696,73C,47,,,
10697,73C,47,,,
10698,73C,47,,,
10699,73C,47,,,
10700,73C,47,,,
10701,73C,47,,,
10702,73C,47,,,
10703,73C,47,,,
10704,73C,47,,,
10705,70A,42,,,
10706,70A,42,,,
10707,70A,42,,,
10708,70A,42,,,
10709,70A,42,,,
10710,70A,42,,,
10711,70A,42,,,
10712,70A,42,,,
10713,70A,42,,,
10714,70A,42,,,
10715,70A,42,,,
10716,70A,42,,,
10717,70A,42,,,
10718,70A,42,,,
10719,70A,42,,,
10720,70A,42,,,
10721,70A,42,,,
10722,70A,42,,,
10723,70A,42,,,
10724,70A,42,,,
10725,70A,42,,,
10726,70A,42,,,
10727,70A,42,,,
10728,70A,42,,,
10729,70A,42,,,
10730,70A,42,,,
10731,70A,42,,,
10732,70A,42,,,
10733,70A,42,,,
10734,70A,42,,,
10735,70A,42,,,
10736,70A,42,,,
10737,70A,42,,,
10738,70A,42,,,
10739,70A,42,6.1000000000000005,77.3,100800.0
10740,70A,42,7.0,76.4,100600.0
10741,70A,42,7.9,76.7,100900.0
10742,70A,42,,,
10743,70A,42,,,
10744,70A,42,5.7,74.3,100600.0
10745,70B,9,,,
10746,70B,9,,,
10747,70B,9,1.5,82.8,101100.0
10748,70B,9,2.9,85.9,100900.0
10749,70B,9,,,
10750,70B,9,,,
10751,70B,9,,,
10752,70B,9,,,
10753,70B,9,,,
10754,70B,9,,,
10755,70B,9,,,
10756,70B,9,,,
10757,70B,9,,,
10758,70B,9,,,
10759,70B,9,,,
10760,70B,9,,,
10761,70B,9,,,
10762,70B,9,,,
10763,70B,9,,,
10764,70B,9,,,
10765,70B,9,,,
10766,70B,9,,,
10767,70B,9,,,
10768,70B,9,,,
10769,70B,9,,,
10770,70B,9,,,
10771,70B,9,,,
10772,70B,9,,,
10773,70B,9,,,
10774,70B,9,,,
10775,70B,9,,,
10776,70B,9,,,
10777,70B,9,,,
10778,70B,9,,,
10779,70B,9,,,
10780,70B,9,,,
10781,70B,9,,,
10782,70B,9,,,
10783,70B,9,,,
10784,70B,9,,,
10785,70B,17,,,
10786,70B,17,,,
10787,70B,17,,,
10788,70B,17,,,
10789,70B,17,,,
10790,70B,17,,,
10791,70B,17,,,
10792,70B,17,,,
10793,70B,17,1.5,86.60000000000001,100900.0
10794,70B,17,,,
10795,70B,17,,,
10796,70B,17,1.3,87.10000000000001,100800.0
10797,70B,17,,,
10798,70B,17,,,
10799,70B,17,,,
10800,70B,17,,,
10801,70B,17,,,
10802,70B,17,,,
10803,70B,17,,,
10804,70B,17,,,
10805,70B,17,,,
10806,70B,17,,,
10807,70B,17,,,
10808,70B,17,,,
10809,70B,17,,,
10810,70B,17,,,
10811,70B,17,,,
10812,70B,17,,,
10813,70B,17,,,
10814,70B,17,,,
10815,70B,17,,,
10816,70B,17,,,
10817,70B,17,,,
10818,70B,17,,,
10819,70B,17,,,
10820,70B,17,,,
10821,70B,17,,,
10822,70B,17,,,
10823,70B,17,,,
10824,70B,17,,,
10825,70B,18,,,
10826,70B,18,,,
10827,70B,18,,,
10828,70B,18,,,
10829,70B,18,,,
10830,70B,18,,,
10831,70B,18,,,
10832,70B,18,,,
10833,70B,18,,,
10834,70B,18,,,
10835,70B,18,,,
10836,70B,18,,,
10837,70B,18,,,
10838,70B,18,,,
10839,70B,18,3.6,94.4,100800.0
10840,70B,18,1.9000000000000001,94.5,100900.0
10841,70B,18,,,
10842,70B,18,,,
10843,70B,18,3.8000000000000003,94.7,100800.0
10844,70B,18,,,
10845,70B,18,,,
10846,70B,18,,,
10847,70B,18,,,
10848,70B,18,,,
10849,70B,18,,,
10850,70B,18,,,
10851,70B,18,,,
10852,70B,18,,,
10853,70B,18,,,
10854,70B,18,,,
10855,70B,18,,,
10856,70B,18,,,
10857,70B,18,,,
10858,70B,18,,,
10859,70B,18,,,
10860,70B,18,,,
10861,70B,18,,,
10862,70B,18,,,
10863,70B,18,,,
10864,70B,18,,,
10865,70B,20,,,
10866,70B,20,,,
10867,70B,20,3.9,84.10000000000001,101100.0
10868,70B,20,2.9,84.0,100900.0
10869,70B,20,,,
10870,70B,20,,,
10871,70B,20,,,
10872,70B,20,,,
10873,70B,20,,,
10874,70B,20,,,
10875,70B,20,,,
10876,70B,20,,,
10877,70B,20,,,
10878,70B,20,,,
10879,70B,20,,,
10880,70B,20,,,
10881,70B,20,,,
10882,70B,20,,,
10883,70B,20,,,
10884,70B,20,,,
10885,70B,20,,,
10886,70B,20,,,
10887,70B,20,,,
10888,70B,20,,,
10889,70B,20,,,
10890,70B,20,,,
10891,70B,20,,,
10892,70B,20,,,
10893,70B,20,,,
10894,70B,20,,,
10895,70B,20,,,
10896,70B,20,,,
10897,70B,20,,,
10898,70B,20,,,
10899,70B,20,,,
10900,70B,20,,,
10901,70B,20,,,
10902,70B,20,,,
10903,70B,20,,,
10904,70B,20,,,
10905,70B,22,,,
10906,70B,22,2.4,91.10000000000001,101000.0
10907,70B,22,2.6,89.2,101100.0
10908,70B,22,,,
10909,70B,22,,,
10910,70B,22,,,
10911,70B,22,1.0,90.8,101000.0
10912,70B,22,,,
10913,70B,22,1.2,93.5,100800.0
10914,70B,22,,,
10915,70B,22,,,
10916,70B,22,,,
10917,70B,22,,,
10918,70B,22,,,
10919,70B,22,,,
10920,70B,22,,,
10921,70B,22,,,
10922,70B,22,,,
10923,70B,22,,,
10924,70B,22,,,
10925,70B,22,,,
10926,70B,22,,,
10927,70B,22,,,
10928,70B,22,,,
10929,70B,22,,,
10930,70B,22,,,
10931,70B,22,,,
10932,70B,22,,,
10933,70B,22,,,
10934,70B,22,,,
10935,70B,22,,,
10936,70B,22,,,
10937,70B,22,,,
10938,70B,22,,,
10939,70B,22,,,
10940,70B,22,,,
10941,70B,22,,,
10942,70B,22,,,
10943,70B,22,,,
10944,70B,22,,,
10945,70B,28,,,
10946,70B,28,,,
10947,70B,28,,,
10948,70B,28,,,
10949,70B,28,,,
10950,70B,28,,,
10951,70B,28,,,
10952,70B,28,,,
10953,70B,28,,,
10954,70B,28,,,
10955,70B,28,4.8,84.60000000000001,100900.0
10956,70B,28,,,
10957,70B,28,6.3,86.60000000000001,101100.0
10958,70B,28,7.3,90.10000000000001,100800.0
10959,70B,28,,,
10960,70B,28,,,
10961,70B,28,,,
10962,70B,28,,,
10963,70B,28,,,
10964,70B,28,,,
10965,70B,28,,,
10966,70B,28,,,
10967,70B,28,,,
10968,70B,28,,,
10969,70B,28,,,
10970,70B,28,,,
10971,70B,28,,,
10972,70B,28,,,
10973,70B,28,,,
10974,70B,28,,,
10975,70B,28,,,
10976,70B,28,,,
10977,70B,28,,,
10978,70B,28,,,
10979,70B,28,,,
10980,70B,28,,,
10981,70B,28,,,
10982,70B,28,,,
10983,70B,28,,,
10984,70B,28,,,
10985,70B,31,,,
10986,70B,31,,,
10987,70B,31,,,
10988,70B,31,,,
10989,70B,31,,,
10990,70B,31,,,
10991,70B,31,,,
10992,70B,31,,,
10993,70B,31,,,
10994,70B,31,,,
10995,70B,31,,,
10996,70B,31,,,
10997,70B,31,,,
10998,70B,31,,,
10999,70B,31,,,
11000,70B,31,,,
11001,70B,31,,,
11002,70B,31,,,
11003,70B,31,,,
11004,70B,31,,,
11005,70B,31,,,
11006,70B,31,,,
11007,70B,31,,,
11008,70B,31,,,
11009,70B,31,,,
11010,70B,31,4.9,91.3,100600.0
11011,70B,31,4.3,89.2,100700.0
11012,70B,31,4.0,90.0,100500.0
11013,70B,31,,,
11014,70B,31,,,
11015,70B,31,,,
11016,70B,31,6.2,89.8,100500.0
11017,70B,31,6.8,88.8,100600.0
11018,70B,31,7.5,87.3,100400.0
11019,70B,31,6.6000000000000005,86.0,100600.0
11020,70B,31,6.7,85.7,100400.0
11021,70B,31,7.3,85.8,100600.0
11022,70B,31,7.0,85.9,100300.0
11023,70B,31,8.4,83.8,100500.0
11024,70B,31,8.9,84.0,100300.0
11025,70B,34,1.6,88.8,101100.0
11026,70B,34,,,
11027,70B,34,4.1,89.60000000000001,101100.0
11028,70B,34,3.5,90.4,101000.0
11029,70B,34,3.6,90.9,101100.0
11030,70B,34,,,
11031,70B,34,,,
11032,70B,34,3.7,90.3,100900.0
11033,70B,34,,,
11034,70B,34,,,
11035,70B,34,,,
11036,70B,34,,,
11037,70B,34,,,
11038,70B,34,,,
11039,70B,34,,,
11040,70B,34,,,
11041,70B,34,,,
11042,70B,34,,,
11043,70B,34,,,
11044,70B,34,,,
11045,70B,34,,,
11046,70B,34,,,
11047,70B,34,,,
11048,70B,34,,,
11049,70B,34,,,
11050,70B,34,,,
11051,70B,34,,,
11052,70B,34,,,
11053,70B,34,,,
11054,70B,34,,,
11055,70B,34,,,
11056,70B,34,,,
11057,70B,34,,,
11058,70B,34,,,
11059,70B,34,,,
11060,70B,34,,,
11061,70B,34,,,
11062,70B,34,,,
11063,70B,34,,,
11064,70B,34,,,
11065,70B,39,,,
11066,70B,39,,,
11067,70B,39,,,
11068,70B,39,,,
11069,70B,39,,,
11070,70B,39,,,
11071,70B,39,,,
11072,70B,39,,,
11073,70B,39,,,
11074,70B,39,,,
11075,70B,39,,,
11076,70B,39,,,
11077,70B,39,,,
11078,70B,39,,,
11079,70B,39,,,
11080,70B,39,,,
11081,70B,39,,,
11082,70B,39,,,
11083,70B,39,,,
11084,70B,39,,,
11085,70B,39,7.3,81.7,101000.0
11086,70B,39,,,
11087,70B,39,7.0,82.4,100900.0
11088,70B,39,6.9,81.9,100700.0
11089,70B,39,7.6000000000000005,82.8,100900.0
11090,70B,39,8.8,82.10000000000001,100600.0
11091,70B,39,9.1,81.5,100900.0
11092,70B,39,7.7,82.2,100700.0
11093,70B,39,,,
11094,70B,39,,,
11095,70B,39,,,
11096,70B,39,9.1,79.0,100700.0
11097,70B,39,,,
11098,70B,39,,,
11099,70B,39,,,
11100,70B,39,,,
11101,70B,39,,,
11102,70B,39,,,
11103,70B,39,,,
11104,70B,39,,,
11105,71B,9,,,
11106,71B,9,,,
11107,71B,9,1.1,90.0,101100.0
11108,71B,9,,,
11109,71B,9,,,
11110,71B,9,,,
11111,71B,9,2.4,93.9,100800.0
11112,71B,9,0.9,93.3,100800.0
11113,70S,1,,,
11114,70S,1,,,
11115,70S,1,,,
11116,70S,1,,,
11117,70S,1,,,
11118,70S,1,,,
11119,70S,1,,,
11120,70S,1,,,
11121,70S,1,,,
11122,70S,1,,,
11123,70S,1,,,
11124,70S,1,,,
11125,70S,1,,,
11126,70S,1,,,
11127,70S,1,,,
11128,70S,1,,,
11129,70S,1,,,
11130,70S,1,-7.4,75.7,100900.0
11131,70S,1,-7.5,73.5,101000.0
11132,70S,1,,,
11133,70S,1,-8.9,73.4,101100.0
11134,70S,1,-7.9,74.2,100800.0
11135,70S,1,-8.3,73.10000000000001,100900.0
11136,70S,1,,,
11137,70S,1,,,
11138,70S,1,,,
11139,70S,1,,,
11140,70S,1,,,
11141,70S,1,,,
11142,70S,1,,,
11143,70S,1,,,
11144,70S,1,,,
11145,70S,1,,,
11146,70S,1,,,
11147,70S,1,,,
11148,70S,1,,,
11149,70S,1,,,
11150,70S,1,,,
11151,70S,1,,,
11152,70S,1,,,
11153,70S,2,-6.7,46.6,101300.0
11154,70S,2,-5.9,44.7,101000.0
11155,70S,2,,,
11156,70S,2,,,
11157,70S,2,-4.8,40.7,101100.0
11158,70S,2,-4.9,40.9,100800.0
11159,70S,2,-4.1,41.2,100900.0
11160,70S,2,-3.8000000000000003,40.9,100800.0
11161,70S,2,,,
11162,70S,2,,,
11163,70S,2,,,
11164,70S,2,,,
11165,70S,2,,,
11166,70S,2,,,
11167,70S,2,,,
11168,70S,2,,,
11169,70S,2,,,
11170,70S,2,,,
11171,70S,2,,,
11172,70S,2,,,
11173,70S,2,,,
11174,70S,2,,,
11175,70S,2,,,
11176,70S,2,,,
11177,70S,2,,,
11178,70S,2,,,
11179,70S,2,,,
11180,70S,2,,,
11181,70S,2,,,
11182,70S,2,,,
11183,70S,2,,,
11184,70S,2,,,
11185,70S,2,,,
11186,70S,2,,,
11187,70S,2,,,
11188,70S,2,,,
11189,70S,2,,,
11190,70S,2,,,
11191,70S,2,,,
11192,70S,2,,,
11193,70S,5,,,
11194,70S,5,,,
11195,70S,5,,,
11196,70S,5,,,
11197,70S,5,,,
11198,70S,5,,,
11199,70S,5,,,
11200,70S,5,,,
11201,70S,5,,,
11202,70S,5,,,
11203,70S,5,,,
11204,70S,5,,,
11205,70S,5,,,
11206,70S,5,,,
11207,70S,5,,,
11208,70S,5,,,
11209,70S,5,,,
11210,70S,5,,,
11211,70S,5,,,
11212,70S,5,,,
11213,70S,5,,,
11214,70S,5,,,
11215,70S,5,,,
11216,70S,5,-10.5,64.8,100700.0
11217,70S,5,-11.0,62.5,100900.0
11218,70S,5,,,
11219,70S,5,,,
11220,70S,5,-10.5,58.300000000000004,100600.0
11221,70S,5,,,
11222,70S,5,-10.700000000000001,56.1,100700.0
11223,70S,5,,,
11224,70S,5,,,
11225,70S,5,,,
11226,70S,5,,,
11227,70S,5,,,
11228,70S,5,,,
11229,70S,5,,,
11230,70S,5,,,
11231,70S,5,,,
11232,70S,5,,,
11233,70S,6,-7.2,45.9,101300.0
11234,70S,6,,,
11235,70S,6,,,
11236,70S,6,-6.5,41.5,101000.0
11237,70S,6,-5.9,40.2,101200.0
11238,70S,6,-6.4,40.2,101000.0
11239,70S,6,-4.4,40.800000000000004,101200.0
11240,70S,6,,,
11241,70S,6,,,
11242,70S,6,,,
11243,70S,6,,,
11244,70S,6,,,
11245,70S,6,,,
11246,70S,6,,,
11247,70S,6,,,
11248,70S,6,,,
11249,70S,6,,,
11250,70S,6,,,
11251,70S,6,,,
11252,70S,6,,,
11253,70S,6,,,
11254,70S,6,,,
11255,70S,6,,,
11256,70S,6,,,
11257,70S,6,,,
11258,70S,6,,,
11259,70S,6,,,
11260,70S,6,,,
11261,70S,6,,,
11262,70S,6,,,
11263,70S,6,,,
11264,70S,6,,,
11265,70S,6,,,
11266,70S,6,,,
11267,70S,6,,,
11268,70S,6,,,
11269,70S,6,,,
11270,70S,6,,,
11271,70S,6,,,
11272,70S,6,,,
11273,70S,7,-8.1,46.9,101300.0
11274,70S,7,-7.2,45.1,101000.0
11275,70S,7,-6.4,43.800000000000004,101100.0
11276,70S,7,-6.0,42.6,100800.0
11277,70S,7,-5.6000000000000005,41.9,100900.0
11278,70S,7,-5.7,41.0,100600.0
11279,70S,7,-5.2,40.4,100800.0
11280,70S,7,-4.3,39.9,100700.0
11281,70S,7,,,
11282,70S,7,,,
11283,70S,7,,,
11284,70S,7,,,
11285,70S,7,,,
11286,70S,7,,,
11287,70S,7,,,
11288,70S,7,,,
11289,70S,7,,,
11290,70S,7,,,
11291,70S,7,,,
11292,70S,7,,,
11293,70S,7,,,
11294,70S,7,,,
11295,70S,7,,,
11296,70S,7,,,
11297,70S,7,,,
11298,70S,7,,,
11299,70S,7,,,
11300,70S,7,,,
11301,70S,7,,,
11302,70S,7,,,
11303,70S,7,,,
11304,70S,7,,,
11305,70S,7,,,
11306,70S,7,,,
11307,70S,7,,,
11308,70S,7,,,
11309,70S,7,,,
11310,70S,7,,,
11311,70S,7,,,
11312,70S,7,,,
11313,70S,10,,,
11314,70S,10,,,
11315,70S,10,-4.0,34.2,101100.0
11316,70S,10,,,
11317,70S,10,-2.0,34.2,101500.0
11318,70S,10,,,
11319,70S,10,,,
11320,70S,10,-1.5,33.4,101000.0
11321,70S,10,-2.0,34.2,101300.0
11322,70S,10,,,
11323,70S,10,-3.7,34.800000000000004,100900.0
11324,70S,10,-3.7,34.800000000000004,101000.0
11325,70S,10,,,
11326,70S,10,,,
11327,70S,10,-3.9,34.300000000000004,101000.0
11328,70S,10,-3.7,34.800000000000004,101100.0
11329,70S,10,,,
11330,70S,10,,,
11331,70S,10,-4.0,34.2,100900.0
11332,70S,10,,,
11333,70S,10,,,
11334,70S,10,,,
11335,70S,10,-4.8,33.8,100900.0
11336,70S,10,-4.4,34.0,101000.0
11337,70S,10,,,
11338,70S,10,,,
11339,70S,10,,,
11340,70S,10,-4.0,34.2,100900.0
11341,70S,10,-3.6,34.4,101100.0
11342,70S,10,,,
11343,70S,10,-4.6000000000000005,33.9,100800.0
11344,70S,10,,,
11345,70S,10,-3.6,35.0,101100.0
11346,70S,10,,,
11347,70S,10,-2.3000000000000003,33.3,100800.0
11348,70S,10,,,
11349,70S,10,-1.1,32.8,101200.0
11350,70S,10,-2.1,34.5,100400.0
11351,70S,10,,,
11352,70S,10,,,
11353,70S,11,-8.2,46.4,101300.0
11354,70S,11,-5.3,46.4,101000.0
11355,70S,11,,,
11356,70S,11,-5.8,43.2,101100.0
11357,70S,11,-5.7,43.4,101300.0
11358,70S,11,-7.3,41.300000000000004,101000.0
11359,70S,11,,,
11360,70S,11,,,
11361,70S,11,,,
11362,70S,11,-4.8,40.9,100800.0
11363,70S,11,,,
11364,70S,11,,,
11365,70S,11,,,
11366,70S,11,,,
11367,70S,11,,,
11368,70S,11,,,
11369,70S,11,,,
11370,70S,11,,,
11371,70S,11,,,
11372,70S,11,,,
11373,70S,11,,,
11374,70S,11,,,
11375,70S,11,,,
11376,70S,11,,,
11377,70S,11,,,
11378,70S,11,,,
11379,70S,11,,,
11380,70S,11,,,
11381,70S,11,,,
11382,70S,11,,,
11383,70S,11,,,
11384,70S,11,,,
11385,70S,11,,,
11386,70S,11,,,
11387,70S,11,,,
11388,70S,11,,,
11389,70S,11,,,
11390,70S,11,,,
11391,70S,11,,,
11392,70S,11,,,
11393,70S,16,,,
11394,70S,16,,,
11395,70S,16,-11.3,88.2,101100.0
11396,70S,16,,,
11397,70S,16,,,
11398,70S,16,,,
11399,70S,16,,,
11400,70S,16,,,
11401,70S,16,,,
11402,70S,16,,,
11403,70S,16,,,
11404,70S,16,,,
11405,70S,16,,,
11406,70S,16,,,
11407,70S,16,,,
11408,70S,16,,,
11409,70S,16,,,
11410,70S,16,,,
11411,70S,16,,,
11412,70S,16,,,
11413,70S,16,,,
11414,70S,16,,,
11415,70S,16,,,
11416,70S,16,,,
11417,70S,16,,,
11418,70S,16,,,
11419,70S,16,,,
11420,70S,16,,,
11421,70S,16,,,
11422,70S,16,,,
11423,70S,16,,,
11424,70S,16,,,
11425,70S,16,,,
11426,70S,16,,,
11427,70S,16,,,
11428,70S,16,,,
11429,70S,16,,,
11430,70S,16,,,
11431,70S,16,,,
11432,70S,16,,,
11433,70S,17,-6.4,44.7,101300.0
11434,70S,17,,,
11435,70S,17,-6.0,42.1,101100.0
11436,70S,17,,,
11437,70S,17,-5.9,40.4,101200.0
11438,70S,17,,,
11439,70S,17,-3.1,40.7,101200.0
11440,70S,17,-3.9,42.300000000000004,101000.0
11441,70S,17,,,
11442,70S,17,,,
11443,70S,17,,,
11444,70S,17,,,
11445,70S,17,,,
11446,70S,17,,,
11447,70S,17,,,
11448,70S,17,,,
11449,70S,17,,,
11450,70S,17,,,
11451,70S,17,,,
11452,70S,17,,,
11453,70S,17,,,
11454,70S,17,,,
11455,70S,17,,,
11456,70S,17,,,
11457,70S,17,,,
11458,70S,17,,,
11459,70S,17,,,
11460,70S,17,,,
11461,70S,17,,,
11462,70S,17,,,
11463,70S,17,,,
11464,70S,17,,,
11465,70S,17,,,
11466,70S,17,,,
11467,70S,17,,,
11468,70S,17,,,
11469,70S,17,,,
11470,70S,17,,,
11471,70S,17,,,
11472,70S,17,,,
11473,70S,18,-5.8,45.5,101300.0
11474,70S,18,,,
11475,70S,18,-4.6000000000000005,41.2,101200.0
11476,70S,18,,,
11477,70S,18,-4.3,40.800000000000004,101400.0
11478,70S,18,,,
11479,70S,18,,,
11480,70S,18,-6.1000000000000005,42.1,100900.0
11481,70S,18,,,
11482,70S,18,,,
11483,70S,18,,,
11484,70S,18,,,
11485,70S,18,,,
11486,70S,18,,,
11487,70S,18,,,
11488,70S,18,,,
11489,70S,18,,,
11490,70S,18,,,
11491,70S,18,,,
11492,70S,18,,,
11493,70S,18,,,
11494,70S,18,,,
11495,70S,18,,,
11496,70S,18,,,
11497,70S,18,,,
11498,70S,18,,,
11499,70S,18,,,
11500,70S,18,,,
11501,70S,18,,,
11502,70S,18,,,
11503,70S,18,,,
11504,70S,18,,,
11505,70S,18,,,
11506,70S,18,,,
11507,70S,18,,,
11508,70S,18,,,
11509,70S,18,,,
11510,70S,18,,,
11511,70S,18,,,
11512,70S,18,,,
11513,70S,19,,,
11514,70S,19,,,
11515,70S,19,,,
11516,70S,19,,,
11517,70S,19,-5.1000000000000005,43.0,101200.0
11518,70S,19,,,
11519,70S,19,-5.7,40.7,101000.0
11520,70S,19,-6.2,40.2,100800.0
11521,70S,19,-5.0,39.5,101100.0
11522,70S,19,,,
11523,70S,19,,,
11524,70S,19,,,
11525,70S,19,,,
11526,70S,19,,,
11527,70S,19,,,
11528,70S,19,,,
11529,70S,19,,,
11530,70S,19,,,
11531,70S,19,,,
11532,70S,19,,,
11533,70S,19,,,
11534,70S,19,,,
11535,70S,19,,,
11536,70S,19,,,
11537,70S,19,,,
11538,70S,19,,,
11539,70S,19,,,
11540,70S,19,,,
11541,70S,19,,,
11542,70S,19,,,
11543,70S,19,,,
11544,70S,19,,,
11545,70S,19,,,
11546,70S,19,,,
11547,70S,19,,,
11548,70S,19,,,
11549,70S,19,,,
11550,70S,19,,,
11551,70S,19,,,
11552,70S,19,,,
11553,70S,21,-7.5,44.9,101300.0
11554,70S,21,,,
11555,70S,21,-7.1000000000000005,42.2,101000.0
11556,70S,21,-6.7,39.6,100800.0
11557,70S,21,-7.2,39.5,101100.0
11558,70S,21,-7.4,39.4,100900.0
11559,70S,21,,,
11560,70S,21,-8.4,39.5,100900.0
11561,70S,21,,,
11562,70S,21,,,
11563,70S,21,,,
11564,70S,21,,,
11565,70S,21,,,
11566,70S,21,,,
11567,70S,21,,,
11568,70S,21,,,
11569,70S,21,,,
11570,70S,21,,,
11571,70S,21,,,
11572,70S,21,,,
11573,70S,21,,,
11574,70S,21,,,
11575,70S,21,,,
11576,70S,21,,,
11577,70S,21,,,
11578,70S,21,,,
11579,70S,21,,,
11580,70S,21,,,
11581,70S,21,,,
11582,70S,21,,,
11583,70S,21,,,
11584,70S,21,,,
11585,70S,21,,,
11586,70S,21,,,
11587,70S,21,,,
11588,70S,21,,,
11589,70S,21,,,
11590,70S,21,,,
11591,70S,21,,,
11592,70S,21,,,
11593,70S,22,,,
11594,70S,22,,,
11595,70S,22,,,
11596,70S,22,,,
11597,70S,22,,,
11598,70S,22,,,
11599,70S,22,,,
11600,70S,22,,,
11601,70S,22,,,
11602,70S,22,,,
11603,70S,22,,,
11604,70S,22,,,
11605,70S,22,,,
11606,70S,22,,,
11607,70S,22,,,
11608,70S,22,,,
11609,70S,22,-7.1000000000000005,84.4,101000.0
11610,70S,22,-6.2,84.60000000000001,100800.0
11611,70S,22,-8.4,84.2,100900.0
11612,70S,22,-7.7,84.3,100700.0
11613,70S,22,,,
11614,70S,22,-6.2,85.10000000000001,100600.0
11615,70S,22,-6.7,85.0,100700.0
11616,70S,22,-6.4,86.10000000000001,100500.0
11617,70S,22,-7.4,85.60000000000001,100700.0
11618,70S,22,-6.9,84.2,100500.0
11619,70S,22,,,
11620,70S,22,,,
11621,70S,22,,,
11622,70S,22,-6.5,85.7,100500.0
11623,70S,22,,,
11624,70S,22,-6.4,85.4,100500.0
11625,70S,22,-7.1000000000000005,86.60000000000001,100700.0
11626,70S,22,-7.9,85.9,100500.0
11627,70S,22,-8.5,86.60000000000001,100600.0
11628,70S,22,-8.5,88.10000000000001,100400.0
11629,70S,22,-9.8,88.9,100500.0
11630,70S,22,-11.1,89.5,100400.0
11631,70S,22,-11.4,89.4,100500.0
11632,70S,22,-13.6,90.3,100300.0
11633,70S,25,,,
11634,70S,25,,,
11635,70S,25,,,
11636,70S,25,,,
11637,70S,25,,,
11638,70S,25,,,
11639,70S,25,,,
11640,70S,25,,,
11641,70S,25,-12.0,82.10000000000001,101000.0
11642,70S,25,-11.700000000000001,80.9,100800.0
11643,70S,25,-12.9,79.60000000000001,101000.0
11644,70S,25,-12.1,78.2,100800.0
11645,70S,25,-11.5,77.7,100900.0
11646,70S,25,-11.9,77.10000000000001,100600.0
11647,70S,25,-12.1,75.9,100700.0
11648,70S,25,-11.8,74.9,100500.0
11649,70S,25,-11.4,74.4,100800.0
11650,70S,25,-11.5,73.5,100600.0
11651,70S,25,-11.6,73.4,100800.0
11652,70S,25,-12.200000000000001,72.8,100600.0
11653,70S,25,-12.4,72.2,100900.0
11654,70S,25,-12.1,71.10000000000001,100700.0
11655,70S,25,-12.5,69.8,100900.0
11656,70S,25,,,
11657,70S,25,,,
11658,70S,25,,,
11659,70S,25,,,
11660,70S,25,,,
11661,70S,25,,,
11662,70S,25,,,
11663,70S,25,,,
11664,70S,25,,,
11665,70S,25,,,
11666,70S,25,,,
11667,70S,25,,,
11668,70S,25,,,
11669,70S,25,,,
11670,70S,25,,,
11671,70S,25,,,
11672,70S,25,,,
11673,70S,29,-6.0,47.0,101300.0
11674,70S,29,-5.7,44.300000000000004,101000.0
11675,70S,29,,,
11676,70S,29,-4.9,43.300000000000004,101100.0
11677,70S,29,,,
11678,70S,29,,,
11679,70S,29,,,
11680,70S,29,-3.6,40.9,100900.0
11681,70S,29,,,
11682,70S,29,,,
11683,70S,29,,,
11684,70S,29,,,
11685,70S,29,,,
11686,70S,29,,,
11687,70S,29,,,
11688,70S,29,,,
11689,70S,29,,,
11690,70S,29,,,
11691,70S,29,,,
11692,70S,29,,,
11693,70S,29,,,
11694,70S,29,,,
11695,70S,29,,,
11696,70S,29,,,
11697,70S,29,,,
11698,70S,29,,,
11699,70S,29,,,
11700,70S,29,,,
11701,70S,29,,,
11702,70S,29,,,
11703,70S,29,,,
11704,70S,29,,,
11705,70S,29,,,
11706,70S,29,,,
11707,70S,29,,,
11708,70S,29,,,
11709,70S,29,,,
11710,70S,29,,,
11711,70S,29,,,
11712,70S,29,,,
11713,70S,30,,,
11714,70S,30,,,
11715,70S,30,,,
11716,70S,30,,,
11717,70S,30,,,
11718,70S,30,,,
11719,70S,30,,,
11720,70S,30,,,
11721,70S,30,-1.0,33.4,101400.0
11722,70S,30,,,
11723,70S,30,,,
11724,70S,30,-1.7,33.3,101000.0
11725,70S,30,-0.3,34.1,101300.0
11726,70S,30,,,
11727,70S,30,,,
11728,70S,30,-2.4,33.2,101100.0
11729,70S,30,,,
11730,70S,30,,,
11731,70S,30,,,
11732,70S,30,-0.5,33.6,100900.0
11733,70S,30,-0.1,33.8,101300.0
11734,70S,30,,,
11735,70S,30,,,
11736,70S,30,,,
11737,70S,30,,,
11738,70S,30,,,
11739,70S,30,,,
11740,70S,30,,,
11741,70S,30,,,
11742,70S,30,,,
11743,70S,30,,,
11744,70S,30,,,
11745,70S,30,,,
11746,70S,30,,,
11747,70S,30,,,
11748,70S,30,,,
11749,70S,30,,,
11750,70S,30,,,
11751,70S,30,,,
11752,70S,30,,,
11753,70S,31,,,
11754,70S,31,,,
11755,70S,31,-7.5,43.5,101200.0
11756,70S,31,-6.9,42.2,100900.0
11757,70S,31,-5.8,41.1,101100.0
11758,70S,31,-5.6000000000000005,41.300000000000004,100700.0
11759,70S,31,-6.4,41.4,101000.0
11760,70S,31,-6.9,39.800000000000004,100600.0
11761,70S,31,-8.4,39.4,101000.0
11762,70S,31,,,
11763,70S,31,,,
11764,70S,31,,,
11765,70S,31,,,
11766,70S,31,,,
11767,70S,31,,,
11768,70S,31,,,
11769,70S,31,,,
11770,70S,31,,,
11771,70S,31,,,
11772,70S,31,,,
11773,70S,31,,,
11774,70S,31,,,
11775,70S,31,,,
11776,70S,31,,,
11777,70S,31,,,
11778,70S,31,,,
11779,70S,31,,,
11780,70S,31,,,
11781,70S,31,,,
11782,70S,31,,,
11783,70S,31,,,
11784,70S,31,,,
11785,70S,31,,,
11786,70S,31,,,
11787,70S,31,,,
11788,70S,31,,,
11789,70S,31,,,
11790,70S,31,,,
11791,70S,31,,,
11792,70S,31,,,
11793,70S,35,-7.2,45.7,101200.0
11794,70S,35,,,
11795,70S,35,-6.9,42.6,101000.0
11796,70S,35,-6.1000000000000005,42.300000000000004,100800.0
11797,70S,35,-5.5,41.4,100800.0
11798,70S,35,-6.0,42.300000000000004,100700.0
11799,70S,35,-5.3,43.0,100900.0
11800,70S,35,,,
11801,70S,35,-6.9,41.4,100900.0
11802,70S,35,-6.9,40.7,100300.0
11803,70S,35,-7.2,39.9,100100.0
11804,70S,35,-6.9,39.5,99500.0
11805,70S,35,-6.6000000000000005,38.7,100300.0
11806,70S,35,-6.6000000000000005,37.9,100200.0
11807,70S,35,-6.7,37.1,101100.0
11808,70S,35,-7.1000000000000005,35.2,100900.0
11809,70S,35,-7.2,31.5,101300.0
11810,70S,35,,,
11811,70S,35,,,
11812,70S,35,,,
11813,70S,35,,,
11814,70S,35,,,
11815,70S,35,,,
11816,70S,35,,,
11817,70S,35,,,
11818,70S,35,,,
11819,70S,35,,,
11820,70S,35,,,
11821,70S,35,,,
11822,70S,35,,,
11823,70S,35,,,
11824,70S,35,,,
11825,70S,35,,,
11826,70S,35,,,
11827,70S,35,,,
11828,70S,35,,,
11829,70S,35,,,
11830,70S,35,,,
11831,70S,35,,,
11832,70S,35,,,
11833,70S,36,,,
11834,70S,36,,,
11835,70S,36,,,
11836,70S,36,,,
11837,70S,36,,,
11838,70S,36,,,
11839,70S,36,,,
11840,70S,36,,,
11841,70S,36,,,
11842,70S,36,,,
11843,70S,36,,,
11844,70S,36,-13.0,76.7,100800.0
11845,70S,36,,,
11846,70S,36,-13.6,75.9,100700.0
11847,70S,36,-12.5,74.4,100900.0
11848,70S,36,-12.1,73.60000000000001,100700.0
11849,70S,36,,,
11850,70S,36,-12.1,72.5,100700.0
11851,70S,36,-12.1,72.0,100900.0
11852,70S,36,-11.4,70.7,100600.0
11853,70S,36,-12.5,70.60000000000001,100900.0
11854,70S,36,-12.4,69.8,100700.0
11855,70S,36,-12.200000000000001,69.10000000000001,100900.0
11856,70S,36,-11.700000000000001,69.3,100700.0
11857,70S,36,-11.200000000000001,68.4,101000.0
11858,70S,36,,,
11859,70S,36,,,
11860,70S,36,,,
11861,70S,36,,,
11862,70S,36,,,
11863,70S,36,,,
11864,70S,36,,,
11865,70S,36,,,
11866,70S,36,,,
11867,70S,36,,,
11868,70S,36,,,
11869,70S,36,,,
11870,70S,36,,,
11871,70S,36,,,
11872,70S,36,,,
11873,70S,37,,,
11874,70S,37,,,
11875,70S,37,-7.1000000000000005,43.6,101200.0
11876,70S,37,-6.1000000000000005,41.6,101000.0
11877,70S,37,-5.7,40.9,101200.0
11878,70S,37,-5.0,40.7,100500.0
11879,70S,37,-4.3,40.4,100900.0
11880,70S,37,-3.4,40.2,100800.0
11881,70S,37,,,
11882,70S,37,,,
11883,70S,37,,,
11884,70S,37,,,
11885,70S,37,,,
11886,70S,37,,,
11887,70S,37,,,
11888,70S,37,,,
11889,70S,37,,,
11890,70S,37,,,
11891,70S,37,,,
11892,70S,37,,,
11893,70S,37,,,
11894,70S,37,,,
11895,70S,37,,,
11896,70S,37,,,
11897,70S,37,,,
11898,70S,37,,,
11899,70S,37,,,
11900,70S,37,,,
11901,70S,37,,,
11902,70S,37,,,
11903,70S,37,,,
11904,70S,37,,,
11905,70S,37,,,
11906,70S,37,,,
11907,70S,37,,,
11908,70S,37,,,
11909,70S,37,,,
11910,70S,37,,,
11911,70S,37,,,
11912,70S,37,,,
11913,70S,38,,,
11914,70S,38,,,
11915,70S,38,,,
11916,70S,38,,,
11917,70S,38,,,
11918,70S,38,-3.3000000000000003,33.1,100900.0
11919,70S,38,,,
11920,70S,38,-1.3,32.2,101000.0
11921,70S,38,,,
11922,70S,38,,,
11923,70S,38,,,
11924,70S,38,-1.5,32.1,100900.0
11925,70S,38,,,
11926,70S,38,,,
11927,70S,38,,,
11928,70S,38,,,
11929,70S,38,,,
11930,70S,38,,,
11931,70S,38,,,
11932,70S,38,,,
11933,70S,38,,,
11934,70S,38,,,
11935,70S,38,,,
11936,70S,38,,,
11937,70S,38,,,
11938,70S,38,,,
11939,70S,38,,,
11940,70S,38,,,
11941,70S,38,,,
11942,70S,38,,,
11943,70S,38,,,
11944,70S,38,,,
11945,70S,38,,,
11946,70S,38,,,
11947,70S,38,,,
11948,70S,38,,,
11949,70S,38,,,
11950,70S,38,,,
11951,70S,38,,,
11952,70S,38,,,
11953,70S,41,-6.3,46.6,101300.0
11954,70S,41,,,
11955,70S,41,-5.9,42.800000000000004,101100.0
11956,70S,41,-5.3,40.7,100900.0
11957,70S,41,-4.5,39.9,101200.0
11958,70S,41,,,
11959,70S,41,,,
11960,70S,41,,,
11961,70S,41,,,
11962,70S,41,,,
11963,70S,41,,,
11964,70S,41,,,
11965,70S,41,,,
11966,70S,41,,,
11967,70S,41,,,
11968,70S,41,,,
11969,70S,41,,,
11970,70S,41,,,
11971,70S,41,,,
11972,70S,41,,,
11973,70S,41,,,
11974,70S,41,,,
11975,70S,41,,,
11976,70S,41,,,
11977,70S,41,,,
11978,70S,41,,,
11979,70S,41,,,
11980,70S,41,,,
11981,70S,41,,,
11982,70S,41,,,
11983,70S,41,,,
11984,70S,41,,,
11985,70S,41,,,
11986,70S,41,,,
11987,70S,41,,,
11988,70S,41,,,
11989,70S,41,,,
11990,70S,41,,,
11991,70S,41,,,
11992,70S,41,,,
11993,70S,43,,,
11994,70S,43,,,
11995,70S,43,,,
11996,70S,43,-7.4,40.7,100900.0
11997,70S,43,-7.4,39.5,101300.0
11998,70S,43,,,
11999,70S,43,-7.3,39.4,101200.0
12000,70S,43,,,
12001,70S,43,,,
12002,70S,43,,,
12003,70S,43,,,
12004,70S,43,,,
12005,70S,43,,,
12006,70S,43,,,
12007,70S,43,,,
12008,70S,43,,,
12009,70S,43,,,
12010,70S,43,,,
12011,70S,43,,,
12012,70S,43,,,
12013,70S,43,,,
12014,70S,43,,,
12015,70S,43,,,
12016,70S,43,,,
12017,70S,43,,,
12018,70S,43,,,
12019,70S,43,,,
12020,70S,43,,,
12021,70S,43,,,
12022,70S,43,,,
12023,70S,43,,,
12024,70S,43,,,
12025,70S,43,,,
12026,70S,43,,,
12027,70S,43,,,
12028,70S,43,,,
12029,70S,43,,,
12030,70S,43,,,
12031,70S,43,,,
12032,70S,43,,,
12033,70S,45,-7.4,44.7,101300.0
12034,70S,45,,,
12035,70S,45,-6.9,42.4,101200.0
12036,70S,45,-5.9,41.2,100900.0
12037,70S,45,-5.2,40.9,101000.0
12038,70S,45,-4.9,40.9,100800.0
12039,70S,45,,,
12040,70S,45,-4.0,40.6,100900.0
12041,70S,45,-3.2,40.5,101100.0
12042,70S,45,,,
12043,70S,45,,,
12044,70S,45,,,
12045,70S,45,,,
12046,70S,45,,,
12047,70S,45,,,
12048,70S,45,,,
12049,70S,45,,,
12050,70S,45,,,
12051,70S,45,,,
12052,70S,45,,,
12053,70S,45,,,
12054,70S,45,,,
12055,70S,45,,,
12056,70S,45,,,
12057,70S,45,,,
12058,70S,45,,,
12059,70S,45,,,
12060,70S,45,,,
12061,70S,45,,,
12062,70S,45,,,
12063,70S,45,,,
12064,70S,45,,,
12065,70S,45,,,
12066,70S,45,,,
12067,70S,45,,,
12068,70S,45,,,
12069,70S,45,,,
12070,70S,45,,,
12071,70S,45,,,
12072,70S,45,,,
12073,70S,46,,,
12074,70S,46,,,
12075,70S,46,,,
12076,70S,46,,,
12077,70S,46,,,
12078,70S,46,,,
12079,70S,46,,,
12080,70S,46,,,
12081,70S,46,,,
12082,70S,46,,,
12083,70S,46,-12.200000000000001,79.10000000000001,101000.0
12084,70S,46,,,
12085,70S,46,-10.3,76.5,100900.0
12086,70S,46,,,
12087,70S,46,-10.1,75.3,101000.0
12088,70S,46,,,
12089,70S,46,-10.9,73.5,101000.0
12090,70S,46,-12.5,72.4,100800.0
12091,70S,46,-11.6,71.5,100900.0
12092,70S,46,-10.0,70.8,100600.0
12093,70S,46,-11.1,69.3,100900.0
12094,70S,46,,,
12095,70S,46,-9.4,67.8,100800.0
12096,70S,46,-11.3,67.7,100500.0
12097,70S,46,,,
12098,70S,46,-9.6,66.3,100500.0
12099,70S,46,-10.200000000000001,65.8,100800.0
12100,70S,46,-11.0,65.2,100600.0
12101,70S,46,-11.200000000000001,65.8,100800.0
12102,70S,46,-11.6,63.9,100500.0
12103,70S,46,-12.6,62.800000000000004,100700.0
12104,70S,46,-11.9,61.1,100400.0
12105,70S,46,-11.700000000000001,59.9,100800.0
12106,70S,46,-12.4,58.300000000000004,100500.0
12107,70S,46,-12.6,57.0,100800.0
12108,70S,46,-11.200000000000001,56.800000000000004,100500.0
12109,70S,46,,,
12110,70S,46,-11.0,55.6,100600.0
12111,70S,46,,,
12112,70S,46,,,
12113,70S,47,,,
12114,70S,47,,,
12115,70S,47,,,
12116,70S,47,,,
12117,70S,47,,,
12118,70S,47,,,
12119,70S,47,,,
12120,70S,47,,,
12121,70S,47,,,
12122,70S,47,,,
12123,70S,47,,,
12124,70S,47,,,
12125,70S,47,,,
12126,70S,47,,,
12127,70S,47,,,
12128,70S,47,,,
12129,70S,47,,,
12130,70S,47,,,
12131,70S,47,,,
12132,70S,47,-8.8,76.9,100700.0
12133,70S,47,-10.200000000000001,77.8,100900.0
12134,70S,47,,,
12135,70S,47,,,
12136,70S,47,-9.1,79.3,100600.0
12137,70S,47,-8.3,80.5,100800.0
12138,70S,47,,,
12139,70S,47,-10.3,77.9,100900.0
12140,70S,47,-10.9,75.0,100700.0
12141,70S,47,,,
12142,70S,47,-8.8,74.3,100500.0
12143,70S,47,,,
12144,70S,47,-7.8,72.2,100600.0
12145,70S,47,,,
12146,70S,47,-9.1,69.8,100600.0
12147,70S,47,,,
12148,70S,47,-8.8,70.7,100600.0
12149,70S,47,-9.5,70.0,100900.0
12150,70S,47,-7.7,68.1,100600.0
12151,70S,47,-9.3,68.9,100800.0
12152,70S,47,-8.5,67.2,100500.0
12153,70S,48,,,
12154,70S,48,,,
12155,70S,48,,,
12156,70S,48,,,
12157,70S,48,,,
12158,70S,48,,,
12159,70S,48,,,
12160,70S,48,,,
12161,70S,48,,,
12162,70S,48,,,
12163,70S,48,,,
12164,70S,48,,,
12165,70S,48,,,
12166,70S,48,,,
12167,70S,48,,,
12168,70S,48,,,
12169,70S,48,,,
12170,70S,48,,,
12171,70S,48,,,
12172,70S,48,,,
12173,70S,48,,,
12174,70S,48,,,
12175,70S,48,,,
12176,70S,48,,,
12177,70S,48,-9.200000000000001,87.60000000000001,100800.0
12178,70S,48,,,
12179,70S,48,-9.200000000000001,86.2,100900.0
12180,70S,48,-10.6,88.60000000000001,100700.0
12181,70S,48,,,
12182,70S,48,,,
12183,70S,48,-9.3,85.9,100800.0
12184,70S,48,-9.5,84.10000000000001,100700.0
12185,70S,48,-9.4,84.7,100800.0
12186,70S,48,,,
12187,70S,48,,,
12188,70S,48,,,
12189,70S,48,,,
12190,70S,48,,,
12191,70S,48,,,
12192,70S,48,,,
12193,71S,5,,,
12194,71S,5,,,
12195,71S,5,,,
12196,71S,5,,,
12197,71S,5,,,
12198,71S,5,,,
12199,71S,5,,,
12200,71S,5,,,
12201,71S,5,,,
12202,71S,5,,,
12203,71S,5,,,
12204,71S,5,,,
12205,71S,5,,,
12206,71S,5,,,
12207,71S,5,,,
12208,71S,5,,,
12209,71S,5,,,
12210,71S,5,,,
12211,71S,5,,,
12212,71S,5,,,
12213,71S,5,,,
12214,71S,5,,,
12215,71S,5,,,
12216,71S,5,,,
12217,71S,5,,,
12218,71S,5,,,
12219,71S,5,,,
12220,71S,5,-8.700000000000001,72.60000000000001,100700.0
12221,71S,5,-6.4,73.60000000000001,100900.0
12222,71S,5,,,
12223,71S,5,-7.4,72.7,100900.0
12224,71S,5,-8.2,71.0,100700.0
12225,71S,5,-7.6000000000000005,70.5,100800.0
12226,71S,5,-7.2,69.3,100400.0
12227,71S,5,-7.0,69.3,100500.0
12228,71S,5,-6.9,68.60000000000001,100100.0
12229,71S,5,-6.7,68.3,100200.0
12230,71S,5,-6.7,68.0,99900.0
12231,71S,5,-6.7,67.7,100000.0
12232,71S,5,-6.6000000000000005,67.2,98900.0
12233,71S,6,,,
12234,71S,6,,,
12235,71S,6,,,
12236,71S,6,-12.200000000000001,88.7,101000.0
12237,71S,6,,,
12238,71S,6,,,
12239,71S,6,,,
12240,71S,6,,,
12241,71S,6,,,
12242,71S,6,,,
12243,71S,6,,,
12244,71S,6,,,
12245,71S,6,,,
12246,71S,6,,,
12247,71S,6,,,
12248,71S,6,,,
12249,71S,6,,,
12250,71S,6,,,
12251,71S,6,,,
12252,71S,6,,,
12253,71S,6,,,
12254,71S,6,,,
12255,71S,6,,,
12256,71S,6,,,
12257,71S,6,,,
12258,71S,6,,,
12259,71S,6,,,
12260,71S,6,,,
12261,71S,6,,,
12262,71S,6,,,
12263,71S,6,,,
12264,71S,6,,,
12265,71S,6,,,
12266,71S,6,,,
12267,71S,6,,,
12268,71S,6,,,
12269,71S,6,,,
12270,71S,6,,,
12271,71S,6,,,
12272,71S,6,,,
12273,71S,7,,,
12274,71S,7,,,
12275,71S,7,,,
12276,71S,7,,,
12277,71S,7,,,
12278,71S,7,,,
12279,71S,7,,,
12280,71S,7,,,
12281,71S,7,,,
12282,71S,7,,,
12283,71S,7,,,
12284,71S,7,,,
12285,71S,7,,,
12286,71S,7,,,
12287,71S,7,,,
12288,71S,7,,,
12289,71S,7,,,
12290,71S,7,,,
12291,71S,7,,,
12292,71S,7,,,
12293,71S,7,,,
12294,71S,7,,,
12295,71S,7,,,
12296,71S,7,,,
12297,71S,7,,,
12298,71S,7,-6.2,72.3,100600.0
12299,71S,7,,,
12300,71S,7,-5.8,72.9,100600.0
12301,71S,7,-6.0,72.9,100900.0
12302,71S,7,-6.3,72.0,100500.0
12303,71S,7,,,
12304,71S,7,,,
12305,71S,7,-6.5,72.60000000000001,100900.0
12306,71S,7,-6.5,70.5,100600.0
12307,71S,7,,,
12308,71S,7,-7.3,71.2,100600.0
12309,71S,7,-6.9,70.60000000000001,100800.0
12310,71S,7,,,
12311,71S,7,,,
12312,71S,7,,,
12313,71S,18,,,
12314,71S,18,,,
12315,71S,18,,,
12316,71S,18,,,
12317,71S,18,,,
12318,71S,18,,,
12319,71S,18,,,
12320,71S,18,,,
12321,71S,18,,,
12322,71S,18,,,
12323,71S,18,-11.700000000000001,78.10000000000001,100900.0
12324,71S,18,,,
12325,71S,18,,,
12326,71S,18,-12.8,76.60000000000001,100700.0
12327,71S,18,-12.5,75.60000000000001,101000.0
12328,71S,18,-12.1,73.3,100700.0
12329,71S,18,-13.3,72.60000000000001,100800.0
12330,71S,18,-12.8,71.8,100500.0
12331,71S,18,-12.1,70.7,100800.0
12332,71S,18,-11.4,70.60000000000001,100600.0
12333,71S,18,-10.9,70.3,100800.0
12334,71S,18,-10.6,70.10000000000001,100500.0
12335,71S,18,-10.200000000000001,69.8,100700.0
12336,71S,18,-9.4,69.4,100500.0
12337,71S,18,-8.4,68.8,100700.0
12338,71S,18,,,
12339,71S,18,-8.1,67.5,100700.0
12340,71S,18,-7.9,66.7,100500.0
12341,71S,18,-7.0,67.2,100800.0
12342,71S,18,,,
12343,71S,18,,,
12344,71S,18,-7.8,66.0,100600.0
12345,71S,18,-7.0,65.8,100900.0
12346,71S,18,-6.9,64.4,100600.0
12347,71S,18,-7.9,64.6,100800.0
12348,71S,18,-6.3,64.4,100500.0
12349,71S,18,,,
12350,71S,18,,,
12351,71S,18,-8.5,64.1,100900.0
12352,71S,18,-7.3,63.7,100600.0
12353,71S,19,,,
12354,71S,19,,,
12355,71S,19,,,
12356,71S,19,,,
12357,71S,19,,,
12358,71S,19,,,
12359,71S,19,,,
12360,71S,19,,,
12361,71S,19,,,
12362,71S,19,,,
12363,71S,19,,,
12364,71S,19,,,
12365,71S,19,,,
12366,71S,19,,,
12367,71S,19,,,
12368,71S,19,,,
12369,71S,19,,,
12370,71S,19,,,
12371,71S,19,,,
12372,71S,19,,,
12373,71S,19,,,
12374,71S,19,,,
12375,71S,19,-6.3,46.0,100900.0
12376,71S,19,-5.8,46.6,100500.0
12377,71S,19,,,
12378,71S,19,,,
12379,71S,19,-8.0,44.800000000000004,100800.0
12380,71S,19,-7.4,44.5,100600.0
12381,71S,19,-7.6000000000000005,44.7,100900.0
12382,71S,19,,,
12383,71S,19,,,
12384,71S,19,-7.2,41.800000000000004,100700.0
12385,71S,19,,,
12386,71S,19,,,
12387,71S,19,,,
12388,71S,19,-5.5,41.5,100700.0
12389,71S,19,,,
12390,71S,19,,,
12391,71S,19,,,
12392,71S,19,,,
12393,71S,22,,,
12394,71S,22,,,
12395,71S,22,,,
12396,71S,22,,,
12397,71S,22,,,
12398,71S,22,,,
12399,71S,22,,,
12400,71S,22,,,
12401,71S,22,,,
12402,71S,22,,,
12403,71S,22,,,
12404,71S,22,,,
12405,71S,22,,,
12406,71S,22,,,
12407,71S,22,,,
12408,71S,22,,,
12409,71S,22,,,
12410,71S,22,,,
12411,71S,22,,,
12412,71S,22,-9.3,72.60000000000001,100700.0
12413,71S,22,-10.4,72.2,101000.0
12414,71S,22,-9.1,70.3,100600.0
12415,71S,22,-8.6,69.10000000000001,100800.0
12416,71S,22,-8.6,67.8,100600.0
12417,71S,22,-8.4,67.3,100800.0
12418,71S,22,-7.9,67.0,100500.0
12419,71S,22,-7.6000000000000005,66.3,100800.0
12420,71S,22,-8.2,65.5,100500.0
12421,71S,22,-8.4,65.1,100900.0
12422,71S,22,-7.4,62.7,100600.0
12423,71S,22,-7.9,64.5,100900.0
12424,71S,22,,,
12425,71S,22,-8.700000000000001,62.9,101000.0
12426,71S,22,,,
12427,71S,22,-6.9,63.5,101000.0
12428,71S,22,,,
12429,71S,22,-9.3,62.5,101000.0
12430,71S,22,,,
12431,71S,22,,,
12432,71S,22,,,
12433,71S,25,,,
12434,71S,25,,,
12435,71S,25,,,
12436,71S,25,,,
12437,71S,25,,,
12438,71S,25,,,
12439,71S,25,,,
12440,71S,25,,,
12441,71S,25,,,
12442,71S,25,,,
12443,71S,25,,,
12444,71S,25,,,
12445,71S,25,,,
12446,71S,25,,,
12447,71S,25,,,
12448,71S,25,,,
12449,71S,25,,,
12450,71S,25,,,
12451,71S,25,,,
12452,71S,25,,,
12453,71S,25,,,
12454,71S,25,,,
12455,71S,25,,,
12456,71S,25,,,
12457,71S,25,,,
12458,71S,25,,,
12459,71S,25,,,
12460,71S,25,,,
12461,71S,25,,,
12462,71S,25,,,
12463,71S,25,,,
12464,71S,25,-10.8,85.9,100800.0
12465,71S,25,-12.3,85.2,100900.0
12466,71S,25,-11.5,84.10000000000001,100800.0
12467,71S,25,,,
12468,71S,25,-11.700000000000001,85.10000000000001,100700.0
12469,71S,25,,,
12470,71S,25,,,
12471,71S,25,-11.9,82.0,101000.0
12472,71S,25,,,
12473,71S,29,,,
12474,71S,29,,,
12475,71S,29,,,
12476,71S,29,,,
12477,71S,29,,,
12478,71S,29,,,
12479,71S,29,,,
12480,71S,29,,,
12481,71S,29,,,
12482,71S,29,,,
12483,71S,29,,,
12484,71S,29,,,
12485,71S,29,,,
12486,71S,29,,,
12487,71S,29,,,
12488,71S,29,,,
12489,71S,29,,,
12490,71S,29,,,
12491,71S,29,,,
12492,71S,29,,,
12493,71S,29,,,
12494,71S,29,,,
12495,71S,29,,,
12496,71S,29,,,
12497,71S,29,,,
12498,71S,29,-25.7,54.4,100900.0
12499,71S,29,-26.3,53.7,100800.0
12500,71S,29,-27.3,53.300000000000004,100300.0
12501,71S,29,-28.7,53.2,100500.0
12502,71S,29,-30.400000000000002,53.2,100300.0
12503,71S,29,-31.400000000000002,53.2,100500.0
12504,71S,29,-31.900000000000002,52.800000000000004,100500.0
12505,71S,29,,,
12506,71S,29,,,
12507,71S,29,,,
12508,71S,29,,,
12509,71S,29,,,
12510,71S,29,,,
12511,71S,29,,,
12512,71S,29,,,
12513,71S,30,,,
12514,71S,30,,,
12515,71S,30,,,
12516,71S,30,,,
12517,71S,30,,,
12518,71S,30,,,
12519,71S,30,,,
12520,71S,30,,,
12521,71S,30,,,
12522,71S,30,,,
12523,71S,30,,,
12524,71S,30,,,
12525,71S,30,,,
12526,71S,30,,,
12527,71S,30,,,
12528,71S,30,,,
12529,71S,30,-8.9,78.60000000000001,101100.0
12530,71S,30,-8.0,76.0,100900.0
12531,71S,30,,,
12532,71S,30,,,
12533,71S,30,,,
12534,71S,30,,,
12535,71S,30,,,
12536,71S,30,,,
12537,71S,30,,,
12538,71S,30,,,
12539,71S,30,,,
12540,71S,30,,,
12541,71S,30,,,
12542,71S,30,,,
12543,71S,30,,,
12544,71S,30,,,
12545,71S,30,,,
12546,71S,30,,,
12547,71S,30,,,
12548,71S,30,,,
12549,71S,30,,,
12550,71S,30,,,
12551,71S,30,,,
12552,71S,30,,,
12553,71S,31,,,
12554,71S,31,,,
12555,71S,31,,,
12556,71S,31,,,
12557,71S,31,,,
12558,71S,31,,,
12559,71S,31,,,
12560,71S,31,,,
12561,71S,31,,,
12562,71S,31,,,
12563,71S,31,,,
12564,71S,31,,,
12565,71S,31,,,
12566,71S,31,,,
12567,71S,31,,,
12568,71S,31,,,
12569,71S,31,,,
12570,71S,31,,,
12571,71S,31,,,
12572,71S,31,-9.0,85.7,100500.0
12573,71S,31,,,
12574,71S,31,-6.9,84.4,100500.0
12575,71S,31,,,
12576,71S,31,,,
12577,71S,31,,,
12578,71S,31,,,
12579,71S,31,,,
12580,71S,31,,,
12581,71S,31,,,
12582,71S,31,,,
12583,71S,31,,,
12584,71S,31,,,
12585,71S,31,,,
12586,71S,31,,,
12587,71S,31,,,
12588,71S,31,,,
12589,71S,31,,,
12590,71S,31,,,
12591,71S,31,,,
12592,71S,31,,,
12593,71S,37,,,
12594,71S,37,,,
12595,71S,37,,,
12596,71S,37,-0.8,33.0,101100.0
12597,71S,37,-1.5,33.3,101400.0
12598,71S,37,,,
12599,71S,37,,,
12600,71S,37,,,
12601,71S,37,-1.0,33.6,101200.0
12602,71S,37,,,
12603,71S,37,,,
12604,71S,37,-1.0,33.3,100800.0
12605,71S,37,,,
12606,71S,37,,,
12607,71S,37,,,
12608,71S,37,,,
12609,71S,37,,,
12610,71S,37,,,
12611,71S,37,,,
12612,71S,37,,,
12613,71S,37,,,
12614,71S,37,,,
12615,71S,37,,,
12616,71S,37,,,
12617,71S,37,,,
12618,71S,37,,,
12619,71S,37,,,
12620,71S,37,,,
12621,71S,37,,,
12622,71S,37,,,
12623,71S,37,,,
12624,71S,37,,,
12625,71S,37,,,
12626,71S,37,,,
12627,71S,37,,,
12628,71S,37,,,
12629,71S,37,,,
12630,71S,37,,,
12631,71S,37,,,
12632,71S,37,,,
12633,71S,45,,,
12634,71S,45,,,
12635,71S,45,,,
12636,71S,45,,,
12637,71S,45,,,
12638,71S,45,,,
12639,71S,45,,,
12640,71S,45,-11.0,82.4,100700.0
12641,71S,45,,,
12642,71S,45,-10.0,81.0,100700.0
12643,71S,45,-9.8,80.0,100900.0
12644,71S,45,-9.8,78.7,100700.0
12645,71S,45,-10.200000000000001,77.9,100800.0
12646,71S,45,-10.200000000000001,77.10000000000001,100600.0
12647,71S,45,-10.8,77.10000000000001,100800.0
12648,71S,45,-10.8,75.7,100700.0
12649,71S,45,-10.700000000000001,74.8,100800.0
12650,71S,45,-10.700000000000001,73.4,100600.0
12651,71S,45,,,
12652,71S,45,-10.3,71.60000000000001,100600.0
12653,71S,45,-9.9,70.7,100900.0
12654,71S,45,,,
12655,71S,45,,,
12656,71S,45,-8.4,68.9,100600.0
12657,71S,45,-8.2,67.5,100800.0
12658,71S,45,-8.6,66.5,100500.0
12659,71S,45,-8.2,65.3,100800.0
12660,71S,45,-6.9,65.8,100600.0
12661,71S,45,-7.4,63.7,100800.0
12662,71S,45,-7.0,62.5,100500.0
12663,71S,45,-6.8,62.5,100800.0
12664,71S,45,-8.1,60.300000000000004,100600.0
12665,71S,45,,,
12666,71S,45,,,
12667,71S,45,-7.6000000000000005,58.300000000000004,100900.0
12668,71S,45,-7.5,58.0,100600.0
12669,71S,45,-7.5,57.800000000000004,101000.0
12670,71S,45,,,
12671,71S,45,,,
12672,71S,45,,,
12673,71S,48,,,
12674,71S,48,,,
12675,71S,48,,,
12676,71S,48,,,
12677,71S,48,,,
12678,71S,48,,,
12679,71S,48,,,
12680,71S,48,,,
12681,71S,48,,,
12682,71S,48,,,
12683,71S,48,,,
12684,71S,48,,,
12685,71S,48,,,
12686,71S,48,,,
12687,71S,48,,,
12688,71S,48,,,
12689,71S,48,,,
12690,71S,48,,,
12691,71S,48,,,
12692,71S,48,,,
12693,71S,48,,,
12694,71S,48,,,
12695,71S,48,,,
12696,71S,48,,,
12697,71S,48,,,
12698,71S,48,,,
12699,71S,48,,,
12700,71S,48,-1.1,33.6,100700.0
12701,71S,48,-0.5,33.8,101000.0
12702,71S,48,-1.5,34.7,100200.0
12703,71S,48,,,
12704,71S,48,,,
12705,71S,48,-1.4000000000000001,33.2,101000.0
12706,71S,48,,,
12707,71S,48,-1.7,32.9,100700.0
12708,71S,48,,,
12709,71S,48,-2.8000000000000003,32.4,101200.0
12710,71S,48,,,
12711,71S,48,-1.5,33.4,100700.0
12712,71S,48,-2.2,33.1,100700.0
12713,72S,19,,,
12714,72S,19,,,
12715,72S,19,,,
12716,72S,19,,,
12717,72S,19,,,
12718,72S,19,,,
12719,72S,19,,,
12720,72S,19,,,
12721,72S,19,,,
12722,72S,19,,,
12723,72S,19,,,
12724,72S,19,,,
12725,72S,19,,,
12726,72S,19,,,
12727,72S,19,,,
12728,72S,19,,,
12729,72S,19,,,
12730,72S,19,,,
12731,72S,19,,,
12732,72S,19,,,
12733,72S,19,,,
12734,72S,19,,,
12735,72S,19,,,
12736,72S,19,,,
12737,72S,19,,,
12738,72S,19,,,
12739,72S,19,,,
12740,72S,19,,,
12741,72S,19,-6.0,55.300000000000004,100900.0
12742,72S,19,-7.6000000000000005,57.0,100600.0
12743,72S,19,,,
12744,72S,19,,,
12745,72S,19,-7.2,54.1,100900.0
12746,72S,19,-7.7,55.4,100700.0
12747,72S,19,-6.8,55.800000000000004,100900.0
12748,72S,19,,,
12749,72S,19,,,
12750,72S,19,,,
12751,72S,19,,,
12752,72S,19,,,
12753,72S,31,,,
12754,72S,31,,,
12755,72S,31,,,
12756,72S,31,,,
12757,72S,31,,,
12758,72S,31,,,
12759,72S,31,,,
12760,72S,31,,,
12761,72S,31,,,
12762,72S,31,,,
12763,72S,31,,,
12764,72S,31,,,
12765,72S,31,,,
12766,72S,31,,,
12767,72S,31,,,
12768,72S,31,,,
12769,72S,31,,,
12770,72S,31,,,
12771,72S,31,,,
12772,72S,31,,,
12773,72S,31,,,
12774,72S,31,,,
12775,72S,31,,,
12776,72S,31,,,
12777,72S,31,-11.1,87.3,100500.0
12778,72S,31,-11.0,86.5,100400.0
12779,72S,31,-10.8,86.10000000000001,100600.0
12780,72S,31,-11.200000000000001,85.9,100400.0
12781,72S,31,-11.200000000000001,85.5,100400.0
12782,72S,31,-11.200000000000001,85.2,100100.0
12783,72S,31,-10.9,85.0,100300.0
12784,72S,31,-10.8,84.8,100100.0
12785,72S,31,-11.0,84.9,100100.0
12786,72S,31,-11.200000000000001,84.7,99900.0
12787,72S,31,-10.9,84.2,100200.0
12788,72S,31,-10.200000000000001,84.3,100000.0
12789,72S,31,-10.0,84.4,100000.0
12790,72S,31,-10.200000000000001,84.5,99600.0
12791,72S,31,-10.1,84.0,99800.0
12792,72S,31,-9.1,84.7,99700.0
12793,70U,1,-8.6,102.8,100900.0
12794,70U,1,-10.5,103.0,101000.0
12795,70U,1,,,
12796,70U,1,,,
12797,70U,1,,,
12798,70U,1,,,
12799,70U,1,,,
12800,70U,1,,,
12801,70U,1,,,
12802,70U,1,,,
12803,70U,1,,,
12804,70U,1,,,
12805,70U,1,,,
12806,70U,1,,,
12807,70U,1,,,
12808,70U,1,,,
12809,70U,1,,,
12810,70U,1,,,
12811,70U,1,,,
12812,70U,1,,,
12813,70U,1,,,
12814,70U,1,,,
12815,70U,1,,,
12816,70U,1,,,
12817,70U,1,,,
12818,70U,1,,,
12819,70U,1,,,
12820,70U,1,,,
12821,70U,1,,,
12822,70U,1,,,
12823,70U,1,,,
12824,70U,1,,,
12825,70U,1,,,
12826,70U,1,,,
12827,70U,1,,,
12828,70U,1,,,
12829,70U,1,,,
12830,70U,1,,,
12831,70U,1,,,
12832,70U,1,,,
12833,70U,2,-7.6000000000000005,154.5,95400.0
12834,70U,2,-7.4,154.6,97300.0
12835,70U,2,-7.4,154.8,97600.0
12836,70U,2,-7.3,154.8,97800.0
12837,70U,2,-7.4,154.8,97900.0
12838,70U,2,-7.6000000000000005,154.8,98200.0
12839,70U,2,-7.9,154.70000000000002,98200.0
12840,70U,2,-8.3,154.1,98700.0
12841,70U,2,-8.6,153.4,98400.0
12842,70U,2,-8.9,153.0,99300.0
12843,70U,2,-9.0,151.6,99700.0
12844,70U,2,-8.3,152.70000000000002,100200.0
12845,70U,2,-8.5,152.8,100000.0
12846,70U,2,,,
12847,70U,2,,,
12848,70U,2,,,
12849,70U,2,,,
12850,70U,2,,,
12851,70U,2,,,
12852,70U,2,,,
12853,70U,2,,,
12854,70U,2,,,
12855,70U,2,,,
12856,70U,2,,,
12857,70U,2,,,
12858,70U,2,,,
12859,70U,2,,,
12860,70U,2,,,
12861,70U,2,,,
12862,70U,2,,,
12863,70U,2,,,
12864,70U,2,,,
12865,70U,2,,,
12866,70U,2,,,
12867,70U,2,,,
12868,70U,2,,,
12869,70U,2,,,
12870,70U,2,,,
12871,70U,2,,,
12872,70U,2,,,
12873,70U,3,-11.6,101.3,100900.0
12874,70U,3,-10.9,102.0,100900.0
12875,70U,3,,,
12876,70U,3,-11.4,99.7,100900.0
12877,70U,3,-10.200000000000001,100.4,100800.0
12878,70U,3,,,
12879,70U,3,-9.200000000000001,98.9,100900.0
12880,70U,3,-9.200000000000001,99.4,100800.0
12881,70U,3,-9.1,99.2,100700.0
12882,70U,3,-9.6,99.60000000000001,100700.0
12883,70U,3,-10.5,99.2,100800.0
12884,70U,3,-10.200000000000001,99.2,100800.0
12885,70U,3,-11.0,99.8,100700.0
12886,70U,3,-12.0,98.9,100700.0
12887,70U,3,-11.9,99.0,100600.0
12888,70U,3,-11.4,98.7,100600.0
12889,70U,3,-11.9,99.10000000000001,100500.0
12890,70U,3,-11.9,98.0,100400.0
12891,70U,3,-12.1,97.9,100300.0
12892,70U,3,-12.200000000000001,97.5,99900.0
12893,70U,3,-12.200000000000001,97.0,99600.0
12894,70U,3,-12.8,96.8,99200.0
12895,70U,3,-12.8,96.4,99400.0
12896,70U,3,-13.200000000000001,96.3,99300.0
12897,70U,3,-13.3,96.10000000000001,99500.0
12898,70U,3,-13.4,97.2,99200.0
12899,70U,3,-13.9,97.5,99300.0
12900,70U,3,-14.1,98.2,99400.0
12901,70U,3,-14.3,99.0,99300.0
12902,70U,3,-14.5,99.7,99500.0
12903,70U,3,-15.0,100.2,99200.0
12904,70U,3,-15.700000000000001,100.60000000000001,99500.0
12905,70U,3,-16.3,100.60000000000001,99700.0
12906,70U,3,-17.3,100.4,99800.0
12907,70U,3,-19.1,100.60000000000001,99800.0
12908,70U,3,-20.2,100.7,99100.0
12909,70U,3,-21.1,100.8,99200.0
12910,70U,3,-21.400000000000002,101.4,99700.0
12911,70U,3,-22.3,101.8,100000.0
12912,70U,3,,,
12913,70U,4,-9.1,104.8,100900.0
12914,70U,4,-9.6,106.3,100900.0
12915,70U,4,-10.700000000000001,105.5,100900.0
12916,70U,4,-9.9,104.8,101000.0
12917,70U,4,-11.200000000000001,104.2,100900.0
12918,70U,4,,,
12919,70U,4,-11.200000000000001,101.8,100900.0
12920,70U,4,-12.9,101.0,100900.0
12921,70U,4,,,
12922,70U,4,,,
12923,70U,4,-10.700000000000001,100.4,100900.0
12924,70U,4,,,
12925,70U,4,,,
12926,70U,4,,,
12927,70U,4,,,
12928,70U,4,,,
12929,70U,4,,,
12930,70U,4,,,
12931,70U,4,,,
12932,70U,4,,,
12933,70U,4,,,
12934,70U,4,,,
12935,70U,4,,,
12936,70U,4,,,
12937,70U,4,,,
12938,70U,4,,,
12939,70U,4,,,
12940,70U,4,,,
12941,70U,4,,,
12942,70U,4,,,
12943,70U,4,,,
12944,70U,4,,,
12945,70U,4,,,
12946,70U,4,,,
12947,70U,4,,,
12948,70U,4,,,
12949,70U,4,,,
12950,70U,4,,,
12951,70U,4,,,
12952,70U,4,,,
12953,70U,5,,,
12954,70U,5,-10.5,103.5,101000.0
12955,70U,5,-11.9,99.7,101000.0
12956,70U,5,-10.700000000000001,96.7,101000.0
12957,70U,5,,,
12958,70U,5,,,
12959,70U,5,,,
12960,70U,5,,,
12961,70U,5,,,
12962,70U,5,,,
12963,70U,5,,,
12964,70U,5,,,
12965,70U,5,,,
12966,70U,5,,,
12967,70U,5,,,
12968,70U,5,,,
12969,70U,5,,,
12970,70U,5,,,
12971,70U,5,,,
12972,70U,5,,,
12973,70U,5,,,
12974,70U,5,,,
12975,70U,5,,,
12976,70U,5,,,
12977,70U,5,,,
12978,70U,5,,,
12979,70U,5,,,
12980,70U,5,,,
12981,70U,5,,,
12982,70U,5,,,
12983,70U,5,,,
12984,70U,5,,,
12985,70U,5,,,
12986,70U,5,,,
12987,70U,5,,,
12988,70U,5,,,
12989,70U,5,,,
12990,70U,5,,,
12991,70U,5,,,
12992,70U,5,,,
12993,70U,6,-11.8,102.5,100700.0
12994,70U,6,-11.6,101.60000000000001,100700.0
12995,70U,6,-11.200000000000001,101.10000000000001,100800.0
12996,70U,6,-10.700000000000001,101.0,100700.0
12997,70U,6,-10.5,100.8,100700.0
12998,70U,6,-10.6,100.8,100600.0
12999,70U,6,-10.6,100.8,100700.0
13000,70U,6,-10.700000000000001,101.0,100700.0
13001,70U,6,-11.1,101.10000000000001,100600.0
13002,70U,6,-11.5,101.10000000000001,100700.0
13003,70U,6,-11.4,101.10000000000001,100700.0
13004,70U,6,-11.5,101.0,100700.0
13005,70U,6,-11.700000000000001,101.3,100500.0
13006,70U,6,-12.0,100.8,100400.0
13007,70U,6,-12.4,100.60000000000001,100500.0
13008,70U,6,-12.6,99.7,100500.0
13009,70U,6,-12.4,99.2,100400.0
13010,70U,6,-12.1,99.2,100000.0
13011,70U,6,-12.1,98.5,100100.0
13012,70U,6,-12.0,98.0,99800.0
13013,70U,6,-12.3,97.10000000000001,99900.0
13014,70U,6,-12.6,96.3,100000.0
13015,70U,6,-12.9,95.5,100200.0
13016,70U,6,-13.1,95.10000000000001,100200.0
13017,70U,6,-13.3,95.2,100300.0
13018,70U,6,-13.9,95.10000000000001,100300.0
13019,70U,6,-14.5,95.2,100500.0
13020,70U,6,-14.8,95.3,100600.0
13021,70U,6,,,
13022,70U,6,,,
13023,70U,6,-15.3,94.9,100800.0
13024,70U,6,,,
13025,70U,6,,,
13026,70U,6,,,
13027,70U,6,,,
13028,70U,6,,,
13029,70U,6,,,
13030,70U,6,,,
13031,70U,6,,,
13032,70U,6,,,
13033,70U,7,-8.2,153.8,97200.0
13034,70U,7,-8.1,153.8,98100.0
13035,70U,7,-8.0,153.9,98500.0
13036,70U,7,-8.0,153.8,98800.0
13037,70U,7,-8.0,153.9,98700.0
13038,70U,7,-7.8,153.9,99200.0
13039,70U,7,-7.9,154.3,99100.0
13040,70U,7,-8.1,154.20000000000002,99500.0
13041,70U,7,-8.2,154.1,99400.0
13042,70U,7,-8.4,154.20000000000002,99800.0
13043,70U,7,-8.4,154.0,99600.0
13044,70U,7,-8.6,153.8,100200.0
13045,70U,7,-8.8,153.4,100000.0
13046,70U,7,-8.8,152.8,100400.0
13047,70U,7,-9.3,152.70000000000002,100200.0
13048,70U,7,-10.200000000000001,152.20000000000002,100500.0
13049,70U,7,-11.4,152.20000000000002,100300.0
13050,70U,7,,,
13051,70U,7,,,
13052,70U,7,,,
13053,70U,7,,,
13054,70U,7,,,
13055,70U,7,,,
13056,70U,7,,,
13057,70U,7,,,
13058,70U,7,,,
13059,70U,7,,,
13060,70U,7,,,
13061,70U,7,,,
13062,70U,7,,,
13063,70U,7,,,
13064,70U,7,,,
13065,70U,7,,,
13066,70U,7,,,
13067,70U,7,,,
13068,70U,7,,,
13069,70U,7,,,
13070,70U,7,,,
13071,70U,7,,,
13072,70U,7,,,
13073,70U,8,,,
13074,70U,8,-11.200000000000001,105.9,101100.0
13075,70U,8,-11.4,106.9,101000.0
13076,70U,8,,,
13077,70U,8,,,
13078,70U,8,,,
13079,70U,8,-12.4,104.7,100900.0
13080,70U,8,-14.0,104.4,101000.0
13081,70U,8,-13.9,104.10000000000001,100800.0
13082,70U,8,,,
13083,70U,8,,,
13084,70U,8,,,
13085,70U,8,,,
13086,70U,8,,,
13087,70U,8,,,
13088,70U,8,,,
13089,70U,8,,,
13090,70U,8,,,
13091,70U,8,,,
13092,70U,8,,,
13093,70U,8,,,
13094,70U,8,,,
13095,70U,8,,,
13096,70U,8,,,
13097,70U,8,,,
13098,70U,8,,,
13099,70U,8,,,
13100,70U,8,,,
13101,70U,8,,,
13102,70U,8,,,
13103,70U,8,,,
13104,70U,8,,,
13105,70U,8,,,
13106,70U,8,,,
13107,70U,8,,,
13108,70U,8,,,
13109,70U,8,,,
13110,70U,8,,,
13111,70U,8,,,
13112,70U,8,,,
13113,70U,9,-9.1,152.0,96800.0
13114,70U,9,-9.1,151.5,98500.0
13115,70U,9,-8.9,151.5,99200.0
13116,70U,9,-8.8,151.6,100000.0
13117,70U,9,-8.5,151.8,99800.0
13118,70U,9,-8.1,151.5,100400.0
13119,70U,9,,,
13120,70U,9,-7.1000000000000005,150.9,100600.0
13121,70U,9,-6.6000000000000005,150.5,100300.0
13122,70U,9,-6.1000000000000005,147.70000000000002,100700.0
13123,70U,9,,,
13124,70U,9,-3.1,148.0,100700.0
13125,70U,9,-1.5,150.70000000000002,100400.0
13126,70U,9,,,
13127,70U,9,-2.6,152.5,100500.0
13128,70U,9,,,
13129,70U,9,,,
13130,70U,9,,,
13131,70U,9,,,
13132,70U,9,,,
13133,70U,9,,,
13134,70U,9,,,
13135,70U,9,,,
13136,70U,9,,,
13137,70U,9,,,
13138,70U,9,,,
13139,70U,9,,,
13140,70U,9,,,
13141,70U,9,,,
13142,70U,9,,,
13143,70U,9,,,
13144,70U,9,,,
13145,70U,9,,,
13146,70U,9,,,
13147,70U,9,,,
13148,70U,9,,,
13149,70U,9,,,
13150,70U,9,,,
13151,70U,9,,,
13152,70U,9,,,
13153,70U,10,-7.9,154.4,95600.0
13154,70U,10,-7.7,154.3,97100.0
13155,70U,10,-7.8,154.20000000000002,97300.0
13156,70U,10,-7.8,154.1,97200.0
13157,70U,10,-7.9,154.1,97400.0
13158,70U,10,-8.0,154.1,98100.0
13159,70U,10,-8.4,153.70000000000002,98100.0
13160,70U,10,-8.9,153.70000000000002,99200.0
13161,70U,10,-9.0,153.9,99300.0
13162,70U,10,-9.8,153.5,99500.0
13163,70U,10,-9.8,152.9,99300.0
13164,70U,10,-10.1,152.3,99800.0
13165,70U,10,-10.5,152.20000000000002,99600.0
13166,70U,10,-11.0,151.8,100200.0
13167,70U,10,-12.0,148.1,100100.0
13168,70U,10,-12.1,146.4,100500.0
13169,70U,10,,,
13170,70U,10,-12.700000000000001,144.4,100300.0
13171,70U,10,-11.4,143.70000000000002,100100.0
13172,70U,10,-11.4,143.5,100300.0
13173,70U,10,-11.700000000000001,142.1,100100.0
13174,70U,10,-10.700000000000001,139.9,100300.0
13175,70U,10,-11.3,140.9,100100.0
13176,70U,10,-12.200000000000001,139.70000000000002,100300.0
13177,70U,10,-12.4,138.1,100000.0
13178,70U,10,-11.9,136.9,100300.0
13179,70U,10,-11.700000000000001,136.8,100000.0
13180,70U,10,-12.4,136.70000000000002,100300.0
13181,70U,10,-13.200000000000001,136.0,100000.0
13182,70U,10,-13.8,135.7,100300.0
13183,70U,10,-14.3,135.8,100200.0
13184,70U,10,-14.6,135.4,100400.0
13185,70U,10,-15.200000000000001,135.4,100100.0
13186,70U,10,-16.2,135.8,100500.0
13187,70U,10,-16.6,135.6,100300.0
13188,70U,10,-16.9,134.7,100700.0
13189,70U,10,-17.400000000000002,134.2,100400.0
13190,70U,10,-17.5,133.8,100800.0
13191,70U,10,-17.8,132.6,100700.0
13192,70U,10,-18.1,131.6,101000.0
13193,70U,11,-10.5,92.3,101000.0
13194,70U,11,,,
13195,70U,11,-8.6,93.5,101100.0
13196,70U,11,,,
13197,70U,11,-7.5,94.2,101000.0
13198,70U,11,,,
13199,70U,11,,,
13200,70U,11,,,
13201,70U,11,,,
13202,70U,11,,,
13203,70U,11,,,
13204,70U,11,,,
13205,70U,11,,,
13206,70U,11,,,
13207,70U,11,,,
13208,70U,11,,,
13209,70U,11,,,
13210,70U,11,,,
13211,70U,11,,,
13212,70U,11,,,
13213,70U,11,,,
13214,70U,11,,,
13215,70U,11,,,
13216,70U,11,,,
13217,70U,11,,,
13218,70U,11,,,
13219,70U,11,,,
13220,70U,11,,,
13221,70U,11,,,
13222,70U,11,,,
13223,70U,11,,,
13224,70U,11,,,
13225,70U,11,,,
13226,70U,11,,,
13227,70U,11,,,
13228,70U,11,,,
13229,70U,11,,,
13230,70U,11,,,
13231,70U,11,,,
13232,70U,11,,,
13233,70U,12,,,
13234,70U,12,,,
13235,70U,12,,,
13236,70U,12,-10.0,100.9,100900.0
13237,70U,12,-10.3,103.2,100900.0
13238,70U,12,,,
13239,70U,12,-12.1,101.60000000000001,100900.0
13240,70U,12,,,
13241,70U,12,,,
13242,70U,12,,,
13243,70U,12,,,
13244,70U,12,,,
13245,70U,12,,,
13246,70U,12,,,
13247,70U,12,,,
13248,70U,12,,,
13249,70U,12,,,
13250,70U,12,,,
13251,70U,12,,,
13252,70U,12,,,
13253,70U,12,,,
13254,70U,12,,,
13255,70U,12,,,
13256,70U,12,,,
13257,70U,12,,,
13258,70U,12,,,
13259,70U,12,,,
13260,70U,12,,,
13261,70U,12,,,
13262,70U,12,,,
13263,70U,12,,,
13264,70U,12,,,
13265,70U,12,,,
13266,70U,12,,,
13267,70U,12,,,
13268,70U,12,,,
13269,70U,12,,,
13270,70U,12,,,
13271,70U,12,,,
13272,70U,12,,,
13273,70U,13,-8.4,153.6,97000.0
13274,70U,13,-8.1,153.4,98000.0
13275,70U,13,-8.1,153.4,97700.0
13276,70U,13,-7.9,153.5,98100.0
13277,70U,13,-7.9,154.0,98100.0
13278,70U,13,-8.1,154.4,98800.0
13279,70U,13,-8.4,154.70000000000002,98500.0
13280,70U,13,-8.6,154.70000000000002,99200.0
13281,70U,13,-8.6,154.8,99300.0
13282,70U,13,-8.700000000000001,154.70000000000002,100100.0
13283,70U,13,-8.6,154.4,100000.0
13284,70U,13,-8.4,154.1,100400.0
13285,70U,13,-8.1,153.70000000000002,100200.0
13286,70U,13,-7.6000000000000005,152.8,100500.0
13287,70U,13,-7.3,152.4,100300.0
13288,70U,13,,,
13289,70U,13,-6.2,151.9,100400.0
13290,70U,13,-3.3000000000000003,149.3,100800.0
13291,70U,13,,,
13292,70U,13,,,
13293,70U,13,,,
13294,70U,13,,,
13295,70U,13,,,
13296,70U,13,,,
13297,70U,13,,,
13298,70U,13,,,
13299,70U,13,,,
13300,70U,13,,,
13301,70U,13,,,
13302,70U,13,,,
13303,70U,13,,,
13304,70U,13,,,
13305,70U,13,,,
13306,70U,13,,,
13307,70U,13,,,
13308,70U,13,,,
13309,70U,13,,,
13310,70U,13,,,
13311,70U,13,,,
13312,70U,13,,,
13313,70U,14,-7.7,154.1,96900.0
13314,70U,14,-7.4,154.20000000000002,98600.0
13315,70U,14,-7.6000000000000005,154.4,99100.0
13316,70U,14,-7.2,154.4,99600.0
13317,70U,14,-7.3,154.5,99400.0
13318,70U,14,-7.0,155.3,100100.0
13319,70U,14,,,
13320,70U,14,,,
13321,70U,14,,,
13322,70U,14,,,
13323,70U,14,,,
13324,70U,14,,,
13325,70U,14,,,
13326,70U,14,,,
13327,70U,14,,,
13328,70U,14,,,
13329,70U,14,,,
13330,70U,14,,,
13331,70U,14,,,
13332,70U,14,,,
13333,70U,14,,,
13334,70U,14,,,
13335,70U,14,,,
13336,70U,14,,,
13337,70U,14,,,
13338,70U,14,,,
13339,70U,14,,,
13340,70U,14,,,
13341,70U,14,,,
13342,70U,14,,,
13343,70U,14,,,
13344,70U,14,,,
13345,70U,14,,,
13346,70U,14,,,
13347,70U,14,,,
13348,70U,14,,,
13349,70U,14,,,
13350,70U,14,,,
13351,70U,14,,,
13352,70U,14,,,
13353,70U,15,-9.200000000000001,152.4,99100.0
13354,70U,15,-8.700000000000001,152.4,99800.0
13355,70U,15,-7.8,153.3,99700.0
13356,70U,15,-7.4,154.20000000000002,100000.0
13357,70U,15,-7.3,155.1,99700.0
13358,70U,15,-7.5,155.3,100100.0
13359,70U,15,-8.2,156.0,99800.0
13360,70U,15,,,
13361,70U,15,-9.700000000000001,155.6,99800.0
13362,70U,15,-10.700000000000001,154.5,100300.0
13363,70U,15,-11.3,152.9,100100.0
13364,70U,15,-11.1,151.6,100400.0
13365,70U,15,-12.3,148.9,100200.0
13366,70U,15,-12.1,147.70000000000002,100300.0
13367,70U,15,-12.200000000000001,147.0,100000.0
13368,70U,15,-12.4,145.20000000000002,100300.0
13369,70U,15,-11.9,144.70000000000002,100000.0
13370,70U,15,-12.200000000000001,143.5,100500.0
13371,70U,15,-12.5,142.4,100400.0
13372,70U,15,-12.200000000000001,140.4,100600.0
13373,70U,15,-12.4,139.70000000000002,100300.0
13374,70U,15,-12.6,138.6,100700.0
13375,70U,15,-12.200000000000001,137.1,100400.0
13376,70U,15,-12.1,136.0,100700.0
13377,70U,15,-11.0,135.7,100400.0
13378,70U,15,-10.700000000000001,134.8,100600.0
13379,70U,15,-10.4,134.4,100500.0
13380,70U,15,-10.6,134.0,100700.0
13381,70U,15,,,
13382,70U,15,,,
13383,70U,15,,,
13384,70U,15,-10.9,135.4,100600.0
13385,70U,15,,,
13386,70U,15,,,
13387,70U,15,,,
13388,70U,15,,,
13389,70U,15,,,
13390,70U,15,,,
13391,70U,15,,,
13392,70U,15,,,
13393,70U,16,-8.0,154.1,97200.0
13394,70U,16,-7.9,154.20000000000002,98000.0
13395,70U,16,-7.8,154.5,98300.0
13396,70U,16,-7.9,154.5,98700.0
13397,70U,16,-8.0,154.8,98600.0
13398,70U,16,-8.2,155.3,98900.0
13399,70U,16,-9.3,155.6,99000.0
13400,70U,16,-10.200000000000001,155.20000000000002,99600.0
13401,70U,16,-10.6,154.5,99300.0
13402,70U,16,-10.5,153.4,99600.0
13403,70U,16,-10.0,152.6,99600.0
13404,70U,16,-10.3,152.6,99900.0
13405,70U,16,-10.700000000000001,152.5,99900.0
13406,70U,16,-11.200000000000001,151.8,100500.0
13407,70U,16,-12.4,150.8,100400.0
13408,70U,16,,,
13409,70U,16,,,
13410,70U,16,,,
13411,70U,16,,,
13412,70U,16,,,
13413,70U,16,,,
13414,70U,16,,,
13415,70U,16,,,
13416,70U,16,,,
13417,70U,16,,,
13418,70U,16,,,
13419,70U,16,,,
13420,70U,16,,,
13421,70U,16,,,
13422,70U,16,,,
13423,70U,16,,,
13424,70U,16,,,
13425,70U,16,,,
13426,70U,16,,,
13427,70U,16,,,
13428,70U,16,,,
13429,70U,16,,,
13430,70U,16,,,
13431,70U,16,,,
13432,70U,16,,,
13433,70U,17,,,
13434,70U,17,,,
13435,70U,17,-9.1,96.0,100900.0
13436,70U,17,,,
13437,70U,17,-8.8,95.60000000000001,100900.0
13438,70U,17,,,
13439,70U,17,,,
13440,70U,17,-8.4,95.5,100800.0
13441,70U,17,,,
13442,70U,17,,,
13443,70U,17,-8.4,97.0,100800.0
13444,70U,17,,,
13445,70U,17,,,
13446,70U,17,,,
13447,70U,17,-9.3,95.60000000000001,100800.0
13448,70U,17,,,
13449,70U,17,-8.4,95.2,100800.0
13450,70U,17,-8.2,93.60000000000001,100700.0
13451,70U,17,,,
13452,70U,17,,,
13453,70U,17,-9.1,92.3,100700.0
13454,70U,17,-9.5,92.7,100500.0
13455,70U,17,-8.5,91.4,100700.0
13456,70U,17,-8.6,91.8,100600.0
13457,70U,17,-10.8,92.10000000000001,100600.0
13458,70U,17,-10.3,91.60000000000001,100500.0
13459,70U,17,-10.0,91.8,100500.0
13460,70U,17,-9.9,91.7,100200.0
13461,70U,17,-10.3,91.8,100200.0
13462,70U,17,-10.6,91.4,100000.0
13463,70U,17,-10.8,91.4,100000.0
13464,70U,17,-11.0,91.3,99700.0
13465,70U,17,-11.200000000000001,91.10000000000001,99600.0
13466,70U,17,-11.700000000000001,91.0,99400.0
13467,70U,17,-12.200000000000001,90.9,99200.0
13468,70U,17,-12.8,90.60000000000001,98800.0
13469,70U,17,-13.1,90.2,98400.0
13470,70U,17,-13.5,90.2,95700.0
13471,70U,17,-13.8,89.9,95200.0
13472,70U,17,-14.0,89.5,95100.0
13473,70U,18,,,
13474,70U,18,,,
13475,70U,18,,,
13476,70U,18,-10.6,103.2,100900.0
13477,70U,18,-10.200000000000001,104.10000000000001,100800.0
13478,70U,18,-12.4,102.60000000000001,100900.0
13479,70U,18,-11.9,101.3,100900.0
13480,70U,18,-11.200000000000001,98.9,100800.0
13481,70U,18,-10.5,98.3,100600.0
13482,70U,18,-10.4,97.4,100600.0
13483,70U,18,-9.8,96.0,100700.0
13484,70U,18,-10.700000000000001,96.3,100600.0
13485,70U,18,,,
13486,70U,18,-10.5,94.9,100600.0
13487,70U,18,-11.700000000000001,94.3,100800.0
13488,70U,18,,,
13489,70U,18,-10.700000000000001,93.7,100700.0
13490,70U,18,-11.0,92.7,100700.0
13491,70U,18,-10.9,92.8,100700.0
13492,70U,18,-10.700000000000001,91.8,100500.0
13493,70U,18,-11.200000000000001,91.8,100600.0
13494,70U,18,-11.200000000000001,91.7,100500.0
13495,70U,18,-11.4,91.10000000000001,100500.0
13496,70U,18,-12.700000000000001,90.3,100400.0
13497,70U,18,-12.6,90.10000000000001,100500.0
13498,70U,18,-12.8,89.0,100400.0
13499,70U,18,-13.1,87.9,100600.0
13500,70U,18,-13.1,87.10000000000001,100400.0
13501,70U,18,-12.700000000000001,88.10000000000001,100500.0
13502,70U,18,-12.5,86.60000000000001,100400.0
13503,70U,18,-13.1,86.4,100600.0
13504,70U,18,-13.1,86.0,100400.0
13505,70U,18,-12.4,86.4,100500.0
13506,70U,18,-12.200000000000001,84.5,100400.0
13507,70U,18,-12.5,85.4,100500.0
13508,70U,18,,,
13509,70U,18,,,
13510,70U,18,,,
13511,70U,18,,,
13512,70U,18,,,
13513,70U,19,-9.8,104.2,100900.0
13514,70U,19,,,
13515,70U,19,-10.200000000000001,105.10000000000001,101000.0
13516,70U,19,,,
13517,70U,19,,,
13518,70U,19,,,
13519,70U,19,,,
13520,70U,19,,,
13521,70U,19,,,
13522,70U,19,,,
13523,70U,19,,,
13524,70U,19,,,
13525,70U,19,,,
13526,70U,19,,,
13527,70U,19,,,
13528,70U,19,,,
13529,70U,19,,,
13530,70U,19,,,
13531,70U,19,,,
13532,70U,19,,,
13533,70U,19,,,
13534,70U,19,,,
13535,70U,19,,,
13536,70U,19,,,
13537,70U,19,,,
13538,70U,19,,,
13539,70U,19,,,
13540,70U,19,,,
13541,70U,19,,,
13542,70U,19,,,
13543,70U,19,,,
13544,70U,19,,,
13545,70U,19,,,
13546,70U,19,,,
13547,70U,19,,,
13548,70U,19,,,
13549,70U,19,,,
13550,70U,19,,,
13551,70U,19,,,
13552,70U,19,,,
13553,70U,20,-8.3,153.9,97900.0
13554,70U,20,-8.1,153.70000000000002,99100.0
13555,70U,20,-8.0,153.70000000000002,99400.0
13556,70U,20,-8.1,153.70000000000002,99700.0
13557,70U,20,-8.4,153.5,99500.0
13558,70U,20,-8.4,153.5,99900.0
13559,70U,20,-8.1,153.5,99600.0
13560,70U,20,-8.2,153.5,100000.0
13561,70U,20,-7.9,153.5,100000.0
13562,70U,20,-7.9,154.1,100400.0
13563,70U,20,,,
13564,70U,20,,,
13565,70U,20,,,
13566,70U,20,,,
13567,70U,20,,,
13568,70U,20,,,
13569,70U,20,,,
13570,70U,20,,,
13571,70U,20,,,
13572,70U,20,,,
13573,70U,20,,,
13574,70U,20,,,
13575,70U,20,,,
13576,70U,20,,,
13577,70U,20,,,
13578,70U,20,,,
13579,70U,20,,,
13580,70U,20,,,
13581,70U,20,,,
13582,70U,20,,,
13583,70U,20,,,
13584,70U,20,,,
13585,70U,20,,,
13586,70U,20,,,
13587,70U,20,,,
13588,70U,20,,,
13589,70U,20,,,
13590,70U,20,,,
13591,70U,20,,,
13592,70U,20,,,
13593,70U,21,-9.1,102.3,100900.0
13594,70U,21,,,
13595,70U,21,-10.6,99.9,101000.0
13596,70U,21,,,
13597,70U,21,,,
13598,70U,21,-9.4,99.2,100900.0
13599,70U,21,,,
13600,70U,21,,,
13601,70U,21,,,
13602,70U,21,,,
13603,70U,21,,,
13604,70U,21,,,
13605,70U,21,,,
13606,70U,21,,,
13607,70U,21,,,
13608,70U,21,,,
13609,70U,21,,,
13610,70U,21,,,
13611,70U,21,,,
13612,70U,21,,,
13613,70U,21,,,
13614,70U,21,,,
13615,70U,21,,,
13616,70U,21,,,
13617,70U,21,,,
13618,70U,21,,,
13619,70U,21,,,
13620,70U,21,,,
13621,70U,21,,,
13622,70U,21,,,
13623,70U,21,,,
13624,70U,21,,,
13625,70U,21,,,
13626,70U,21,,,
13627,70U,21,,,
13628,70U,21,,,
13629,70U,21,,,
13630,70U,21,,,
13631,70U,21,,,
13632,70U,21,,,
13633,70U,22,-7.4,155.70000000000002,99500.0
13634,70U,22,-6.9,156.20000000000002,100000.0
13635,70U,22,-7.5,157.20000000000002,99800.0
13636,70U,22,-8.6,156.6,100000.0
13637,70U,22,-9.1,155.70000000000002,99600.0
13638,70U,22,-9.5,154.70000000000002,100000.0
13639,70U,22,-10.1,153.20000000000002,99600.0
13640,70U,22,-9.8,154.9,100100.0
13641,70U,22,-10.8,155.20000000000002,99700.0
13642,70U,22,-12.1,154.1,99900.0
13643,70U,22,-12.6,153.1,99800.0
13644,70U,22,-13.1,150.8,99800.0
13645,70U,22,-13.6,150.9,99500.0
13646,70U,22,-14.8,150.1,99700.0
13647,70U,22,-14.3,148.4,99100.0
13648,70U,22,-14.700000000000001,148.1,99200.0
13649,70U,22,-15.700000000000001,147.5,98800.0
13650,70U,22,-16.5,146.8,98800.0
13651,70U,22,-17.5,146.20000000000002,98400.0
13652,70U,22,-18.1,145.4,99500.0
13653,70U,22,-19.0,144.8,99800.0
13654,70U,22,-19.5,144.4,100500.0
13655,70U,22,-20.400000000000002,144.3,100600.0
13656,70U,22,-20.7,143.70000000000002,100800.0
13657,70U,22,,,
13658,70U,22,,,
13659,70U,22,,,
13660,70U,22,,,
13661,70U,22,,,
13662,70U,22,,,
13663,70U,22,,,
13664,70U,22,,,
13665,70U,22,,,
13666,70U,22,,,
13667,70U,22,,,
13668,70U,22,,,
13669,70U,22,,,
13670,70U,22,,,
13671,70U,22,,,
13672,70U,22,,,
13673,70U,23,-8.4,151.5,98200.0
13674,70U,23,-7.9,151.70000000000002,98900.0
13675,70U,23,-7.5,152.0,99000.0
13676,70U,23,-7.2,152.4,99500.0
13677,70U,23,-6.3,153.20000000000002,99500.0
13678,70U,23,-6.2,154.1,99700.0
13679,70U,23,-5.8,154.6,99700.0
13680,70U,23,-4.8,155.1,100400.0
13681,70U,23,,,
13682,70U,23,-4.3,157.20000000000002,100400.0
13683,70U,23,-5.0,157.5,100100.0
13684,70U,23,-6.2,157.20000000000002,100500.0
13685,70U,23,-6.9,154.9,99900.0
13686,70U,23,-6.9,154.20000000000002,100200.0
13687,70U,23,-7.2,152.6,99700.0
13688,70U,23,-7.2,151.70000000000002,99900.0
13689,70U,23,-7.8,151.1,99800.0
13690,70U,23,-8.6,150.20000000000002,99800.0
13691,70U,23,,,
13692,70U,23,,,
13693,70U,23,,,
13694,70U,23,,,
13695,70U,23,,,
13696,70U,23,,,
13697,70U,23,,,
13698,70U,23,,,
13699,70U,23,,,
13700,70U,23,,,
13701,70U,23,,,
13702,70U,23,,,
13703,70U,23,,,
13704,70U,23,,,
13705,70U,23,,,
13706,70U,23,,,
13707,70U,23,,,
13708,70U,23,,,
13709,70U,23,,,
13710,70U,23,,,
13711,70U,23,,,
13712,70U,23,,,
13713,70U,24,-6.8,156.1,99000.0
13714,70U,24,-7.0,156.5,99300.0
13715,70U,24,-7.6000000000000005,156.0,99000.0
13716,70U,24,-8.4,155.9,99200.0
13717,70U,24,-7.6000000000000005,154.4,99000.0
13718,70U,24,-8.4,153.4,99400.0
13719,70U,24,-9.0,154.6,99400.0
13720,70U,24,-9.9,154.20000000000002,99800.0
13721,70U,24,-10.8,153.0,99400.0
13722,70U,24,-11.0,152.1,99900.0
13723,70U,24,-10.8,151.20000000000002,99500.0
13724,70U,24,-11.9,151.5,100100.0
13725,70U,24,-13.6,151.1,99700.0
13726,70U,24,-14.1,149.3,100100.0
13727,70U,24,-14.200000000000001,147.9,99800.0
13728,70U,24,-13.3,146.6,100000.0
13729,70U,24,-14.200000000000001,146.1,99700.0
13730,70U,24,-14.1,144.9,100100.0
13731,70U,24,-15.200000000000001,143.9,100000.0
13732,70U,24,-16.2,142.5,100400.0
13733,70U,24,-16.9,141.5,100100.0
13734,70U,24,-17.900000000000002,140.9,100500.0
13735,70U,24,-18.400000000000002,140.1,100300.0
13736,70U,24,-18.5,139.70000000000002,100800.0
13737,70U,24,-18.8,139.3,100600.0
13738,70U,24,-18.2,138.5,101000.0
13739,70U,24,-19.400000000000002,137.20000000000002,101000.0
13740,70U,24,,,
13741,70U,24,,,
13742,70U,24,,,
13743,70U,24,,,
13744,70U,24,,,
13745,70U,24,,,
13746,70U,24,,,
13747,70U,24,,,
13748,70U,24,,,
13749,70U,24,,,
13750,70U,24,,,
13751,70U,24,,,
13752,70U,24,,,
13753,70U,25,-9.1,103.9,100800.0
13754,70U,25,,,
13755,70U,25,,,
13756,70U,25,,,
13757,70U,25,-11.3,104.2,100900.0
13758,70U,25,,,
13759,70U,25,,,
13760,70U,25,,,
13761,70U,25,,,
13762,70U,25,,,
13763,70U,25,,,
13764,70U,25,,,
13765,70U,25,,,
13766,70U,25,,,
13767,70U,25,,,
13768,70U,25,,,
13769,70U,25,,,
13770,70U,25,,,
13771,70U,25,,,
13772,70U,25,,,
13773,70U,25,,,
13774,70U,25,,,
13775,70U,25,,,
13776,70U,25,,,
13777,70U,25,,,
13778,70U,25,,,
13779,70U,25,,,
13780,70U,25,,,
13781,70U,25,,,
13782,70U,25,,,
13783,70U,25,,,
13784,70U,25,,,
13785,70U,25,,,
13786,70U,25,,,
13787,70U,25,,,
13788,70U,25,,,
13789,70U,25,,,
13790,70U,25,,,
13791,70U,25,,,
13792,70U,25,,,
13793,70U,26,,,
13794,70U,26,,,
13795,70U,26,-11.1,107.0,101000.0
13796,70U,26,,,
13797,70U,26,-14.0,104.5,100700.0
13798,70U,26,,,
13799,70U,26,-12.9,101.60000000000001,100800.0
13800,70U,26,-12.8,100.8,100800.0
13801,70U,26,-12.4,100.2,100600.0
13802,70U,26,-11.9,99.4,100700.0
13803,70U,26,-11.700000000000001,99.2,100800.0
13804,70U,26,-11.4,99.0,100900.0
13805,70U,26,,,
13806,70U,26,,,
13807,70U,26,-11.0,97.5,100900.0
13808,70U,26,-10.3,96.60000000000001,100900.0
13809,70U,26,-10.700000000000001,96.0,100900.0
13810,70U,26,,,
13811,70U,26,,,
13812,70U,26,,,
13813,70U,26,,,
13814,70U,26,,,
13815,70U,26,,,
13816,70U,26,,,
13817,70U,26,,,
13818,70U,26,,,
13819,70U,26,,,
13820,70U,26,,,
13821,70U,26,,,
13822,70U,26,,,
13823,70U,26,,,
13824,70U,26,,,
13825,70U,26,,,
13826,70U,26,,,
13827,70U,26,,,
13828,70U,26,,,
13829,70U,26,,,
13830,70U,26,,,
13831,70U,26,,,
13832,70U,26,,,
13833,70U,27,-8.3,153.6,99200.0
13834,70U,27,-8.4,153.4,99900.0
13835,70U,27,-8.3,153.70000000000002,99900.0
13836,70U,27,-7.8,153.70000000000002,100200.0
13837,70U,27,-7.8,154.1,99900.0
13838,70U,27,-7.9,154.1,100200.0
13839,70U,27,-7.9,154.1,100100.0
13840,70U,27,-7.6000000000000005,153.9,100200.0
13841,70U,27,,,
13842,70U,27,-7.1000000000000005,153.70000000000002,100400.0
13843,70U,27,-6.7,153.4,100300.0
13844,70U,27,-6.4,152.70000000000002,100700.0
13845,70U,27,-5.0,152.0,100400.0
13846,70U,27,-2.0,151.20000000000002,100900.0
13847,70U,27,-0.9,149.9,100500.0
13848,70U,27,-3.6,149.3,100900.0
13849,70U,27,,,
13850,70U,27,,,
13851,70U,27,,,
13852,70U,27,,,
13853,70U,27,,,
13854,70U,27,,,
13855,70U,27,,,
13856,70U,27,,,
13857,70U,27,,,
13858,70U,27,,,
13859,70U,27,,,
13860,70U,27,,,
13861,70U,27,,,
13862,70U,27,,,
13863,70U,27,,,
13864,70U,27,,,
13865,70U,27,,,
13866,70U,27,,,
13867,70U,27,,,
13868,70U,27,,,
13869,70U,27,,,
13870,70U,27,,,
13871,70U,27,,,
13872,70U,27,,,
13873,70U,28,,,
13874,70U,28,,,
13875,70U,28,,,
13876,70U,28,-5.0,152.0,100300.0
13877,70U,28,-7.2,152.70000000000002,98200.0
13878,70U,28,-7.4,152.9,98400.0
13879,70U,28,-7.9,153.0,97500.0
13880,70U,28,-8.4,152.6,98700.0
13881,70U,28,-8.8,152.0,98800.0
13882,70U,28,-9.1,151.8,99800.0
13883,70U,28,-9.700000000000001,152.0,100000.0
13884,70U,28,,,
13885,70U,28,,,
13886,70U,28,,,
13887,70U,28,,,
13888,70U,28,,,
13889,70U,28,,,
13890,70U,28,,,
13891,70U,28,,,
13892,70U,28,,,
13893,70U,28,,,
13894,70U,28,,,
13895,70U,28,,,
13896,70U,28,,,
13897,70U,28,,,
13898,70U,28,,,
13899,70U,28,,,
13900,70U,28,,,
13901,70U,28,,,
13902,70U,28,,,
13903,70U,28,,,
13904,70U,28,,,
13905,70U,28,,,
13906,70U,28,,,
13907,70U,28,,,
13908,70U,28,,,
13909,70U,28,,,
13910,70U,28,,,
13911,70U,28,,,
13912,70U,28,,,
13913,70U,29,-11.9,102.9,101000.0
13914,70U,29,,,
13915,70U,29,-9.700000000000001,100.7,101100.0
13916,70U,29,,,
13917,70U,29,-10.9,101.60000000000001,100900.0
13918,70U,29,-10.8,99.4,100800.0
13919,70U,29,-9.8,98.9,100900.0
13920,70U,29,-9.3,99.0,100700.0
13921,70U,29,,,
13922,70U,29,-9.200000000000001,99.0,100700.0
13923,70U,29,,,
13924,70U,29,-9.8,99.4,100700.0
13925,70U,29,-10.3,100.10000000000001,100700.0
13926,70U,29,-10.8,99.2,100600.0
13927,70U,29,-11.3,98.3,100600.0
13928,70U,29,-11.200000000000001,97.5,100400.0
13929,70U,29,-11.0,96.8,99900.0
13930,70U,29,-10.700000000000001,96.3,99800.0
13931,70U,29,-10.700000000000001,95.9,99700.0
13932,70U,29,-11.0,95.4,99600.0
13933,70U,29,-11.6,94.60000000000001,99700.0
13934,70U,29,-12.0,93.7,99800.0
13935,70U,29,-12.4,92.8,100100.0
13936,70U,29,-12.4,92.5,100000.0
13937,70U,29,-12.8,92.60000000000001,99900.0
13938,70U,29,-13.3,92.8,99800.0
13939,70U,29,-14.3,93.4,99600.0
13940,70U,29,-14.9,94.9,99500.0
13941,70U,29,-15.200000000000001,95.60000000000001,99400.0
13942,70U,29,-16.6,96.3,99300.0
13943,70U,29,-17.1,95.4,99900.0
13944,70U,29,-17.6,95.3,100000.0
13945,70U,29,-17.8,94.5,100000.0
13946,70U,29,-18.2,94.8,100000.0
13947,70U,29,-18.7,94.5,100100.0
13948,70U,29,-19.1,94.4,100100.0
13949,70U,29,-19.3,93.60000000000001,100100.0
13950,70U,29,-19.5,93.8,100200.0
13951,70U,29,,,
13952,70U,29,,,
13953,70U,30,-11.1,102.10000000000001,100900.0
13954,70U,30,,,
13955,70U,30,-11.0,102.5,100900.0
13956,70U,30,-10.8,102.10000000000001,100800.0
13957,70U,30,-11.200000000000001,101.8,100700.0
13958,70U,30,-11.4,100.8,100700.0
13959,70U,30,-11.3,101.3,100800.0
13960,70U,30,-11.0,100.9,100700.0
13961,70U,30,-11.8,99.8,100600.0
13962,70U,30,-11.4,99.2,100600.0
13963,70U,30,-10.1,100.10000000000001,100600.0
13964,70U,30,-9.8,99.10000000000001,100700.0
13965,70U,30,-9.6,99.7,100600.0
13966,70U,30,-10.8,98.9,100600.0
13967,70U,30,-11.1,99.4,100600.0
13968,70U,30,-10.700000000000001,97.5,100700.0
13969,70U,30,-11.200000000000001,96.9,100500.0
13970,70U,30,-11.700000000000001,96.60000000000001,100500.0
13971,70U,30,-11.1,95.8,100500.0
13972,70U,30,-10.5,95.4,100400.0
13973,70U,30,-11.200000000000001,94.60000000000001,100400.0
13974,70U,30,-10.3,95.0,100400.0
13975,70U,30,-10.700000000000001,93.9,100400.0
13976,70U,30,-10.700000000000001,93.2,100300.0
13977,70U,30,-11.1,93.10000000000001,100300.0
13978,70U,30,-11.3,92.5,100200.0
13979,70U,30,-11.700000000000001,92.3,100300.0
13980,70U,30,-12.0,92.4,100100.0
13981,70U,30,-12.6,90.8,99800.0
13982,70U,30,-12.3,90.3,99600.0
13983,70U,30,-12.1,90.3,99400.0
13984,70U,30,-11.700000000000001,89.8,99000.0
13985,70U,30,-11.700000000000001,90.0,98400.0
13986,70U,30,-11.9,90.0,98100.0
13987,70U,30,-11.9,89.9,98600.0
13988,70U,30,-12.4,90.4,97900.0
13989,70U,30,-12.8,90.4,98300.0
13990,70U,30,-13.5,90.4,98700.0
13991,70U,30,-13.8,90.7,99200.0
13992,70U,30,-14.6,90.9,98600.0
13993,70U,31,,,
13994,70U,31,,,
13995,70U,31,-11.5,99.60000000000001,101000.0
13996,70U,31,,,
13997,70U,31,-10.700000000000001,96.60000000000001,101000.0
13998,70U,31,,,
13999,70U,31,-8.8,94.5,100900.0
14000,70U,31,,,
14001,70U,31,-10.5,94.7,100700.0
14002,70U,31,-9.8,92.8,100700.0
14003,70U,31,,,
14004,70U,31,-8.6,90.7,100700.0
14005,70U,31,-7.9,89.8,100800.0
14006,70U,31,-6.9,89.2,100600.0
14007,70U,31,-7.0,89.10000000000001,100800.0
14008,70U,31,-6.0,88.5,100600.0
14009,70U,31,,,
14010,70U,31,-5.2,86.60000000000001,100600.0
14011,70U,31,,,
14012,70U,31,,,
14013,70U,31,,,
14014,70U,31,,,
14015,70U,31,,,
14016,70U,31,,,
14017,70U,31,,,
14018,70U,31,,,
14019,70U,31,,,
14020,70U,31,,,
14021,70U,31,,,
14022,70U,31,,,
14023,70U,31,,,
14024,70U,31,,,
14025,70U,31,,,
14026,70U,31,,,
14027,70U,31,,,
14028,70U,31,,,
14029,70U,31,,,
14030,70U,31,,,
14031,70U,31,,,
14032,70U,31,,,
14033,70U,32,,,
14034,70U,32,-10.700000000000001,103.5,101000.0
14035,70U,32,,,
14036,70U,32,-11.6,102.0,101000.0
14037,70U,32,-11.200000000000001,103.2,101000.0
14038,70U,32,,,
14039,70U,32,-11.4,101.4,101000.0
14040,70U,32,,,
14041,70U,32,,,
14042,70U,32,,,
14043,70U,32,-8.6,100.4,100800.0
14044,70U,32,,,
14045,70U,32,,,
14046,70U,32,,,
14047,70U,32,-9.1,99.4,100900.0
14048,70U,32,,,
14049,70U,32,-8.6,98.8,100800.0
14050,70U,32,,,
14051,70U,32,-8.8,99.4,100800.0
14052,70U,32,-8.3,97.2,100700.0
14053,70U,32,-8.1,97.60000000000001,100700.0
14054,70U,32,,,
14055,70U,32,,,
14056,70U,32,-11.3,96.5,100700.0
14057,70U,32,-12.3,94.60000000000001,100700.0
14058,70U,32,,,
14059,70U,32,,,
14060,70U,32,,,
14061,70U,32,,,
14062,70U,32,,,
14063,70U,32,,,
14064,70U,32,,,
14065,70U,32,,,
14066,70U,32,,,
14067,70U,32,,,
14068,70U,32,,,
14069,70U,32,,,
14070,70U,32,,,
14071,70U,32,,,
14072,70U,32,,,
14073,70U,33,-12.4,103.5,101000.0
14074,70U,33,,,
14075,70U,33,,,
14076,70U,33,,,
14077,70U,33,,,
14078,70U,33,,,
14079,70U,33,,,
14080,70U,33,,,
14081,70U,33,,,
14082,70U,33,,,
14083,70U,33,,,
14084,70U,33,,,
14085,70U,33,,,
14086,70U,33,,,
14087,70U,33,,,
14088,70U,33,,,
14089,70U,33,,,
14090,70U,33,,,
14091,70U,33,,,
14092,70U,33,,,
14093,70U,33,,,
14094,70U,33,,,
14095,70U,33,,,
14096,70U,33,,,
14097,70U,33,,,
14098,70U,33,,,
14099,70U,33,,,
14100,70U,33,,,
14101,70U,33,,,
14102,70U,33,,,
14103,70U,33,,,
14104,70U,33,,,
14105,70U,33,,,
14106,70U,33,,,
14107,70U,33,,,
14108,70U,33,,,
14109,70U,33,,,
14110,70U,33,,,
14111,70U,33,,,
14112,70U,33,,,
14113,70U,34,-7.9,153.9,94900.0
14114,70U,34,-7.8,153.9,95900.0
14115,70U,34,-8.1,153.9,96300.0
14116,70U,34,-8.4,153.70000000000002,97300.0
14117,70U,34,-8.6,153.4,97400.0
14118,70U,34,-8.6,153.0,98100.0
14119,70U,34,-8.9,153.0,98500.0
14120,70U,34,-9.0,153.5,99600.0
14121,70U,34,-9.8,153.8,99600.0
14122,70U,34,,,
14123,70U,34,-11.6,150.5,100000.0
14124,70U,34,-11.9,149.4,100000.0
14125,70U,34,-12.1,146.1,100300.0
14126,70U,34,,,
14127,70U,34,,,
14128,70U,34,,,
14129,70U,34,,,
14130,70U,34,,,
14131,70U,34,,,
14132,70U,34,,,
14133,70U,34,,,
14134,70U,34,,,
14135,70U,34,,,
14136,70U,34,,,
14137,70U,34,,,
14138,70U,34,,,
14139,70U,34,,,
14140,70U,34,,,
14141,70U,34,,,
14142,70U,34,,,
14143,70U,34,,,
14144,70U,34,,,
14145,70U,34,,,
14146,70U,34,,,
14147,70U,34,,,
14148,70U,34,,,
14149,70U,34,,,
14150,70U,34,,,
14151,70U,34,,,
14152,70U,34,,,
14153,70U,35,,,
14154,70U,35,-10.5,87.3,100900.0
14155,70U,35,,,
14156,70U,35,,,
14157,70U,35,,,
14158,70U,35,,,
14159,70U,35,,,
14160,70U,35,,,
14161,70U,35,,,
14162,70U,35,,,
14163,70U,35,,,
14164,70U,35,,,
14165,70U,35,,,
14166,70U,35,,,
14167,70U,35,,,
14168,70U,35,,,
14169,70U,35,,,
14170,70U,35,,,
14171,70U,35,,,
14172,70U,35,,,
14173,70U,35,,,
14174,70U,35,,,
14175,70U,35,,,
14176,70U,35,,,
14177,70U,35,,,
14178,70U,35,,,
14179,70U,35,,,
14180,70U,35,,,
14181,70U,35,,,
14182,70U,35,,,
14183,70U,35,,,
14184,70U,35,,,
14185,70U,35,,,
14186,70U,35,,,
14187,70U,35,,,
14188,70U,35,,,
14189,70U,35,,,
14190,70U,35,,,
14191,70U,35,,,
14192,70U,35,,,
14193,70U,36,-8.6,154.0,97600.0
14194,70U,36,-8.5,153.8,98400.0
14195,70U,36,-8.5,153.8,98200.0
14196,70U,36,-9.0,153.6,98600.0
14197,70U,36,-9.1,153.20000000000002,98400.0
14198,70U,36,-9.5,153.0,98800.0
14199,70U,36,-10.0,152.20000000000002,97700.0
14200,70U,36,-10.6,151.5,97900.0
14201,70U,36,-11.3,151.1,98200.0
14202,70U,36,-12.1,150.3,98400.0
14203,70U,36,-12.8,149.20000000000002,98600.0
14204,70U,36,-13.1,147.9,98700.0
14205,70U,36,-13.3,146.8,98400.0
14206,70U,36,-13.3,145.70000000000002,98700.0
14207,70U,36,-13.3,144.6,99300.0
14208,70U,36,-13.3,143.20000000000002,100200.0
14209,70U,36,-13.3,141.6,100200.0
14210,70U,36,-12.8,139.8,100200.0
14211,70U,36,-12.8,138.3,99800.0
14212,70U,36,-12.8,136.6,100100.0
14213,70U,36,-12.700000000000001,135.1,99900.0
14214,70U,36,-12.700000000000001,133.3,100600.0
14215,70U,36,-12.700000000000001,131.9,100500.0
14216,70U,36,-12.4,130.3,100700.0
14217,70U,36,-12.1,128.9,100400.0
14218,70U,36,-11.8,127.60000000000001,100700.0
14219,70U,36,-11.8,126.60000000000001,100500.0
14220,70U,36,,,
14221,70U,36,,,
14222,70U,36,,,
14223,70U,36,-10.0,123.4,100600.0
14224,70U,36,,,
14225,70U,36,-9.3,123.3,100500.0
14226,70U,36,-8.8,123.7,100700.0
14227,70U,36,-8.6,123.2,100600.0
14228,70U,36,,,
14229,70U,36,,,
14230,70U,36,,,
14231,70U,36,,,
14232,70U,36,,,
14233,70U,37,-9.0,107.8,100900.0
14234,70U,37,,,
14235,70U,37,-11.1,107.2,100900.0
14236,70U,37,-10.700000000000001,104.3,101000.0
14237,70U,37,-10.0,99.7,100900.0
14238,70U,37,-9.700000000000001,98.8,100900.0
14239,70U,37,-10.5,98.3,100900.0
14240,70U,37,,,
14241,70U,37,,,
14242,70U,37,-8.0,98.8,100700.0
14243,70U,37,-7.9,98.60000000000001,100800.0
14244,70U,37,-9.700000000000001,98.3,100900.0
14245,70U,37,-8.700000000000001,99.4,100800.0
14246,70U,37,,,
14247,70U,37,-8.700000000000001,99.2,100800.0
14248,70U,37,-9.0,98.4,100800.0
14249,70U,37,-8.6,99.4,100800.0
14250,70U,37,,,
14251,70U,37,-9.9,100.10000000000001,100800.0
14252,70U,37,-10.200000000000001,98.7,100700.0
14253,70U,37,,,
14254,70U,37,,,
14255,70U,37,-12.8,98.0,100700.0
14256,70U,37,-12.9,96.5,100800.0
14257,70U,37,-14.3,97.5,100700.0
14258,70U,37,,,
14259,70U,37,,,
14260,70U,37,,,
14261,70U,37,,,
14262,70U,37,,,
14263,70U,37,,,
14264,70U,37,,,
14265,70U,37,,,
14266,70U,37,,,
14267,70U,37,,,
14268,70U,37,,,
14269,70U,37,,,
14270,70U,37,,,
14271,70U,37,,,
14272,70U,37,,,
14273,70U,38,-14.0,89.5,101100.0
14274,70U,38,,,
14275,70U,38,,,
14276,70U,38,,,
14277,70U,38,,,
14278,70U,38,,,
14279,70U,38,,,
14280,70U,38,,,
14281,70U,38,,,
14282,70U,38,,,
14283,70U,38,,,
14284,70U,38,,,
14285,70U,38,,,
14286,70U,38,,,
14287,70U,38,,,
14288,70U,38,,,
14289,70U,38,,,
14290,70U,38,,,
14291,70U,38,,,
14292,70U,38,,,
14293,70U,38,,,
14294,70U,38,,,
14295,70U,38,,,
14296,70U,38,,,
14297,70U,38,,,
14298,70U,38,,,
14299,70U,38,,,
14300,70U,38,,,
14301,70U,38,,,
14302,70U,38,,,
14303,70U,38,,,
14304,70U,38,,,
14305,70U,38,,,
14306,70U,38,,,
14307,70U,38,,,
14308,70U,38,,,
14309,70U,38,,,
14310,70U,38,,,
14311,70U,38,,,
14312,70U,38,,,
14313,70U,39,-8.2,154.8,97100.0
14314,70U,39,-8.1,154.4,98500.0
14315,70U,39,-8.1,154.1,98600.0
14316,70U,39,-8.3,154.1,99100.0
14317,70U,39,-9.200000000000001,153.70000000000002,99100.0
14318,70U,39,-9.6,153.4,99700.0
14319,70U,39,-9.5,153.1,99300.0
14320,70U,39,-10.3,152.9,99900.0
14321,70U,39,-10.8,152.4,99600.0
14322,70U,39,-10.700000000000001,152.3,100000.0
14323,70U,39,-11.0,152.4,99900.0
14324,70U,39,-11.0,152.20000000000002,100300.0
14325,70U,39,-10.700000000000001,152.5,99900.0
14326,70U,39,-11.0,152.70000000000002,100300.0
14327,70U,39,-11.200000000000001,153.0,100200.0
14328,70U,39,-11.4,153.20000000000002,100500.0
14329,70U,39,-11.700000000000001,153.9,100300.0
14330,70U,39,,,
14331,70U,39,,,
14332,70U,39,-12.4,153.9,100800.0
14333,70U,39,,,
14334,70U,39,,,
14335,70U,39,,,
14336,70U,39,,,
14337,70U,39,,,
14338,70U,39,,,
14339,70U,39,,,
14340,70U,39,,,
14341,70U,39,,,
14342,70U,39,,,
14343,70U,39,,,
14344,70U,39,,,
14345,70U,39,,,
14346,70U,39,,,
14347,70U,39,,,
14348,70U,39,,,
14349,70U,39,,,
14350,70U,39,,,
14351,70U,39,,,
14352,70U,39,,,
14353,70U,40,-9.3,153.9,97900.0
14354,70U,40,-9.3,153.3,99000.0
14355,70U,40,-8.6,153.1,98700.0
14356,70U,40,-8.5,153.3,99400.0
14357,70U,40,-8.700000000000001,153.3,99300.0
14358,70U,40,-8.6,153.4,99800.0
14359,70U,40,-8.5,153.1,99800.0
14360,70U,40,-8.8,152.70000000000002,100200.0
14361,70U,40,-8.9,152.1,100000.0
14362,70U,40,-8.5,151.6,100500.0
14363,70U,40,-7.8,151.1,100300.0
14364,70U,40,-6.8,150.5,100700.0
14365,70U,40,-6.2,147.70000000000002,100500.0
14366,70U,40,,,
14367,70U,40,,,
14368,70U,40,-4.6000000000000005,147.5,100900.0
14369,70U,40,-3.6,146.4,100600.0
14370,70U,40,-4.6000000000000005,145.5,100900.0
14371,70U,40,,,
14372,70U,40,,,
14373,70U,40,,,
14374,70U,40,,,
14375,70U,40,,,
14376,70U,40,,,
14377,70U,40,,,
14378,70U,40,,,
14379,70U,40,,,
14380,70U,40,,,
14381,70U,40,,,
14382,70U,40,,,
14383,70U,40,,,
14384,70U,40,,,
14385,70U,40,,,
14386,70U,40,,,
14387,70U,40,,,
14388,70U,40,,,
14389,70U,40,,,
14390,70U,40,,,
14391,70U,40,,,
14392,70U,40,,,
14393,70U,41,-7.9,153.4,98100.0
14394,70U,41,-7.3,153.70000000000002,98400.0
14395,70U,41,-6.9,154.1,98700.0
14396,70U,41,-6.6000000000000005,154.6,98700.0
14397,70U,41,-5.7,155.4,99300.0
14398,70U,41,-6.1000000000000005,156.0,99700.0
14399,70U,41,-6.0,156.0,99400.0
14400,70U,41,-6.2,156.3,99900.0
14401,70U,41,-7.0,156.5,99500.0
14402,70U,41,-8.0,155.8,99600.0
14403,70U,41,-8.2,154.4,99200.0
14404,70U,41,-7.8,153.0,99800.0
14405,70U,41,-7.3,152.20000000000002,99500.0
14406,70U,41,-6.9,151.5,99500.0
14407,70U,41,-7.4,151.5,99700.0
14408,70U,41,-8.1,150.8,100100.0
14409,70U,41,-8.700000000000001,150.0,99600.0
14410,70U,41,,,
14411,70U,41,,,
14412,70U,41,-10.1,148.6,100800.0
14413,70U,41,,,
14414,70U,41,,,
14415,70U,41,,,
14416,70U,41,,,
14417,70U,41,,,
14418,70U,41,,,
14419,70U,41,,,
14420,70U,41,,,
14421,70U,41,,,
14422,70U,41,,,
14423,70U,41,,,
14424,70U,41,,,
14425,70U,41,,,
14426,70U,41,,,
14427,70U,41,,,
14428,70U,41,,,
14429,70U,41,,,
14430,70U,41,,,
14431,70U,41,,,
14432,70U,41,,,
14433,70U,42,-8.4,151.8,98500.0
14434,70U,42,-8.1,151.6,99100.0
14435,70U,42,-8.0,151.70000000000002,99400.0
14436,70U,42,-7.9,151.70000000000002,99800.0
14437,70U,42,-7.4,152.0,99600.0
14438,70U,42,-6.9,152.5,100000.0
14439,70U,42,,,
14440,70U,42,-6.7,153.1,100200.0
14441,70U,42,-6.2,153.5,99800.0
14442,70U,42,-6.2,153.70000000000002,100100.0
14443,70U,42,-6.2,153.4,99800.0
14444,70U,42,-5.8,153.6,100200.0
14445,70U,42,-5.7,153.5,99800.0
14446,70U,42,-5.7,153.70000000000002,100100.0
14447,70U,42,-5.9,153.3,99900.0
14448,70U,42,-5.9,153.0,100100.0
14449,70U,42,-6.5,152.5,99700.0
14450,70U,42,-7.4,152.3,99800.0
14451,70U,42,-8.700000000000001,151.8,99500.0
14452,70U,42,,,
14453,70U,42,,,
14454,70U,42,,,
14455,70U,42,,,
14456,70U,42,,,
14457,70U,42,,,
14458,70U,42,,,
14459,70U,42,,,
14460,70U,42,,,
14461,70U,42,,,
14462,70U,42,,,
14463,70U,42,,,
14464,70U,42,,,
14465,70U,42,,,
14466,70U,42,,,
14467,70U,42,,,
14468,70U,42,,,
14469,70U,42,,,
14470,70U,42,,,
14471,70U,42,,,
14472,70U,42,,,
14473,70U,43,-7.9,154.1,94600.0
14474,70U,43,-7.7,154.1,95900.0
14475,70U,43,-7.5,154.3,95600.0
14476,70U,43,-7.6000000000000005,154.6,96800.0
14477,70U,43,-7.9,154.70000000000002,97400.0
14478,70U,43,-8.1,154.70000000000002,98100.0
14479,70U,43,-8.3,154.6,98000.0
14480,70U,43,-8.5,154.4,98500.0
14481,70U,43,-8.700000000000001,154.1,98300.0
14482,70U,43,-8.6,153.5,98600.0
14483,70U,43,-8.6,153.3,99000.0
14484,70U,43,-8.8,153.0,99500.0
14485,70U,43,-9.3,152.4,99800.0
14486,70U,43,,,
14487,70U,43,,,
14488,70U,43,,,
14489,70U,43,,,
14490,70U,43,,,
14491,70U,43,,,
14492,70U,43,,,
14493,70U,43,,,
14494,70U,43,,,
14495,70U,43,,,
14496,70U,43,,,
14497,70U,43,,,
14498,70U,43,,,
14499,70U,43,,,
14500,70U,43,,,
14501,70U,43,,,
14502,70U,43,,,
14503,70U,43,,,
14504,70U,43,,,
14505,70U,43,,,
14506,70U,43,,,
14507,70U,43,,,
14508,70U,43,,,
14509,70U,43,,,
14510,70U,43,,,
14511,70U,43,,,
14512,70U,43,,,
14513,70U,44,-10.8,104.7,100900.0
14514,70U,44,-11.200000000000001,104.4,100900.0
14515,70U,44,,,
14516,70U,44,-11.6,102.8,100900.0
14517,70U,44,-11.9,102.3,100900.0
14518,70U,44,-12.700000000000001,100.7,100900.0
14519,70U,44,,,
14520,70U,44,-11.4,98.9,100800.0
14521,70U,44,-10.8,99.4,100800.0
14522,70U,44,-10.6,98.3,100800.0
14523,70U,44,-10.9,99.3,100900.0
14524,70U,44,,,
14525,70U,44,-11.0,97.3,100900.0
14526,70U,44,,,
14527,70U,44,,,
14528,70U,44,-10.5,96.60000000000001,101000.0
14529,70U,44,-11.700000000000001,97.9,100800.0
14530,70U,44,,,
14531,70U,44,,,
14532,70U,44,,,
14533,70U,44,,,
14534,70U,44,,,
14535,70U,44,,,
14536,70U,44,,,
14537,70U,44,,,
14538,70U,44,,,
14539,70U,44,,,
14540,70U,44,,,
14541,70U,44,,,
14542,70U,44,,,
14543,70U,44,,,
14544,70U,44,,,
14545,70U,44,,,
14546,70U,44,,,
14547,70U,44,,,
14548,70U,44,,,
14549,70U,44,,,
14550,70U,44,,,
14551,70U,44,,,
14552,70U,44,,,
14553,70U,45,-10.8,99.7,100900.0
14554,70U,45,,,
14555,70U,45,,,
14556,70U,45,,,
14557,70U,45,,,
14558,70U,45,,,
14559,70U,45,,,
14560,70U,45,,,
14561,70U,45,,,
14562,70U,45,,,
14563,70U,45,,,
14564,70U,45,,,
14565,70U,45,,,
14566,70U,45,,,
14567,70U,45,,,
14568,70U,45,,,
14569,70U,45,,,
14570,70U,45,,,
14571,70U,45,,,
14572,70U,45,,,
14573,70U,45,,,
14574,70U,45,,,
14575,70U,45,,,
14576,70U,45,,,
14577,70U,45,,,
14578,70U,45,,,
14579,70U,45,,,
14580,70U,45,,,
14581,70U,45,,,
14582,70U,45,,,
14583,70U,45,,,
14584,70U,45,,,
14585,70U,45,,,
14586,70U,45,,,
14587,70U,45,,,
14588,70U,45,,,
14589,70U,45,,,
14590,70U,45,,,
14591,70U,45,,,
14592,70U,45,,,
14593,70U,46,,,
14594,70U,46,-9.9,103.5,100900.0
14595,70U,46,-10.0,104.10000000000001,100900.0
14596,70U,46,-11.1,104.4,100900.0
14597,70U,46,-12.3,103.7,100800.0
14598,70U,46,,,
14599,70U,46,-12.5,101.5,100800.0
14600,70U,46,-11.4,100.8,100700.0
14601,70U,46,-11.9,99.5,100600.0
14602,70U,46,-11.4,99.10000000000001,100600.0
14603,70U,46,-11.5,99.0,100600.0
14604,70U,46,-11.700000000000001,99.5,100700.0
14605,70U,46,-12.4,99.0,100600.0
14606,70U,46,-12.200000000000001,98.0,100600.0
14607,70U,46,-12.6,98.10000000000001,100700.0
14608,70U,46,-12.6,97.9,100600.0
14609,70U,46,-12.200000000000001,97.3,100500.0
14610,70U,46,-12.4,96.9,100500.0
14611,70U,46,-12.6,96.3,100400.0
14612,70U,46,-12.3,95.4,100300.0
14613,70U,46,-12.5,95.10000000000001,100300.0
14614,70U,46,-12.6,94.7,100200.0
14615,70U,46,-12.8,94.3,100100.0
14616,70U,46,-12.700000000000001,93.7,99900.0
14617,70U,46,-12.6,93.5,99700.0
14618,70U,46,-12.5,93.0,99700.0
14619,70U,46,-12.5,92.60000000000001,99900.0
14620,70U,46,-12.6,92.10000000000001,99800.0
14621,70U,46,-12.9,91.7,99800.0
14622,70U,46,-13.200000000000001,91.10000000000001,99800.0
14623,70U,46,-13.3,90.60000000000001,100000.0
14624,70U,46,-13.6,90.2,100000.0
14625,70U,46,-13.700000000000001,89.7,100100.0
14626,70U,46,-13.8,89.60000000000001,99900.0
14627,70U,46,-14.1,88.9,100000.0
14628,70U,46,-14.0,88.5,99900.0
14629,70U,46,-14.3,87.8,99900.0
14630,70U,46,-14.5,87.2,99900.0
14631,70U,46,-14.9,86.3,100200.0
14632,70U,46,-15.3,85.3,100200.0
14633,70U,47,-7.7,156.20000000000002,99200.0
14634,70U,47,-7.9,156.1,99300.0
14635,70U,47,-8.4,155.9,99100.0
14636,70U,47,-8.8,155.1,99300.0
14637,70U,47,-9.8,154.8,99100.0
14638,70U,47,-9.9,154.3,99400.0
14639,70U,47,-10.5,153.20000000000002,99200.0
14640,70U,47,-10.700000000000001,153.3,99300.0
14641,70U,47,-11.4,152.70000000000002,99200.0
14642,70U,47,-11.9,152.0,99700.0
14643,70U,47,-12.4,151.5,99500.0
14644,70U,47,-13.200000000000001,150.70000000000002,99900.0
14645,70U,47,-13.5,149.3,99800.0
14646,70U,47,-13.3,148.0,100000.0
14647,70U,47,-12.8,146.3,99500.0
14648,70U,47,-13.0,145.20000000000002,99700.0
14649,70U,47,-13.0,144.20000000000002,99100.0
14650,70U,47,-13.6,143.1,99500.0
14651,70U,47,-14.0,141.70000000000002,99500.0
14652,70U,47,-14.5,140.5,99900.0
14653,70U,47,-15.0,139.70000000000002,99300.0
14654,70U,47,-15.200000000000001,139.20000000000002,99400.0
14655,70U,47,-15.9,138.5,99000.0
14656,70U,47,-16.4,137.8,99700.0
14657,70U,47,-16.8,137.3,100200.0
14658,70U,47,-16.9,137.0,100700.0
14659,70U,47,,,
14660,70U,47,,,
14661,70U,47,,,
14662,70U,47,,,
14663,70U,47,,,
14664,70U,47,,,
14665,70U,47,,,
14666,70U,47,,,
14667,70U,47,,,
14668,70U,47,,,
14669,70U,47,,,
14670,70U,47,,,
14671,70U,47,,,
14672,70U,47,,,
14673,70U,48,-11.0,100.9,100900.0
14674,70U,48,,,
14675,70U,48,-10.4,99.9,101000.0
14676,70U,48,-10.0,99.7,100900.0
14677,70U,48,,,
14678,70U,48,-9.8,100.5,100900.0
14679,70U,48,-9.5,99.0,100900.0
14680,70U,48,-9.8,98.8,100900.0
14681,70U,48,,,
14682,70U,48,-9.1,98.7,100800.0
14683,70U,48,,,
14684,70U,48,-9.1,98.8,100800.0
14685,70U,48,,,
14686,70U,48,-8.4,96.7,100800.0
14687,70U,48,-10.5,96.60000000000001,100900.0
14688,70U,48,-9.4,96.60000000000001,100900.0
14689,70U,48,,,
14690,70U,48,,,
14691,70U,48,-9.4,96.3,100900.0
14692,70U,48,-8.9,95.9,100700.0
14693,70U,48,-9.6,96.10000000000001,100700.0
14694,70U,48,-9.4,95.7,100700.0
14695,70U,48,-10.1,95.9,100800.0
14696,70U,48,-10.5,93.4,100700.0
14697,70U,48,-11.700000000000001,94.2,100800.0
14698,70U,48,,,
14699,70U,48,-13.3,92.60000000000001,100800.0
14700,70U,48,,,
14701,70U,48,,,
14702,70U,48,,,
14703,70U,48,,,
14704,70U,48,,,
14705,70U,48,,,
14706,70U,48,,,
14707,70U,48,,,
14708,70U,48,,,
14709,70U,48,,,
14710,70U,48,,,
14711,70U,48,,,
14712,70U,48,,,
14713,70U,49,-9.0,154.20000000000002,98200.0
14714,70U,49,-8.700000000000001,153.70000000000002,99400.0
14715,70U,49,-8.6,153.4,99500.0
14716,70U,49,-8.9,153.20000000000002,100000.0
14717,70U,49,-8.9,153.4,99700.0
14718,70U,49,-8.9,153.9,100300.0
14719,70U,49,-9.3,154.20000000000002,100100.0
14720,70U,49,-8.8,154.1,100500.0
14721,70U,49,-9.0,155.1,100100.0
14722,70U,49,-9.0,154.1,100500.0
14723,70U,49,,,
14724,70U,49,-9.3,154.6,100600.0
14725,70U,49,,,
14726,70U,49,-8.9,154.4,100700.0
14727,70U,49,,,
14728,70U,49,,,
14729,70U,49,,,
14730,70U,49,,,
14731,70U,49,,,
14732,70U,49,,,
14733,70U,49,,,
14734,70U,49,,,
14735,70U,49,,,
14736,70U,49,,,
14737,70U,49,,,
14738,70U,49,,,
14739,70U,49,,,
14740,70U,49,,,
14741,70U,49,,,
14742,70U,49,,,
14743,70U,49,,,
14744,70U,49,,,
14745,70U,49,,,
14746,70U,49,,,
14747,70U,49,,,
14748,70U,49,,,
14749,70U,49,,,
14750,70U,49,,,
14751,70U,49,,,
14752,70U,49,,,
14753,70U,50,,,
14754,70U,50,,,
14755,70U,50,-9.8,100.4,101000.0
14756,70U,50,,,
14757,70U,50,,,
14758,70U,50,-8.6,97.0,100900.0
14759,70U,50,-8.700000000000001,96.3,101000.0
14760,70U,50,,,
14761,70U,50,-8.5,94.0,100800.0
14762,70U,50,-9.8,93.5,100800.0
14763,70U,50,-8.6,94.0,100900.0
14764,70U,50,,,
14765,70U,50,-9.0,93.7,100800.0
14766,70U,50,-8.6,93.2,100800.0
14767,70U,50,-8.3,93.4,100800.0
14768,70U,50,-8.8,93.2,100700.0
14769,70U,50,-8.6,93.2,100600.0
14770,70U,50,-9.1,92.9,100500.0
14771,70U,50,-9.3,92.8,100400.0
14772,70U,50,-9.9,92.60000000000001,100100.0
14773,70U,50,-10.8,92.3,100000.0
14774,70U,50,-11.6,91.5,99800.0
14775,70U,50,-12.0,90.8,99500.0
14776,70U,50,-12.4,90.0,99000.0
14777,70U,50,-12.8,89.5,98500.0
14778,70U,50,-13.3,89.3,98300.0
14779,70U,50,-13.4,89.10000000000001,98400.0
14780,70U,50,-13.200000000000001,89.3,98200.0
14781,70U,50,-13.1,89.4,98100.0
14782,70U,50,-13.1,89.7,98000.0
14783,70U,50,-13.0,90.0,98200.0
14784,70U,50,-13.200000000000001,90.10000000000001,98300.0
14785,70U,50,-13.1,90.2,98100.0
14786,70U,50,-13.1,90.2,98100.0
14787,70U,50,-13.1,90.10000000000001,98400.0
14788,70U,50,-13.3,90.2,98300.0
14789,70U,50,-13.6,90.2,98500.0
14790,70U,50,-13.6,89.7,98700.0
14791,70U,50,-13.8,89.8,99200.0
14792,70U,50,-14.0,89.7,99300.0
14793,70U,51,-8.3,154.1,97700.0
14794,70U,51,-8.1,154.1,98200.0
14795,70U,51,-7.8,154.0,98600.0
14796,70U,51,-7.9,154.0,98900.0
14797,70U,51,-7.9,154.1,98800.0
14798,70U,51,-8.3,154.0,99000.0
14799,70U,51,-8.6,153.6,98100.0
14800,70U,51,-8.6,153.3,99100.0
14801,70U,51,-8.8,153.0,98900.0
14802,70U,51,-8.9,152.70000000000002,99500.0
14803,70U,51,-9.200000000000001,152.20000000000002,99400.0
14804,70U,51,-9.5,151.9,100100.0
14805,70U,51,,,
14806,70U,51,,,
14807,70U,51,,,
14808,70U,51,,,
14809,70U,51,,,
14810,70U,51,,,
14811,70U,51,,,
14812,70U,51,,,
14813,70U,51,,,
14814,70U,51,,,
14815,70U,51,,,
14816,70U,51,,,
14817,70U,51,,,
14818,70U,51,,,
14819,70U,51,,,
14820,70U,51,,,
14821,70U,51,,,
14822,70U,51,,,
14823,70U,51,,,
14824,70U,51,,,
14825,70U,51,,,
14826,70U,51,,,
14827,70U,51,,,
14828,70U,51,,,
14829,70U,51,,,
14830,70U,51,,,
14831,70U,51,,,
14832,70U,51,,,
14833,70U,52,-8.3,154.1,97700.0
14834,70U,52,-8.1,154.1,98200.0
14835,70U,52,-7.8,154.0,98600.0
14836,70U,52,-7.9,154.0,98900.0
14837,70U,52,-7.9,154.1,98800.0
14838,70U,52,-8.3,154.0,99000.0
14839,70U,52,-8.6,153.6,98100.0
14840,70U,52,-8.6,153.3,99100.0
14841,70U,52,-8.8,153.0,98900.0
14842,70U,52,-8.9,152.70000000000002,99500.0
14843,70U,52,-9.200000000000001,152.20000000000002,99400.0
14844,70U,52,-9.5,151.9,100100.0
14845,70U,52,,,
14846,70U,52,,,
14847,70U,52,,,
14848,70U,52,,,
14849,70U,52,,,
14850,70U,52,,,
14851,70U,52,,,
14852,70U,52,,,
14853,70U,52,,,
14854,70U,52,,,
14855,70U,52,,,
14856,70U,52,,,
14857,70U,52,,,
14858,70U,52,,,
14859,70U,52,,,
14860,70U,52,,,
14861,70U,52,,,
14862,70U,52,,,
14863,70U,52,,,
14864,70U,52,,,
14865,70U,52,,,
14866,70U,52,,,
14867,70U,52,,,
14868,70U,52,,,
14869,70U,52,,,
14870,70U,52,,,
14871,70U,52,,,
14872,70U,52,,,
14873,71U,1,-8.3,153.6,97700.0
14874,71U,1,-8.1,153.6,98800.0
14875,71U,1,-7.9,153.70000000000002,99000.0
14876,71U,1,-7.6000000000000005,153.4,99400.0
14877,71U,1,-7.6000000000000005,153.6,98900.0
14878,71U,1,-7.6000000000000005,153.4,99000.0
14879,71U,1,-7.5,153.3,98800.0
14880,71U,1,-7.6000000000000005,153.3,99100.0
14881,71U,1,-7.6000000000000005,153.1,98500.0
14882,71U,1,-7.2,152.8,99200.0
14883,71U,1,-6.9,152.3,98700.0
14884,71U,1,-6.6000000000000005,151.9,99000.0
14885,71U,1,-6.2,151.3,99200.0
14886,71U,1,-5.4,150.70000000000002,100400.0
14887,71U,1,-5.0,150.70000000000002,100100.0
14888,71U,1,-5.9,151.8,100400.0
14889,71U,1,-6.5,150.8,100100.0
14890,71U,1,-9.1,150.3,100400.0
14891,71U,1,-11.4,149.4,100100.0
14892,71U,1,-11.9,146.9,100200.0
14893,71U,1,-11.700000000000001,145.6,99900.0
14894,71U,1,-11.4,144.20000000000002,100300.0
14895,71U,1,,,
14896,71U,1,-9.8,140.5,100300.0
14897,71U,1,-10.700000000000001,140.6,100000.0
14898,71U,1,-11.0,139.0,100200.0
14899,71U,1,-11.4,137.0,100000.0
14900,71U,1,-11.1,137.1,100200.0
14901,71U,1,-12.5,137.3,100000.0
14902,71U,1,-12.4,136.9,100200.0
14903,71U,1,-11.200000000000001,135.9,100000.0
14904,71U,1,-11.8,135.6,100300.0
14905,71U,1,-13.1,135.9,100000.0
14906,71U,1,-14.200000000000001,134.5,100400.0
14907,71U,1,-12.9,132.4,100300.0
14908,71U,1,-14.3,131.6,100600.0
14909,71U,1,-15.200000000000001,130.7,100300.0
14910,71U,1,-14.5,129.5,100700.0
14911,71U,1,-14.5,128.8,100600.0
14912,71U,1,-15.5,127.8,101000.0
14913,71U,2,,,
14914,71U,2,-9.1,99.0,100900.0
14915,71U,2,,,
14916,71U,2,,,
14917,71U,2,,,
14918,71U,2,-10.700000000000001,96.9,100800.0
14919,71U,2,-10.700000000000001,96.5,100800.0
14920,71U,2,-10.5,95.8,100600.0
14921,71U,2,-10.5,96.10000000000001,100600.0
14922,71U,2,-8.8,95.9,100500.0
14923,71U,2,-8.6,96.2,100500.0
14924,71U,2,-9.1,96.8,100400.0
14925,71U,2,-9.8,96.4,100300.0
14926,71U,2,-10.0,95.8,100100.0
14927,71U,2,-9.700000000000001,95.60000000000001,99900.0
14928,71U,2,-10.1,94.9,99700.0
14929,71U,2,-10.3,94.7,99600.0
14930,71U,2,-10.4,93.8,99500.0
14931,71U,2,-10.700000000000001,93.60000000000001,99400.0
14932,71U,2,-10.9,92.7,99300.0
14933,71U,2,-11.1,92.10000000000001,99200.0
14934,71U,2,-11.0,91.4,99100.0
14935,71U,2,-11.3,90.9,99000.0
14936,71U,2,-11.6,90.4,98600.0
14937,71U,2,-12.1,90.5,98500.0
14938,71U,2,-12.700000000000001,90.4,98300.0
14939,71U,2,-12.9,90.4,98400.0
14940,71U,2,-13.3,91.10000000000001,98400.0
14941,71U,2,-13.700000000000001,91.60000000000001,98500.0
14942,71U,2,-13.8,92.60000000000001,98500.0
14943,71U,2,-14.3,93.5,98600.0
14944,71U,2,-14.3,94.10000000000001,98500.0
14945,71U,2,-15.0,94.9,98600.0
14946,71U,2,-15.5,95.9,98700.0
14947,71U,2,-15.5,96.10000000000001,98800.0
14948,71U,2,-16.2,97.0,98900.0
14949,71U,2,-16.7,97.10000000000001,99000.0
14950,71U,2,-17.3,97.5,98800.0
14951,71U,2,-17.7,97.3,99300.0
14952,71U,2,-18.400000000000002,96.9,99500.0
14953,71U,3,-9.700000000000001,151.4,99800.0
14954,71U,3,-8.8,151.8,100300.0
14955,71U,3,-7.7,152.0,100100.0
14956,71U,3,,,
14957,71U,3,-5.5,153.70000000000002,99800.0
14958,71U,3,-4.1,155.0,100200.0
14959,71U,3,-3.4,156.70000000000002,99900.0
14960,71U,3,-3.4,158.5,100300.0
14961,71U,3,-5.3,159.4,100000.0
14962,71U,3,-5.7,158.6,100300.0
14963,71U,3,-6.6000000000000005,158.9,99900.0
14964,71U,3,-7.8,158.0,100200.0
14965,71U,3,-9.3,157.1,100100.0
14966,71U,3,-10.3,154.9,100400.0
14967,71U,3,-10.700000000000001,152.4,100000.0
14968,71U,3,-11.200000000000001,151.5,100100.0
14969,71U,3,-11.9,150.20000000000002,99900.0
14970,71U,3,-12.4,148.5,100100.0
14971,71U,3,-12.700000000000001,146.5,99700.0
14972,71U,3,-12.6,144.4,100100.0
14973,71U,3,-12.4,143.4,99800.0
14974,71U,3,-12.6,142.5,100300.0
14975,71U,3,-13.1,141.5,100000.0
14976,71U,3,-13.5,140.3,100200.0
14977,71U,3,-13.6,139.6,99900.0
14978,71U,3,-13.8,139.20000000000002,100200.0
14979,71U,3,-14.3,139.1,99900.0
14980,71U,3,-15.5,139.0,100200.0
14981,71U,3,-16.2,138.6,99900.0
14982,71U,3,-16.1,138.70000000000002,100300.0
14983,71U,3,,,
14984,71U,3,-15.200000000000001,139.5,100400.0
14985,71U,3,,,
14986,71U,3,-15.200000000000001,140.6,100600.0
14987,71U,3,-14.8,140.4,100500.0
14988,71U,3,-14.3,139.9,100800.0
14989,71U,3,-14.5,139.5,100600.0
14990,71U,3,-14.5,138.3,100900.0
14991,71U,3,,,
14992,71U,3,,,
14993,71U,4,-8.4,154.70000000000002,96000.0
14994,71U,4,-8.1,154.3,97400.0
14995,71U,4,-7.9,154.0,97400.0
14996,71U,4,-7.8,153.70000000000002,98100.0
14997,71U,4,-7.7,153.5,98200.0
14998,71U,4,-7.4,153.4,98900.0
14999,71U,4,-6.8,154.1,99400.0
15000,71U,4,-7.6000000000000005,154.9,99800.0
15001,71U,4,-8.0,155.6,99600.0
15002,71U,4,,,
15003,71U,4,-11.200000000000001,153.5,99600.0
15004,71U,4,-11.700000000000001,153.4,99900.0
15005,71U,4,-12.5,153.0,99600.0
15006,71U,4,-13.0,150.0,99900.0
15007,71U,4,-13.6,150.20000000000002,99500.0
15008,71U,4,-14.3,149.20000000000002,99800.0
15009,71U,4,-14.700000000000001,148.5,99600.0
15010,71U,4,-15.0,147.5,100000.0
15011,71U,4,-15.9,146.4,99800.0
15012,71U,4,-16.4,145.5,100200.0
15013,71U,4,-17.8,143.70000000000002,100100.0
15014,71U,4,-18.5,143.20000000000002,100600.0
15015,71U,4,-21.0,144.0,100400.0
15016,71U,4,-21.400000000000002,142.5,100800.0
15017,71U,4,-22.1,142.8,100600.0
15018,71U,4,-22.1,142.3,101000.0
15019,71U,4,,,
15020,71U,4,,,
15021,71U,4,,,
15022,71U,4,,,
15023,71U,4,,,
15024,71U,4,,,
15025,71U,4,,,
15026,71U,4,,,
15027,71U,4,,,
15028,71U,4,,,
15029,71U,4,,,
15030,71U,4,,,
15031,71U,4,,,
15032,71U,4,,,
15033,71U,5,-8.2,154.20000000000002,95500.0
15034,71U,5,-8.1,154.20000000000002,96700.0
15035,71U,5,-8.3,154.3,96800.0
15036,71U,5,-8.6,154.1,97300.0
15037,71U,5,-9.1,153.9,97300.0
15038,71U,5,-9.5,153.6,97800.0
15039,71U,5,-9.8,153.0,97600.0
15040,71U,5,-10.0,152.5,97100.0
15041,71U,5,-10.1,152.3,97000.0
15042,71U,5,-10.3,152.0,97900.0
15043,71U,5,-10.9,151.1,98200.0
15044,71U,5,-11.700000000000001,150.3,99600.0
15045,71U,5,-12.1,149.4,99700.0
15046,71U,5,-12.1,148.3,100200.0
15047,71U,5,-11.9,147.3,99600.0
15048,71U,5,-12.0,145.9,100100.0
15049,71U,5,-11.700000000000001,144.70000000000002,99900.0
15050,71U,5,-11.3,143.6,100100.0
15051,71U,5,-11.200000000000001,142.9,99800.0
15052,71U,5,-11.200000000000001,142.1,100400.0
15053,71U,5,-11.700000000000001,141.3,100100.0
15054,71U,5,-12.0,140.20000000000002,100500.0
15055,71U,5,-12.3,138.9,100200.0
15056,71U,5,-12.5,137.6,100500.0
15057,71U,5,-12.6,137.0,100200.0
15058,71U,5,-12.6,136.3,100600.0
15059,71U,5,-13.3,136.1,100400.0
15060,71U,5,-12.8,135.3,100700.0
15061,71U,5,-13.0,134.7,100400.0
15062,71U,5,-11.9,134.7,100800.0
15063,71U,5,-13.8,134.5,100600.0
15064,71U,5,-13.8,134.5,100900.0
15065,71U,5,,,
15066,71U,5,,,
15067,71U,5,,,
15068,71U,5,,,
15069,71U,5,,,
15070,71U,5,,,
15071,71U,5,,,
15072,71U,5,,,
15073,71U,6,-8.8,154.3,97700.0
15074,71U,6,-8.2,153.70000000000002,98500.0
15075,71U,6,-7.7,153.8,98300.0
15076,71U,6,-7.4,154.1,98800.0
15077,71U,6,-7.3,154.5,98700.0
15078,71U,6,-7.2,154.70000000000002,99300.0
15079,71U,6,-7.4,155.1,98900.0
15080,71U,6,-7.1000000000000005,155.1,99200.0
15081,71U,6,-6.7,155.5,99100.0
15082,71U,6,-6.2,155.70000000000002,99600.0
15083,71U,6,-6.2,156.5,99100.0
15084,71U,6,-8.0,157.8,99800.0
15085,71U,6,-8.9,155.8,99700.0
15086,71U,6,,,
15087,71U,6,-10.700000000000001,154.6,99700.0
15088,71U,6,-12.8,153.0,99900.0
15089,71U,6,-12.8,152.0,99700.0
15090,71U,6,-14.0,150.0,99900.0
15091,71U,6,-13.6,148.5,99500.0
15092,71U,6,-14.3,148.20000000000002,99900.0
15093,71U,6,-14.5,146.8,99600.0
15094,71U,6,-15.8,146.6,100000.0
15095,71U,6,-17.900000000000002,145.8,100000.0
15096,71U,6,-18.8,144.4,100500.0
15097,71U,6,-20.6,144.0,100400.0
15098,71U,6,-21.400000000000002,144.0,100700.0
15099,71U,6,-22.3,144.3,100600.0
15100,71U,6,-22.8,144.70000000000002,100900.0
15101,71U,6,-22.3,145.8,100600.0
15102,71U,6,,,
15103,71U,6,,,
15104,71U,6,,,
15105,71U,6,,,
15106,71U,6,,,
15107,71U,6,,,
15108,71U,6,,,
15109,71U,6,,,
15110,71U,6,,,
15111,71U,6,,,
15112,71U,6,,,
15113,71U,7,,,
15114,71U,7,,,
15115,71U,7,,,
15116,71U,7,,,
15117,71U,7,,,
15118,71U,7,,,
15119,71U,7,,,
15120,71U,7,,,
15121,71U,7,,,
15122,71U,7,,,
15123,71U,7,,,
15124,71U,7,,,
15125,71U,7,,,
15126,71U,7,-11.200000000000001,148.0,100800.0
15127,71U,7,-11.5,148.0,100400.0
15128,71U,7,,,
15129,71U,7,,,
15130,71U,7,-12.1,147.6,100600.0
15131,71U,7,-12.8,147.3,100300.0
15132,71U,7,-13.8,146.5,100600.0
15133,71U,7,-12.4,144.9,100300.0
15134,71U,7,,,
15135,71U,7,,,
15136,71U,7,,,
15137,71U,7,,,
15138,71U,7,,,
15139,71U,7,,,
15140,71U,7,,,
15141,71U,7,,,
15142,71U,7,,,
15143,71U,7,,,
15144,71U,7,,,
15145,71U,7,,,
15146,71U,7,,,
15147,71U,7,,,
15148,71U,7,,,
15149,71U,7,,,
15150,71U,7,,,
15151,71U,7,,,
15152,71U,7,,,
15153,71U,8,-7.5,154.4,94600.0
15154,71U,8,-7.3,154.3,96100.0
15155,71U,8,-7.2,154.4,96600.0
15156,71U,8,-7.4,154.4,96700.0
15157,71U,8,-7.6000000000000005,154.0,96400.0
15158,71U,8,-7.6000000000000005,153.5,97000.0
15159,71U,8,-7.6000000000000005,153.20000000000002,96700.0
15160,71U,8,-7.5,152.9,97900.0
15161,71U,8,-7.6000000000000005,152.5,98400.0
15162,71U,8,-7.2,152.20000000000002,99400.0
15163,71U,8,-6.5,151.6,99100.0
15164,71U,8,-5.5,151.5,100300.0
15165,71U,8,-4.8,150.8,100100.0
15166,71U,8,-4.1,151.1,100300.0
15167,71U,8,-3.6,152.0,100100.0
15168,71U,8,-4.4,153.1,100500.0
15169,71U,8,-5.4,153.4,100200.0
15170,71U,8,-7.4,153.3,100600.0
15171,71U,8,,,
15172,71U,8,,,
15173,71U,8,,,
15174,71U,8,,,
15175,71U,8,,,
15176,71U,8,,,
15177,71U,8,,,
15178,71U,8,,,
15179,71U,8,,,
15180,71U,8,,,
15181,71U,8,,,
15182,71U,8,,,
15183,71U,8,,,
15184,71U,8,,,
15185,71U,8,,,
15186,71U,8,,,
15187,71U,8,,,
15188,71U,8,,,
15189,71U,8,,,
15190,71U,8,,,
15191,71U,8,,,
15192,71U,8,,,
15193,71U,9,,,
15194,71U,9,,,
15195,71U,9,,,
15196,71U,9,,,
15197,71U,9,-4.6000000000000005,147.20000000000002,100100.0
15198,71U,9,,,
15199,71U,9,,,
15200,71U,9,,,
15201,71U,9,-4.3,151.3,100400.0
15202,71U,9,,,
15203,71U,9,,,
15204,71U,9,,,
15205,71U,9,-4.2,154.6,100400.0
15206,71U,9,-4.6000000000000005,152.5,100700.0
15207,71U,9,,,
15208,71U,9,-3.5,148.5,100700.0
15209,71U,9,-2.9,146.5,100400.0
15210,71U,9,-2.7,147.70000000000002,100700.0
15211,71U,9,-2.5,147.5,100500.0
15212,71U,9,-2.8000000000000003,146.8,100800.0
15213,71U,9,-2.7,146.3,100300.0
15214,71U,9,-2.6,146.3,100700.0
15215,71U,9,-4.3,147.0,100500.0
15216,71U,9,,,
15217,71U,9,-4.8,146.20000000000002,100600.0
15218,71U,9,-4.1,145.6,101000.0
15219,71U,9,,,
15220,71U,9,,,
15221,71U,9,,,
15222,71U,9,,,
15223,71U,9,,,
15224,71U,9,,,
15225,71U,9,,,
15226,71U,9,,,
15227,71U,9,,,
15228,71U,9,,,
15229,71U,9,,,
15230,71U,9,,,
15231,71U,9,,,
15232,71U,9,,,
15233,71U,10,,,
15234,71U,10,,,
15235,71U,10,,,
15236,71U,10,,,
15237,71U,10,,,
15238,71U,10,,,
15239,71U,10,,,
15240,71U,10,,,
15241,71U,10,-4.8,146.1,100000.0
15242,71U,10,,,
15243,71U,10,-2.7,150.20000000000002,100200.0
15244,71U,10,-3.9,152.9,100600.0
15245,71U,10,-5.0,155.4,100300.0
15246,71U,10,,,
15247,71U,10,,,
15248,71U,10,,,
15249,71U,10,-5.1000000000000005,155.3,100100.0
15250,71U,10,-6.7,154.8,100300.0
15251,71U,10,-7.6000000000000005,154.20000000000002,99800.0
15252,71U,10,-8.6,153.70000000000002,100200.0
15253,71U,10,-9.1,154.0,100000.0
15254,71U,10,,,
15255,71U,10,-12.4,152.0,100300.0
15256,71U,10,-13.9,148.0,100600.0
15257,71U,10,-15.200000000000001,146.4,100300.0
15258,71U,10,-15.4,143.5,100700.0
15259,71U,10,,,
15260,71U,10,,,
15261,71U,10,,,
15262,71U,10,,,
15263,71U,10,,,
15264,71U,10,,,
15265,71U,10,,,
15266,71U,10,,,
15267,71U,10,,,
15268,71U,10,,,
15269,71U,10,,,
15270,71U,10,,,
15271,71U,10,,,
15272,71U,10,,,
15273,71U,11,-10.5,97.60000000000001,101000.0
15274,71U,11,-11.5,100.0,101000.0
15275,71U,11,-10.5,99.4,101000.0
15276,71U,11,-8.8,99.4,101000.0
15277,71U,11,,,
15278,71U,11,-9.700000000000001,101.3,101000.0
15279,71U,11,-11.4,102.3,101000.0
15280,71U,11,-10.9,101.0,101000.0
15281,71U,11,-10.700000000000001,100.7,100800.0
15282,71U,11,-10.3,99.5,100900.0
15283,71U,11,,,
15284,71U,11,-10.1,99.60000000000001,101000.0
15285,71U,11,,,
15286,71U,11,,,
15287,71U,11,,,
15288,71U,11,-10.5,98.3,101000.0
15289,71U,11,,,
15290,71U,11,,,
15291,71U,11,,,
15292,71U,11,-8.6,95.4,100800.0
15293,71U,11,,,
15294,71U,11,,,
15295,71U,11,,,
15296,71U,11,,,
15297,71U,11,,,
15298,71U,11,,,
15299,71U,11,,,
15300,71U,11,,,
15301,71U,11,,,
15302,71U,11,,,
15303,71U,11,,,
15304,71U,11,,,
15305,71U,11,,,
15306,71U,11,,,
15307,71U,11,,,
15308,71U,11,,,
15309,71U,11,,,
15310,71U,11,,,
15311,71U,11,,,
15312,71U,11,,,
15313,71U,12,-8.1,153.8,95900.0
15314,71U,12,-7.9,153.5,96800.0
15315,71U,12,-8.0,153.6,96600.0
15316,71U,12,-8.3,153.20000000000002,97300.0
15317,71U,12,-8.4,153.20000000000002,97300.0
15318,71U,12,-9.1,152.9,97900.0
15319,71U,12,-9.5,152.3,98600.0
15320,71U,12,-10.0,151.9,99100.0
15321,71U,12,-11.0,151.70000000000002,99700.0
15322,71U,12,-11.6,150.3,100100.0
15323,71U,12,-12.3,148.6,100100.0
15324,71U,12,-12.4,147.3,100200.0
15325,71U,12,-12.4,146.1,99900.0
15326,71U,12,-12.200000000000001,144.70000000000002,100200.0
15327,71U,12,-12.3,143.6,99900.0
15328,71U,12,-12.4,142.1,100400.0
15329,71U,12,-12.6,140.8,100100.0
15330,71U,12,-12.3,139.20000000000002,100300.0
15331,71U,12,-12.6,138.3,99900.0
15332,71U,12,-12.700000000000001,137.1,100200.0
15333,71U,12,-12.8,136.5,100000.0
15334,71U,12,-12.6,136.2,100300.0
15335,71U,12,-13.1,135.1,100200.0
15336,71U,12,-12.6,135.0,100500.0
15337,71U,12,-13.3,134.7,100300.0
15338,71U,12,-13.8,134.5,100600.0
15339,71U,12,,,
15340,71U,12,-14.6,132.1,100800.0
15341,71U,12,-12.700000000000001,131.2,100400.0
15342,71U,12,,,
15343,71U,12,-14.700000000000001,131.9,100600.0
15344,71U,12,-15.200000000000001,130.7,100900.0
15345,71U,12,-14.0,130.4,100400.0
15346,71U,12,,,
15347,71U,12,,,
15348,71U,12,,,
15349,71U,12,-12.1,132.6,100600.0
15350,71U,12,,,
15351,71U,12,,,
15352,71U,12,,,
15353,71U,13,,,
15354,71U,13,,,
15355,71U,13,,,
15356,71U,13,,,
15357,71U,13,,,
15358,71U,13,,,
15359,71U,13,,,
15360,71U,13,,,
15361,71U,13,,,
15362,71U,13,-13.8,159.8,100700.0
15363,71U,13,-15.3,158.20000000000002,100500.0
15364,71U,13,,,
15365,71U,13,-16.7,157.9,100600.0
15366,71U,13,-17.1,156.5,100700.0
15367,71U,13,,,
15368,71U,13,,,
15369,71U,13,,,
15370,71U,13,,,
15371,71U,13,,,
15372,71U,13,,,
15373,71U,13,,,
15374,71U,13,,,
15375,71U,13,,,
15376,71U,13,,,
15377,71U,13,,,
15378,71U,13,,,
15379,71U,13,,,
15380,71U,13,,,
15381,71U,13,,,
15382,71U,13,,,
15383,71U,13,,,
15384,71U,13,,,
15385,71U,13,,,
15386,71U,13,,,
15387,71U,13,,,
15388,71U,13,,,
15389,71U,13,,,
15390,71U,13,,,
15391,71U,13,,,
15392,71U,13,,,
15393,71U,14,,,
15394,71U,14,,,
15395,71U,14,,,
15396,71U,14,,,
15397,71U,14,,,
15398,71U,14,-12.1,153.3,100300.0
15399,71U,14,,,
15400,71U,14,-10.700000000000001,151.9,100400.0
15401,71U,14,-10.4,155.70000000000002,99900.0
15402,71U,14,-10.700000000000001,155.6,100100.0
15403,71U,14,-10.8,155.5,99900.0
15404,71U,14,-11.200000000000001,154.9,100200.0
15405,71U,14,-12.6,151.4,99900.0
15406,71U,14,-12.4,150.20000000000002,100100.0
15407,71U,14,-12.6,150.1,99800.0
15408,71U,14,-13.1,149.8,99800.0
15409,71U,14,-13.700000000000001,149.9,99600.0
15410,71U,14,-14.3,149.20000000000002,99900.0
15411,71U,14,-14.8,148.9,99800.0
15412,71U,14,-15.8,148.70000000000002,100100.0
15413,71U,14,-17.0,148.0,99900.0
15414,71U,14,-18.0,146.8,99800.0
15415,71U,14,-18.8,146.9,99800.0
15416,71U,14,-20.2,147.3,100700.0
15417,71U,14,,,
15418,71U,14,-20.8,146.9,100800.0
15419,71U,14,,,
15420,71U,14,,,
15421,71U,14,,,
15422,71U,14,,,
15423,71U,14,,,
15424,71U,14,,,
15425,71U,14,,,
15426,71U,14,,,
15427,71U,14,,,
15428,71U,14,,,
15429,71U,14,,,
15430,71U,14,,,
15431,71U,14,,,
15432,71U,14,,,
15433,71U,15,-11.200000000000001,107.7,100900.0
15434,71U,15,,,
15435,71U,15,,,
15436,71U,15,-11.200000000000001,105.60000000000001,100900.0
15437,71U,15,-11.1,103.2,100800.0
15438,71U,15,,,
15439,71U,15,-11.200000000000001,101.60000000000001,100900.0
15440,71U,15,-12.6,101.60000000000001,100900.0
15441,71U,15,-10.8,100.8,100800.0
15442,71U,15,-10.5,99.10000000000001,100800.0
15443,71U,15,-9.8,99.10000000000001,100900.0
15444,71U,15,-11.200000000000001,99.3,100900.0
15445,71U,15,,,
15446,71U,15,,,
15447,71U,15,,,
15448,71U,15,-9.700000000000001,95.0,101000.0
15449,71U,15,,,
15450,71U,15,-8.8,94.4,100900.0
15451,71U,15,,,
15452,71U,15,,,
15453,71U,15,-9.4,95.5,100900.0
15454,71U,15,,,
15455,71U,15,-9.1,92.0,101000.0
15456,71U,15,,,
15457,71U,15,,,
15458,71U,15,,,
15459,71U,15,,,
15460,71U,15,,,
15461,71U,15,,,
15462,71U,15,,,
15463,71U,15,,,
15464,71U,15,,,
15465,71U,15,,,
15466,71U,15,,,
15467,71U,15,,,
15468,71U,15,,,
15469,71U,15,,,
15470,71U,15,,,
15471,71U,15,,,
15472,71U,15,,,
15473,71U,16,,,
15474,71U,16,,,
15475,71U,16,,,
15476,71U,16,,,
15477,71U,16,,,
15478,71U,16,,,
15479,71U,16,,,
15480,71U,16,,,
15481,71U,16,,,
15482,71U,16,,,
15483,71U,16,,,
15484,71U,16,,,
15485,71U,16,,,
15486,71U,16,,,
15487,71U,16,,,
15488,71U,16,-10.9,145.20000000000002,100600.0
15489,71U,16,-11.200000000000001,145.70000000000002,100300.0
15490,71U,16,-11.200000000000001,144.3,100600.0
15491,71U,16,-12.0,143.70000000000002,100300.0
15492,71U,16,-12.700000000000001,143.3,100600.0
15493,71U,16,-12.8,141.6,100300.0
15494,71U,16,-13.6,139.5,100600.0
15495,71U,16,-13.4,137.3,100400.0
15496,71U,16,-13.6,136.70000000000002,100600.0
15497,71U,16,-14.0,136.0,100400.0
15498,71U,16,-14.5,135.7,100700.0
15499,71U,16,-14.6,134.5,100600.0
15500,71U,16,,,
15501,71U,16,,,
15502,71U,16,,,
15503,71U,16,,,
15504,71U,16,,,
15505,71U,16,,,
15506,71U,16,,,
15507,71U,16,,,
15508,71U,16,,,
15509,71U,16,,,
15510,71U,16,,,
15511,71U,16,,,
15512,71U,16,,,
15513,71U,17,,,
15514,71U,17,-9.3,103.0,100900.0
15515,71U,17,-9.3,103.8,101000.0
15516,71U,17,,,
15517,71U,17,,,
15518,71U,17,,,
15519,71U,17,,,
15520,71U,17,,,
15521,71U,17,,,
15522,71U,17,,,
15523,71U,17,,,
15524,71U,17,,,
15525,71U,17,,,
15526,71U,17,,,
15527,71U,17,,,
15528,71U,17,,,
15529,71U,17,,,
15530,71U,17,,,
15531,71U,17,,,
15532,71U,17,,,
15533,71U,17,,,
15534,71U,17,,,
15535,71U,17,,,
15536,71U,17,,,
15537,71U,17,,,
15538,71U,17,,,
15539,71U,17,,,
15540,71U,17,,,
15541,71U,17,,,
15542,71U,17,,,
15543,71U,17,,,
15544,71U,17,,,
15545,71U,17,,,
15546,71U,17,,,
15547,71U,17,,,
15548,71U,17,,,
15549,71U,17,,,
15550,71U,17,,,
15551,71U,17,,,
15552,71U,17,,,
15553,71U,18,-8.4,154.4,96000.0
15554,71U,18,-8.4,154.3,97400.0
15555,71U,18,-8.3,154.4,97900.0
15556,71U,18,-8.2,154.6,98600.0
15557,71U,18,-8.1,155.0,98600.0
15558,71U,18,-8.1,155.3,99300.0
15559,71U,18,-8.5,155.6,99300.0
15560,71U,18,-8.8,155.5,99700.0
15561,71U,18,-8.8,155.20000000000002,99500.0
15562,71U,18,-8.700000000000001,154.6,99900.0
15563,71U,18,-8.5,154.0,99700.0
15564,71U,18,-8.1,153.5,100100.0
15565,71U,18,-8.5,153.5,99900.0
15566,71U,18,-7.9,152.5,100100.0
15567,71U,18,-8.1,152.0,99700.0
15568,71U,18,-8.1,151.6,100000.0
15569,71U,18,-8.3,151.3,99900.0
15570,71U,18,-8.5,150.5,100300.0
15571,71U,18,,,
15572,71U,18,,,
15573,71U,18,,,
15574,71U,18,,,
15575,71U,18,,,
15576,71U,18,,,
15577,71U,18,,,
15578,71U,18,,,
15579,71U,18,,,
15580,71U,18,,,
15581,71U,18,,,
15582,71U,18,,,
15583,71U,18,,,
15584,71U,18,,,
15585,71U,18,,,
15586,71U,18,,,
15587,71U,18,,,
15588,71U,18,,,
15589,71U,18,,,
15590,71U,18,,,
15591,71U,18,,,
15592,71U,18,,,
15593,71U,19,-8.4,153.9,97900.0
15594,71U,19,-8.2,153.70000000000002,99500.0
15595,71U,19,-8.4,152.0,99800.0
15596,71U,19,-8.3,153.20000000000002,100200.0
15597,71U,19,-8.6,153.5,99900.0
15598,71U,19,,,
15599,71U,19,-7.9,154.5,100200.0
15600,71U,19,-8.0,155.5,100400.0
15601,71U,19,-7.9,155.8,100100.0
15602,71U,19,-7.5,156.0,100300.0
15603,71U,19,,,
15604,71U,19,-8.2,156.8,100400.0
15605,71U,19,,,
15606,71U,19,-9.8,157.20000000000002,100500.0
15607,71U,19,,,
15608,71U,19,,,
15609,71U,19,-14.5,155.8,100200.0
15610,71U,19,,,
15611,71U,19,-17.0,154.1,100200.0
15612,71U,19,,,
15613,71U,19,,,
15614,71U,19,,,
15615,71U,19,,,
15616,71U,19,,,
15617,71U,19,,,
15618,71U,19,,,
15619,71U,19,,,
15620,71U,19,,,
15621,71U,19,,,
15622,71U,19,,,
15623,71U,19,,,
15624,71U,19,,,
15625,71U,19,,,
15626,71U,19,,,
15627,71U,19,,,
15628,71U,19,,,
15629,71U,19,,,
15630,71U,19,,,
15631,71U,19,,,
15632,71U,19,,,
15633,71U,20,,,
15634,71U,20,,,
15635,71U,20,,,
15636,71U,20,,,
15637,71U,20,,,
15638,71U,20,-4.9,158.6,100500.0
15639,71U,20,,,
15640,71U,20,,,
15641,71U,20,-5.0,159.9,100200.0
15642,71U,20,,,
15643,71U,20,-4.3,159.8,100200.0
15644,71U,20,,,
15645,71U,20,,,
15646,71U,20,-5.0,161.0,100600.0
15647,71U,20,-7.9,160.70000000000002,100300.0
15648,71U,20,-10.1,159.3,100600.0
15649,71U,20,,,
15650,71U,20,,,
15651,71U,20,,,
15652,71U,20,,,
15653,71U,20,,,
15654,71U,20,,,
15655,71U,20,,,
15656,71U,20,,,
15657,71U,20,,,
15658,71U,20,,,
15659,71U,20,,,
15660,71U,20,,,
15661,71U,20,,,
15662,71U,20,,,
15663,71U,20,,,
15664,71U,20,,,
15665,71U,20,,,
15666,71U,20,,,
15667,71U,20,,,
15668,71U,20,,,
15669,71U,20,,,
15670,71U,20,,,
15671,71U,20,,,
15672,71U,20,,,
15673,71U,21,-8.5,153.9,97500.0
15674,71U,21,-8.4,153.5,98300.0
15675,71U,21,-8.2,153.4,98500.0
15676,71U,21,-8.2,153.20000000000002,98800.0
15677,71U,21,-8.4,153.0,98400.0
15678,71U,21,-8.6,152.6,98800.0
15679,71U,21,-8.8,152.0,98600.0
15680,71U,21,-8.8,151.3,99200.0
15681,71U,21,-8.6,150.9,99700.0
15682,71U,21,-8.4,150.3,100300.0
15683,71U,21,-11.4,148.70000000000002,100500.0
15684,71U,21,-11.5,146.6,100800.0
15685,71U,21,-11.0,145.4,100500.0
15686,71U,21,-10.6,144.5,100800.0
15687,71U,21,-9.700000000000001,143.70000000000002,100500.0
15688,71U,21,,,
15689,71U,21,-8.3,142.0,100400.0
15690,71U,21,-9.1,140.1,100700.0
15691,71U,21,-9.1,139.6,100400.0
15692,71U,21,-8.6,138.70000000000002,100600.0
15693,71U,21,-8.1,140.1,100200.0
15694,71U,21,,,
15695,71U,21,,,
15696,71U,21,,,
15697,71U,21,,,
15698,71U,21,,,
15699,71U,21,,,
15700,71U,21,,,
15701,71U,21,,,
15702,71U,21,,,
15703,71U,21,,,
15704,71U,21,,,
15705,71U,21,,,
15706,71U,21,,,
15707,71U,21,,,
15708,71U,21,,,
15709,71U,21,,,
15710,71U,21,,,
15711,71U,21,,,
15712,71U,21,,,
15713,71U,22,,,
15714,71U,22,,,
15715,71U,22,,,
15716,71U,22,,,
15717,71U,22,,,
15718,71U,22,,,
15719,71U,22,,,
15720,71U,22,,,
15721,71U,22,,,
15722,71U,22,,,
15723,71U,22,,,
15724,71U,22,,,
15725,71U,22,,,
15726,71U,22,,,
15727,71U,22,,,
15728,71U,22,,,
15729,71U,22,,,
15730,71U,22,,,
15731,71U,22,,,
15732,71U,22,,,
15733,71U,22,,,
15734,71U,22,-6.0,153.20000000000002,100700.0
15735,71U,22,-6.5,154.3,100600.0
15736,71U,22,,,
15737,71U,22,,,
15738,71U,22,-5.5,152.0,100800.0
15739,71U,22,-5.3,150.8,100600.0
15740,71U,22,-5.4,148.6,100900.0
15741,71U,22,,,
15742,71U,22,,,
15743,71U,22,-9.1,145.6,100700.0
15744,71U,22,,,
15745,71U,22,-8.9,145.6,100500.0
15746,71U,22,-8.4,145.4,100900.0
15747,71U,22,-9.1,143.70000000000002,100600.0
15748,71U,22,-9.200000000000001,140.9,100900.0
15749,71U,22,-7.0,140.9,100400.0
15750,71U,22,,,
15751,71U,22,-9.5,138.9,100600.0
15752,71U,22,,,
15753,71U,23,,,
15754,71U,23,,,
15755,71U,23,,,
15756,71U,23,,,
15757,71U,23,,,
15758,71U,23,-11.700000000000001,149.6,100600.0
15759,71U,23,-12.200000000000001,148.3,100300.0
15760,71U,23,-12.1,148.6,100600.0
15761,71U,23,,,
15762,71U,23,,,
15763,71U,23,,,
15764,71U,23,-12.200000000000001,147.70000000000002,100800.0
15765,71U,23,,,
15766,71U,23,-11.4,147.1,100800.0
15767,71U,23,,,
15768,71U,23,-9.5,143.5,100800.0
15769,71U,23,,,
15770,71U,23,,,
15771,71U,23,-9.3,142.3,100400.0
15772,71U,23,,,
15773,71U,23,,,
15774,71U,23,,,
15775,71U,23,,,
15776,71U,23,,,
15777,71U,23,,,
15778,71U,23,,,
15779,71U,23,,,
15780,71U,23,,,
15781,71U,23,,,
15782,71U,23,,,
15783,71U,23,,,
15784,71U,23,,,
15785,71U,23,,,
15786,71U,23,,,
15787,71U,23,,,
15788,71U,23,,,
15789,71U,23,,,
15790,71U,23,,,
15791,71U,23,,,
15792,71U,23,,,
15793,71U,24,,,
15794,71U,24,,,
15795,71U,24,,,
15796,71U,24,,,
15797,71U,24,,,
15798,71U,24,,,
15799,71U,24,,,
15800,71U,24,,,
15801,71U,24,,,
15802,71U,24,,,
15803,71U,24,,,
15804,71U,24,,,
15805,71U,24,,,
15806,71U,24,,,
15807,71U,24,,,
15808,71U,24,,,
15809,71U,24,,,
15810,71U,24,,,
15811,71U,24,,,
15812,71U,24,,,
15813,71U,24,,,
15814,71U,24,,,
15815,71U,24,,,
15816,71U,24,,,
15817,71U,24,,,
15818,71U,24,,,
15819,71U,24,,,
15820,71U,24,,,
15821,71U,24,,,
15822,71U,24,,,
15823,71U,24,,,
15824,71U,24,,,
15825,71U,24,,,
15826,71U,24,-9.1,139.20000000000002,100900.0
15827,71U,24,-9.1,139.5,100700.0
15828,71U,24,,,
15829,71U,24,,,
15830,71U,24,,,
15831,71U,24,,,
15832,71U,24,,,
15833,71U,25,-8.5,153.3,97900.0
15834,71U,25,-8.2,153.20000000000002,99200.0
15835,71U,25,-8.0,153.4,99000.0
15836,71U,25,-7.9,153.4,99400.0
15837,71U,25,-7.9,153.8,99300.0
15838,71U,25,-7.6000000000000005,154.1,99800.0
15839,71U,25,-7.2,154.4,99300.0
15840,71U,25,-7.5,154.6,100000.0
15841,71U,25,-7.7,154.70000000000002,99800.0
15842,71U,25,-7.6000000000000005,154.20000000000002,99900.0
15843,71U,25,-7.2,154.1,99900.0
15844,71U,25,-6.6000000000000005,154.0,100300.0
15845,71U,25,-6.1000000000000005,153.5,100100.0
15846,71U,25,-5.7,153.70000000000002,100400.0
15847,71U,25,-5.3,153.5,100200.0
15848,71U,25,-5.3,153.6,100500.0
15849,71U,25,-6.1000000000000005,153.20000000000002,100300.0
15850,71U,25,,,
15851,71U,25,-6.3,149.8,100400.0
15852,71U,25,,,
15853,71U,25,-6.7,149.1,100500.0
15854,71U,25,-7.0,148.9,100900.0
15855,71U,25,-6.9,149.4,100700.0
15856,71U,25,,,
15857,71U,25,,,
15858,71U,25,,,
15859,71U,25,,,
15860,71U,25,,,
15861,71U,25,,,
15862,71U,25,,,
15863,71U,25,,,
15864,71U,25,,,
15865,71U,25,,,
15866,71U,25,,,
15867,71U,25,,,
15868,71U,25,,,
15869,71U,25,,,
15870,71U,25,,,
15871,71U,25,,,
15872,71U,25,,,
15873,71U,26,-7.9,152.4,99000.0
15874,71U,26,-7.5,152.70000000000002,99900.0
15875,71U,26,-7.7,153.20000000000002,99800.0
15876,71U,26,-7.2,153.5,100100.0
15877,71U,26,-7.4,153.9,99700.0
15878,71U,26,-7.4,153.9,100200.0
15879,71U,26,-6.9,154.20000000000002,100000.0
15880,71U,26,-6.5,154.4,100300.0
15881,71U,26,-3.8000000000000003,152.8,100300.0
15882,71U,26,,,
15883,71U,26,,,
15884,71U,26,,,
15885,71U,26,,,
15886,71U,26,,,
15887,71U,26,,,
15888,71U,26,,,
15889,71U,26,,,
15890,71U,26,,,
15891,71U,26,,,
15892,71U,26,,,
15893,71U,26,,,
15894,71U,26,,,
15895,71U,26,,,
15896,71U,26,,,
15897,71U,26,,,
15898,71U,26,,,
15899,71U,26,,,
15900,71U,26,,,
15901,71U,26,,,
15902,71U,26,,,
15903,71U,26,,,
15904,71U,26,,,
15905,71U,26,,,
15906,71U,26,,,
15907,71U,26,,,
15908,71U,26,,,
15909,71U,26,,,
15910,71U,26,,,
15911,71U,26,,,
15912,71U,26,,,
15913,71U,27,-14.1,156.70000000000002,100500.0
15914,71U,27,,,
15915,71U,27,,,
15916,71U,27,,,
15917,71U,27,-12.8,150.8,100400.0
15918,71U,27,,,
15919,71U,27,-12.1,147.6,100500.0
15920,71U,27,,,
15921,71U,27,-12.1,149.3,100500.0
15922,71U,27,-13.1,149.4,100800.0
15923,71U,27,,,
15924,71U,27,-12.200000000000001,147.0,100800.0
15925,71U,27,-11.3,145.6,100500.0
15926,71U,27,-11.1,145.6,100800.0
15927,71U,27,-11.3,145.1,100600.0
15928,71U,27,-11.4,144.20000000000002,100900.0
15929,71U,27,-10.6,142.4,100600.0
15930,71U,27,-9.8,141.1,100900.0
15931,71U,27,-9.9,139.9,100600.0
15932,71U,27,-10.200000000000001,139.70000000000002,100900.0
15933,71U,27,,,
15934,71U,27,-9.700000000000001,136.9,100900.0
15935,71U,27,,,
15936,71U,27,,,
15937,71U,27,-8.8,134.2,100600.0
15938,71U,27,,,
15939,71U,27,-8.6,132.9,100700.0
15940,71U,27,-9.3,131.7,101000.0
15941,71U,27,,,
15942,71U,27,,,
15943,71U,27,-8.1,130.2,100700.0
15944,71U,27,,,
15945,71U,27,-7.9,130.0,100600.0
15946,71U,27,,,
15947,71U,27,-10.0,128.1,100700.0
15948,71U,27,,,
15949,71U,27,,,
15950,71U,27,,,
15951,71U,27,,,
15952,71U,27,,,
15953,71U,28,-8.5,153.0,96700.0
15954,71U,28,-8.1,152.70000000000002,97200.0
15955,71U,28,-8.0,152.5,98000.0
15956,71U,28,-7.6000000000000005,152.5,98500.0
15957,71U,28,,,
15958,71U,28,,,
15959,71U,28,,,
15960,71U,28,,,
15961,71U,28,,,
15962,71U,28,,,
15963,71U,28,,,
15964,71U,28,,,
15965,71U,28,,,
15966,71U,28,,,
15967,71U,28,,,
15968,71U,28,,,
15969,71U,28,,,
15970,71U,28,,,
15971,71U,28,,,
15972,71U,28,,,
15973,71U,28,,,
15974,71U,28,,,
15975,71U,28,,,
15976,71U,28,,,
15977,71U,28,,,
15978,71U,28,,,
15979,71U,28,,,
15980,71U,28,,,
15981,71U,28,,,
15982,71U,28,,,
15983,71U,28,,,
15984,71U,28,,,
15985,71U,28,,,
15986,71U,28,,,
15987,71U,28,,,
15988,71U,28,,,
15989,71U,28,,,
15990,71U,28,,,
15991,71U,28,,,
15992,71U,28,,,
15993,71U,29,-8.2,154.20000000000002,95600.0
15994,71U,29,-8.1,154.0,96700.0
15995,71U,29,-8.0,154.0,97200.0
15996,71U,29,-7.9,154.1,97800.0
15997,71U,29,-8.0,154.1,97900.0
15998,71U,29,-8.1,154.1,98400.0
15999,71U,29,-8.4,154.0,98500.0
16000,71U,29,-8.700000000000001,153.70000000000002,98900.0
16001,71U,29,-8.6,153.4,98900.0
16002,71U,29,-9.200000000000001,152.70000000000002,99500.0
16003,71U,29,-9.5,152.0,99100.0
16004,71U,29,-10.200000000000001,151.20000000000002,100200.0
16005,71U,29,-11.700000000000001,150.3,100000.0
16006,71U,29,,,
16007,71U,29,,,
16008,71U,29,,,
16009,71U,29,,,
16010,71U,29,,,
16011,71U,29,,,
16012,71U,29,,,
16013,71U,29,,,
16014,71U,29,,,
16015,71U,29,,,
16016,71U,29,,,
16017,71U,29,,,
16018,71U,29,,,
16019,71U,29,,,
16020,71U,29,,,
16021,71U,29,,,
16022,71U,29,,,
16023,71U,29,,,
16024,71U,29,,,
16025,71U,29,,,
16026,71U,29,,,
16027,71U,29,,,
16028,71U,29,,,
16029,71U,29,,,
16030,71U,29,,,
16031,71U,29,,,
16032,71U,29,,,
16033,71U,30,-8.3,153.8,97500.0
16034,71U,30,-7.7,153.70000000000002,98300.0
16035,71U,30,-7.0,153.6,98000.0
16036,71U,30,-6.8,153.8,97500.0
16037,71U,30,-6.7,154.1,97100.0
16038,71U,30,-6.8,154.20000000000002,97000.0
16039,71U,30,-7.0,154.3,96700.0
16040,71U,30,-7.2,154.4,97000.0
16041,71U,30,-7.4,154.6,97700.0
16042,71U,30,-7.6000000000000005,154.6,98200.0
16043,71U,30,-7.6000000000000005,154.0,98100.0
16044,71U,30,-7.4,153.8,98400.0
16045,71U,30,-7.7,153.9,98300.0
16046,71U,30,-8.6,153.6,99000.0
16047,71U,30,-9.8,153.20000000000002,99100.0
16048,71U,30,-11.700000000000001,152.5,99700.0
16049,71U,30,-13.3,150.5,99200.0
16050,71U,30,-14.5,148.3,99800.0
16051,71U,30,-15.0,146.0,98700.0
16052,71U,30,-14.700000000000001,144.20000000000002,99600.0
16053,71U,30,-15.200000000000001,143.4,99700.0
16054,71U,30,-15.700000000000001,142.3,100200.0
16055,71U,30,-16.0,141.4,100100.0
16056,71U,30,-16.0,141.1,100400.0
16057,71U,30,-16.7,141.6,100100.0
16058,71U,30,-17.5,141.8,100500.0
16059,71U,30,-18.6,142.1,100400.0
16060,71U,30,-19.5,142.20000000000002,100700.0
16061,71U,30,,,
16062,71U,30,,,
16063,71U,30,,,
16064,71U,30,,,
16065,71U,30,,,
16066,71U,30,,,
16067,71U,30,,,
16068,71U,30,,,
16069,71U,30,,,
16070,71U,30,,,
16071,71U,30,,,
16072,71U,30,,,
16073,71U,31,-7.9,154.0,95100.0
16074,71U,31,-8.0,154.1,96700.0
16075,71U,31,-8.1,154.20000000000002,97100.0
16076,71U,31,-8.4,154.4,97500.0
16077,71U,31,-8.8,154.4,97800.0
16078,71U,31,-9.3,154.4,98600.0
16079,71U,31,-9.8,154.0,98700.0
16080,71U,31,-10.0,153.8,98900.0
16081,71U,31,-10.200000000000001,153.4,99200.0
16082,71U,31,-10.200000000000001,152.9,99700.0
16083,71U,31,-10.700000000000001,152.4,99400.0
16084,71U,31,-11.4,151.8,100200.0
16085,71U,31,-12.0,151.8,100200.0
16086,71U,31,,,
16087,71U,31,,,
16088,71U,31,,,
16089,71U,31,,,
16090,71U,31,,,
16091,71U,31,,,
16092,71U,31,,,
16093,71U,31,,,
16094,71U,31,,,
16095,71U,31,,,
16096,71U,31,,,
16097,71U,31,,,
16098,71U,31,,,
16099,71U,31,,,
16100,71U,31,,,
16101,71U,31,,,
16102,71U,31,,,
16103,71U,31,,,
16104,71U,31,,,
16105,71U,31,,,
16106,71U,31,,,
16107,71U,31,,,
16108,71U,31,,,
16109,71U,31,,,
16110,71U,31,,,
16111,71U,31,,,
16112,71U,31,,,
16113,71U,32,-8.0,154.20000000000002,96000.0
16114,71U,32,-7.6000000000000005,154.20000000000002,97400.0
16115,71U,32,-7.4,154.5,97500.0
16116,71U,32,-7.4,154.6,97800.0
16117,71U,32,-7.6000000000000005,155.1,97900.0
16118,71U,32,-8.0,155.0,98200.0
16119,71U,32,-8.5,155.0,98600.0
16120,71U,32,-9.1,154.70000000000002,99100.0
16121,71U,32,-9.9,154.20000000000002,99100.0
16122,71U,32,-10.3,153.4,99500.0
16123,71U,32,-10.9,152.6,99300.0
16124,71U,32,-11.700000000000001,151.1,99600.0
16125,71U,32,-11.9,149.9,99700.0
16126,71U,32,-11.9,149.1,99800.0
16127,71U,32,-11.9,148.0,99600.0
16128,71U,32,-11.9,146.6,99900.0
16129,71U,32,-12.5,146.1,99500.0
16130,71U,32,-12.6,145.4,99700.0
16131,71U,32,-13.200000000000001,144.70000000000002,99600.0
16132,71U,32,-13.9,143.8,100100.0
16133,71U,32,-14.700000000000001,142.5,100000.0
16134,71U,32,-15.0,140.9,100400.0
16135,71U,32,-15.200000000000001,140.20000000000002,99800.0
16136,71U,32,-15.5,139.3,100200.0
16137,71U,32,-16.0,138.5,100100.0
16138,71U,32,-15.9,138.20000000000002,100400.0
16139,71U,32,-16.0,137.6,100300.0
16140,71U,32,,,
16141,71U,32,-15.0,135.2,100400.0
16142,71U,32,-15.0,135.7,100700.0
16143,71U,32,-15.3,135.1,100500.0
16144,71U,32,-14.700000000000001,134.4,100700.0
16145,71U,32,,,
16146,71U,32,,,
16147,71U,32,,,
16148,71U,32,-14.5,134.2,101000.0
16149,71U,32,,,
16150,71U,32,,,
16151,71U,32,,,
16152,71U,32,,,
16153,71U,33,-9.200000000000001,154.1,97600.0
16154,71U,33,-8.9,153.6,98300.0
16155,71U,33,-9.0,153.9,98000.0
16156,71U,33,-9.5,153.70000000000002,98500.0
16157,71U,33,-10.200000000000001,153.4,98300.0
16158,71U,33,-10.700000000000001,152.8,98500.0
16159,71U,33,-11.200000000000001,152.4,97900.0
16160,71U,33,-12.1,151.8,98100.0
16161,71U,33,-12.5,151.5,97500.0
16162,71U,33,-12.8,150.1,96600.0
16163,71U,33,-13.1,149.5,96100.0
16164,71U,33,-13.3,148.5,96400.0
16165,71U,33,-13.5,147.5,95500.0
16166,71U,33,-13.6,146.70000000000002,94900.0
16167,71U,33,-13.8,145.70000000000002,94500.0
16168,71U,33,-14.200000000000001,144.70000000000002,95600.0
16169,71U,33,-14.6,143.5,97100.0
16170,71U,33,-15.1,142.4,98600.0
16171,71U,33,-15.700000000000001,141.4,99100.0
16172,71U,33,-16.2,140.4,99500.0
16173,71U,33,-16.9,139.6,99300.0
16174,71U,33,-17.7,139.0,100100.0
16175,71U,33,-18.3,138.3,100200.0
16176,71U,33,-18.7,137.6,100800.0
16177,71U,33,,,
16178,71U,33,-17.8,138.4,101100.0
16179,71U,33,,,
16180,71U,33,,,
16181,71U,33,,,
16182,71U,33,,,
16183,71U,33,,,
16184,71U,33,,,
16185,71U,33,,,
16186,71U,33,,,
16187,71U,33,,,
16188,71U,33,,,
16189,71U,33,,,
16190,71U,33,,,
16191,71U,33,,,
16192,71U,33,,,
16193,71U,34,,,
16194,71U,34,-4.6000000000000005,147.20000000000002,100400.0
16195,71U,34,,,
16196,71U,34,,,
16197,71U,34,-3.9,152.9,99900.0
16198,71U,34,-3.9,158.8,100100.0
16199,71U,34,-3.1,160.8,100000.0
16200,71U,34,-3.4,162.4,100200.0
16201,71U,34,,,
16202,71U,34,,,
16203,71U,34,,,
16204,71U,34,,,
16205,71U,34,,,
16206,71U,34,,,
16207,71U,34,,,
16208,71U,34,,,
16209,71U,34,,,
16210,71U,34,,,
16211,71U,34,,,
16212,71U,34,,,
16213,71U,34,,,
16214,71U,34,,,
16215,71U,34,,,
16216,71U,34,,,
16217,71U,34,,,
16218,71U,34,,,
16219,71U,34,,,
16220,71U,34,,,
16221,71U,34,,,
16222,71U,34,,,
16223,71U,34,,,
16224,71U,34,,,
16225,71U,34,,,
16226,71U,34,,,
16227,71U,34,,,
16228,71U,34,,,
16229,71U,34,,,
16230,71U,34,,,
16231,71U,34,,,
16232,71U,34,,,
16233,71U,35,-7.6000000000000005,153.9,97000.0
16234,71U,35,-7.4,154.20000000000002,98400.0
16235,71U,35,-7.5,154.6,99000.0
16236,71U,35,-7.9,155.0,99700.0
16237,71U,35,-7.8,155.1,99400.0
16238,71U,35,-7.9,155.5,99800.0
16239,71U,35,-8.2,156.1,99700.0
16240,71U,35,-9.3,156.1,100000.0
16241,71U,35,-10.0,156.5,99400.0
16242,71U,35,-10.700000000000001,155.8,99800.0
16243,71U,35,-10.6,155.20000000000002,99600.0
16244,71U,35,-10.700000000000001,155.20000000000002,100000.0
16245,71U,35,-11.1,155.4,99700.0
16246,71U,35,-11.700000000000001,154.6,100000.0
16247,71U,35,-11.700000000000001,153.3,99700.0
16248,71U,35,-12.9,153.6,99800.0
16249,71U,35,-14.1,152.4,99600.0
16250,71U,35,,,
16251,71U,35,-14.700000000000001,149.6,99600.0
16252,71U,35,-14.700000000000001,147.8,100000.0
16253,71U,35,-14.6,146.8,99700.0
16254,71U,35,-14.9,145.70000000000002,100200.0
16255,71U,35,-15.3,144.6,100100.0
16256,71U,35,-16.7,143.9,100500.0
16257,71U,35,-17.400000000000002,142.70000000000002,100400.0
16258,71U,35,-17.7,142.3,100700.0
16259,71U,35,-18.400000000000002,141.9,100600.0
16260,71U,35,,,
16261,71U,35,,,
16262,71U,35,,,
16263,71U,35,,,
16264,71U,35,,,
16265,71U,35,,,
16266,71U,35,,,
16267,71U,35,,,
16268,71U,35,,,
16269,71U,35,,,
16270,71U,35,,,
16271,71U,35,,,
16272,71U,35,,,
16273,71U,36,,,
16274,71U,36,,,
16275,71U,36,,,
16276,71U,36,-11.0,100.4,101000.0
16277,71U,36,-12.6,99.8,100900.0
16278,71U,36,-10.6,99.8,101000.0
16279,71U,36,-11.200000000000001,97.3,100700.0
16280,71U,36,-10.700000000000001,96.9,100800.0
16281,71U,36,-10.3,96.10000000000001,100600.0
16282,71U,36,-10.0,95.4,100600.0
16283,71U,36,-9.8,94.8,100800.0
16284,71U,36,-9.4,94.10000000000001,100700.0
16285,71U,36,-9.200000000000001,93.5,100700.0
16286,71U,36,-8.9,93.2,100600.0
16287,71U,36,-8.6,92.3,100700.0
16288,71U,36,-8.5,92.2,100600.0
16289,71U,36,-8.4,92.0,100600.0
16290,71U,36,-9.1,91.4,100500.0
16291,71U,36,-8.8,90.4,100600.0
16292,71U,36,-8.9,89.8,100500.0
16293,71U,36,-9.200000000000001,88.8,100600.0
16294,71U,36,-9.3,87.8,100500.0
16295,71U,36,-8.9,86.8,100700.0
16296,71U,36,-8.5,87.10000000000001,100500.0
16297,71U,36,-9.3,87.3,100600.0
16298,71U,36,-10.200000000000001,86.8,100500.0
16299,71U,36,-10.200000000000001,85.9,100700.0
16300,71U,36,-10.200000000000001,85.10000000000001,100600.0
16301,71U,36,-11.1,85.0,100700.0
16302,71U,36,-11.700000000000001,84.5,100500.0
16303,71U,36,-12.8,84.60000000000001,100700.0
16304,71U,36,-12.4,84.0,100500.0
16305,71U,36,-12.5,83.60000000000001,100700.0
16306,71U,36,-12.200000000000001,83.10000000000001,100500.0
16307,71U,36,-12.200000000000001,83.60000000000001,100700.0
16308,71U,36,-12.5,82.4,100600.0
16309,71U,36,,,
16310,71U,36,,,
16311,71U,36,-12.4,81.0,101000.0
16312,71U,36,,,
16313,71U,37,-8.4,153.70000000000002,97300.0
16314,71U,37,-7.7,153.5,98300.0
16315,71U,37,-7.6000000000000005,153.4,98100.0
16316,71U,37,-7.4,153.8,98700.0
16317,71U,37,-7.2,153.9,98000.0
16318,71U,37,-7.4,154.0,98700.0
16319,71U,37,-7.6000000000000005,154.20000000000002,98600.0
16320,71U,37,-7.6000000000000005,154.5,99400.0
16321,71U,37,-7.4,154.70000000000002,99200.0
16322,71U,37,-7.0,154.6,99700.0
16323,71U,37,-6.5,154.3,99400.0
16324,71U,37,-6.1000000000000005,154.1,99500.0
16325,71U,37,-5.4,155.0,99700.0
16326,71U,37,-6.9,154.8,100200.0
16327,71U,37,,,
16328,71U,37,-9.0,154.1,100000.0
16329,71U,37,-10.200000000000001,153.0,99700.0
16330,71U,37,-11.4,151.70000000000002,99900.0
16331,71U,37,-12.700000000000001,150.6,99600.0
16332,71U,37,-13.8,148.0,99700.0
16333,71U,37,-13.3,146.6,99100.0
16334,71U,37,-15.200000000000001,146.70000000000002,99600.0
16335,71U,37,-15.9,144.9,99500.0
16336,71U,37,-16.6,143.9,99900.0
16337,71U,37,-17.8,143.8,99900.0
16338,71U,37,-18.7,143.3,100400.0
16339,71U,37,-19.5,143.0,100400.0
16340,71U,37,-20.2,142.8,100800.0
16341,71U,37,,,
16342,71U,37,,,
16343,71U,37,,,
16344,71U,37,,,
16345,71U,37,,,
16346,71U,37,,,
16347,71U,37,,,
16348,71U,37,,,
16349,71U,37,,,
16350,71U,37,,,
16351,71U,37,,,
16352,71U,37,,,
16353,71U,38,-11.4,103.5,100900.0
16354,71U,38,,,
16355,71U,38,-12.3,102.2,100900.0
16356,71U,38,-12.0,100.7,100900.0
16357,71U,38,-11.4,99.7,100800.0
16358,71U,38,-10.700000000000001,98.7,100700.0
16359,71U,38,-10.1,99.7,100800.0
16360,71U,38,,,
16361,71U,38,,,
16362,71U,38,-10.5,101.10000000000001,100700.0
16363,71U,38,,,
16364,71U,38,-11.6,99.60000000000001,100700.0
16365,71U,38,-12.8,99.3,100600.0
16366,71U,38,-12.8,97.9,100500.0
16367,71U,38,,,
16368,71U,38,-11.9,96.8,100600.0
16369,71U,38,-12.5,96.7,100500.0
16370,71U,38,-12.9,95.4,100400.0
16371,71U,38,-12.1,94.10000000000001,100400.0
16372,71U,38,-11.700000000000001,94.0,100300.0
16373,71U,38,-12.200000000000001,93.5,100200.0
16374,71U,38,-12.5,92.0,100100.0
16375,71U,38,-12.0,91.3,100300.0
16376,71U,38,-12.4,90.9,100100.0
16377,71U,38,-12.4,90.5,100200.0
16378,71U,38,-12.3,89.4,100100.0
16379,71U,38,-12.4,89.5,100300.0
16380,71U,38,-12.6,89.0,100200.0
16381,71U,38,-12.700000000000001,88.10000000000001,100300.0
16382,71U,38,-12.3,87.10000000000001,100200.0
16383,71U,38,-11.9,86.9,100400.0
16384,71U,38,-12.4,86.3,100300.0
16385,71U,38,-12.8,86.10000000000001,100500.0
16386,71U,38,-13.1,85.10000000000001,100400.0
16387,71U,38,-12.700000000000001,84.5,100500.0
16388,71U,38,-12.3,84.0,100400.0
16389,71U,38,-12.3,83.8,100600.0
16390,71U,38,-12.3,83.4,100400.0
16391,71U,38,-12.4,82.9,100600.0
16392,71U,38,,,
16393,71U,39,,,
16394,71U,39,,,
16395,71U,39,,,
16396,71U,39,,,
16397,71U,39,,,
16398,71U,39,,,
16399,71U,39,,,
16400,71U,39,,,
16401,71U,39,,,
16402,71U,39,,,
16403,71U,39,,,
16404,71U,39,,,
16405,71U,39,,,
16406,71U,39,,,
16407,71U,39,-11.3,145.8,100300.0
16408,71U,39,-11.6,146.70000000000002,100600.0
16409,71U,39,-11.700000000000001,147.3,100200.0
16410,71U,39,,,
16411,71U,39,-10.700000000000001,146.1,100300.0
16412,71U,39,-11.6,146.3,100600.0
16413,71U,39,-11.700000000000001,145.5,100200.0
16414,71U,39,-11.9,145.20000000000002,100600.0
16415,71U,39,,,
16416,71U,39,-11.8,143.0,100700.0
16417,71U,39,-11.700000000000001,142.20000000000002,100400.0
16418,71U,39,-11.1,139.70000000000002,100800.0
16419,71U,39,-11.6,139.70000000000002,100500.0
16420,71U,39,-11.4,138.70000000000002,100800.0
16421,71U,39,-11.0,136.6,100500.0
16422,71U,39,-11.0,136.2,100800.0
16423,71U,39,-11.5,135.7,100600.0
16424,71U,39,-11.200000000000001,134.5,100800.0
16425,71U,39,-11.200000000000001,134.5,100500.0
16426,71U,39,-10.700000000000001,133.3,100900.0
16427,71U,39,-10.700000000000001,132.9,100600.0
16428,71U,39,-11.4,131.6,100700.0
16429,71U,39,-11.0,130.9,100400.0
16430,71U,39,-10.6,130.2,100400.0
16431,71U,39,-10.4,129.2,100200.0
16432,71U,39,-10.1,128.2,100300.0
16433,71U,40,-9.8,101.8,100900.0
16434,71U,40,,,
16435,71U,40,-9.3,100.3,101000.0
16436,71U,40,-10.200000000000001,96.3,100900.0
16437,71U,40,,,
16438,71U,40,-9.700000000000001,97.10000000000001,100800.0
16439,71U,40,,,
16440,71U,40,,,
16441,71U,40,,,
16442,71U,40,,,
16443,71U,40,,,
16444,71U,40,,,
16445,71U,40,,,
16446,71U,40,,,
16447,71U,40,,,
16448,71U,40,,,
16449,71U,40,,,
16450,71U,40,,,
16451,71U,40,,,
16452,71U,40,,,
16453,71U,40,,,
16454,71U,40,,,
16455,71U,40,,,
16456,71U,40,,,
16457,71U,40,,,
16458,71U,40,,,
16459,71U,40,,,
16460,71U,40,,,
16461,71U,40,,,
16462,71U,40,,,
16463,71U,40,,,
16464,71U,40,,,
16465,71U,40,,,
16466,71U,40,,,
16467,71U,40,,,
16468,71U,40,,,
16469,71U,40,,,
16470,71U,40,,,
16471,71U,40,,,
16472,71U,40,,,
16473,71U,41,-11.4,101.3,100900.0
16474,71U,41,,,
16475,71U,41,,,
16476,71U,41,-11.9,99.8,100900.0
16477,71U,41,,,
16478,71U,41,,,
16479,71U,41,-10.9,96.5,100900.0
16480,71U,41,-10.200000000000001,95.8,100800.0
16481,71U,41,-9.3,95.0,100700.0
16482,71U,41,-8.8,94.10000000000001,100700.0
16483,71U,41,-6.8,93.10000000000001,100900.0
16484,71U,41,-8.1,91.60000000000001,100800.0
16485,71U,41,,,
16486,71U,41,-6.9,92.7,100700.0
16487,71U,41,-6.9,93.0,100800.0
16488,71U,41,,,
16489,71U,41,-5.9,94.3,100800.0
16490,71U,41,-5.9,94.9,100700.0
16491,71U,41,-6.0,94.7,100800.0
16492,71U,41,-8.2,94.0,100600.0
16493,71U,41,-8.1,92.8,100700.0
16494,71U,41,-9.8,93.60000000000001,100600.0
16495,71U,41,-10.0,93.0,100700.0
16496,71U,41,-10.700000000000001,91.5,100600.0
16497,71U,41,-11.0,90.9,100700.0
16498,71U,41,-11.200000000000001,89.7,100500.0
16499,71U,41,-10.9,88.60000000000001,100700.0
16500,71U,41,-11.200000000000001,87.60000000000001,100600.0
16501,71U,41,-11.4,86.9,100700.0
16502,71U,41,-10.700000000000001,86.2,100500.0
16503,71U,41,-10.5,86.0,100600.0
16504,71U,41,-11.200000000000001,86.3,100500.0
16505,71U,41,-11.5,86.2,100600.0
16506,71U,41,-12.0,85.9,100300.0
16507,71U,41,-12.200000000000001,85.7,100400.0
16508,71U,41,-12.4,85.5,100200.0
16509,71U,41,-12.6,85.2,100300.0
16510,71U,41,-13.1,84.9,100200.0
16511,71U,41,-13.1,84.5,100500.0
16512,71U,41,-13.4,84.7,99900.0
16513,71U,42,,,
16514,71U,42,,,
16515,71U,42,,,
16516,71U,42,-4.6000000000000005,154.6,100400.0
16517,71U,42,-4.0,156.20000000000002,100100.0
16518,71U,42,-3.9,158.5,100300.0
16519,71U,42,,,
16520,71U,42,,,
16521,71U,42,,,
16522,71U,42,-5.5,164.0,100700.0
16523,71U,42,,,
16524,71U,42,,,
16525,71U,42,,,
16526,71U,42,,,
16527,71U,42,,,
16528,71U,42,,,
16529,71U,42,,,
16530,71U,42,,,
16531,71U,42,,,
16532,71U,42,,,
16533,71U,42,,,
16534,71U,42,,,
16535,71U,42,,,
16536,71U,42,,,
16537,71U,42,,,
16538,71U,42,,,
16539,71U,42,,,
16540,71U,42,,,
16541,71U,42,,,
16542,71U,42,,,
16543,71U,42,,,
16544,71U,42,,,
16545,71U,42,,,
16546,71U,42,,,
16547,71U,42,,,
16548,71U,42,,,
16549,71U,42,,,
16550,71U,42,,,
16551,71U,42,,,
16552,71U,42,,,
16553,71U,43,,,
16554,71U,43,,,
16555,71U,43,-7.4,94.7,101000.0
16556,71U,43,,,
16557,71U,43,,,
16558,71U,43,-9.0,95.0,100900.0
16559,71U,43,-9.9,97.2,101000.0
16560,71U,43,,,
16561,71U,43,-8.0,96.8,100800.0
16562,71U,43,-7.7,99.3,100800.0
16563,71U,43,-9.4,101.2,100900.0
16564,71U,43,,,
16565,71U,43,-7.4,100.4,100800.0
16566,71U,43,,,
16567,71U,43,,,
16568,71U,43,,,
16569,71U,43,,,
16570,71U,43,,,
16571,71U,43,,,
16572,71U,43,,,
16573,71U,43,,,
16574,71U,43,,,
16575,71U,43,,,
16576,71U,43,,,
16577,71U,43,,,
16578,71U,43,,,
16579,71U,43,,,
16580,71U,43,,,
16581,71U,43,,,
16582,71U,43,,,
16583,71U,43,,,
16584,71U,43,,,
16585,71U,43,,,
16586,71U,43,,,
16587,71U,43,,,
16588,71U,43,,,
16589,71U,43,,,
16590,71U,43,,,
16591,71U,43,,,
16592,71U,43,,,
16593,71U,44,-8.5,153.9,96400.0
16594,71U,44,-8.2,153.6,97100.0
16595,71U,44,-8.1,153.6,97400.0
16596,71U,44,-8.3,153.70000000000002,97800.0
16597,71U,44,-8.5,153.9,98200.0
16598,71U,44,-8.9,153.9,99200.0
16599,71U,44,-9.3,153.9,99300.0
16600,71U,44,-10.200000000000001,153.8,99900.0
16601,71U,44,-10.5,153.20000000000002,99800.0
16602,71U,44,-11.0,152.5,100200.0
16603,71U,44,,,
16604,71U,44,-11.5,149.70000000000002,100500.0
16605,71U,44,-10.9,147.6,100100.0
16606,71U,44,-10.200000000000001,147.20000000000002,100300.0
16607,71U,44,-11.0,146.3,100000.0
16608,71U,44,-11.5,145.20000000000002,100300.0
16609,71U,44,-11.1,144.3,100000.0
16610,71U,44,-10.200000000000001,142.8,100200.0
16611,71U,44,-10.200000000000001,141.70000000000002,99700.0
16612,71U,44,-10.5,141.20000000000002,99900.0
16613,71U,44,-10.700000000000001,140.3,99400.0
16614,71U,44,-10.700000000000001,139.5,99600.0
16615,71U,44,-11.0,138.5,99000.0
16616,71U,44,-11.1,137.6,99200.0
16617,71U,44,-11.1,136.3,98600.0
16618,71U,44,-10.700000000000001,135.6,98900.0
16619,71U,44,-10.6,135.1,98400.0
16620,71U,44,-10.700000000000001,134.8,98600.0
16621,71U,44,-11.200000000000001,134.5,98200.0
16622,71U,44,-11.8,134.0,98900.0
16623,71U,44,-12.200000000000001,133.5,99200.0
16624,71U,44,-13.1,132.5,99800.0
16625,71U,44,-13.5,131.7,99600.0
16626,71U,44,-13.8,131.0,99600.0
16627,71U,44,-14.200000000000001,130.0,99400.0
16628,71U,44,-14.5,129.4,99600.0
16629,71U,44,-14.8,128.3,99100.0
16630,71U,44,-14.8,127.5,99100.0
16631,71U,44,-15.0,126.7,99200.0
16632,71U,44,-15.6,125.5,99700.0
16633,71U,45,-8.0,107.60000000000001,100900.0
16634,71U,45,,,
16635,71U,45,,,
16636,71U,45,-6.0,109.3,100900.0
16637,71U,45,-6.9,110.5,100800.0
16638,71U,45,-8.3,110.8,100900.0
16639,71U,45,,,
16640,71U,45,,,
16641,71U,45,,,
16642,71U,45,,,
16643,71U,45,,,
16644,71U,45,,,
16645,71U,45,,,
16646,71U,45,,,
16647,71U,45,,,
16648,71U,45,,,
16649,71U,45,,,
16650,71U,45,,,
16651,71U,45,,,
16652,71U,45,,,
16653,71U,45,,,
16654,71U,45,,,
16655,71U,45,,,
16656,71U,45,,,
16657,71U,45,,,
16658,71U,45,,,
16659,71U,45,,,
16660,71U,45,,,
16661,71U,45,,,
16662,71U,45,,,
16663,71U,45,,,
16664,71U,45,,,
16665,71U,45,,,
16666,71U,45,,,
16667,71U,45,,,
16668,71U,45,,,
16669,71U,45,,,
16670,71U,45,,,
16671,71U,45,,,
16672,71U,45,,,
16673,71U,46,-8.2,153.6,97800.0
16674,71U,46,-7.8,153.8,98500.0
16675,71U,46,-7.6000000000000005,154.1,98500.0
16676,71U,46,-7.6000000000000005,154.70000000000002,98700.0
16677,71U,46,-7.7,155.20000000000002,98700.0
16678,71U,46,-8.1,155.8,99100.0
16679,71U,46,-9.1,155.8,98900.0
16680,71U,46,-9.6,155.6,99300.0
16681,71U,46,-10.1,155.6,99200.0
16682,71U,46,-10.8,154.8,99700.0
16683,71U,46,-10.5,153.20000000000002,99500.0
16684,71U,46,-10.0,152.5,99100.0
16685,71U,46,-10.9,152.3,99500.0
16686,71U,46,-11.3,151.6,99900.0
16687,71U,46,-12.1,150.8,99600.0
16688,71U,46,-12.700000000000001,149.4,100000.0
16689,71U,46,-12.5,148.20000000000002,99500.0
16690,71U,46,-12.8,148.0,99700.0
16691,71U,46,-13.5,146.70000000000002,99500.0
16692,71U,46,-13.6,145.3,99500.0
16693,71U,46,-13.6,144.4,99400.0
16694,71U,46,-14.1,143.9,100000.0
16695,71U,46,-14.9,142.8,99900.0
16696,71U,46,-15.4,141.6,100500.0
16697,71U,46,-15.8,141.0,100300.0
16698,71U,46,-16.0,140.1,100600.0
16699,71U,46,-16.1,139.6,100400.0
16700,71U,46,-16.6,139.20000000000002,100600.0
16701,71U,46,-16.9,138.5,100300.0
16702,71U,46,-17.8,140.4,100600.0
16703,71U,46,,,
16704,71U,46,-17.2,140.3,100700.0
16705,71U,46,,,
16706,71U,46,,,
16707,71U,46,,,
16708,71U,46,,,
16709,71U,46,,,
16710,71U,46,,,
16711,71U,46,,,
16712,71U,46,,,
16713,71U,47,,,
16714,71U,47,,,
16715,71U,47,,,
16716,71U,47,,,
16717,71U,47,,,
16718,71U,47,,,
16719,71U,47,,,
16720,71U,47,,,
16721,71U,47,,,
16722,71U,47,,,
16723,71U,47,,,
16724,71U,47,-16.3,158.20000000000002,101000.0
16725,71U,47,-18.5,155.6,100700.0
16726,71U,47,-18.1,156.0,100700.0
16727,71U,47,,,
16728,71U,47,,,
16729,71U,47,,,
16730,71U,47,,,
16731,71U,47,,,
16732,71U,47,,,
16733,71U,47,,,
16734,71U,47,,,
16735,71U,47,,,
16736,71U,47,,,
16737,71U,47,,,
16738,71U,47,,,
16739,71U,47,,,
16740,71U,47,,,
16741,71U,47,,,
16742,71U,47,,,
16743,71U,47,,,
16744,71U,47,,,
16745,71U,47,,,
16746,71U,47,,,
16747,71U,47,,,
16748,71U,47,,,
16749,71U,47,,,
16750,71U,47,,,
16751,71U,47,,,
16752,71U,47,,,
16753,71U,48,-10.0,154.3,98700.0
16754,71U,48,-9.8,153.9,99200.0
16755,71U,48,-9.6,154.1,99300.0
16756,71U,48,-10.6,152.20000000000002,99600.0
16757,71U,48,-10.5,153.0,99300.0
16758,71U,48,-10.4,153.20000000000002,99600.0
16759,71U,48,-10.4,154.0,99600.0
16760,71U,48,-10.5,154.5,100100.0
16761,71U,48,-11.3,155.3,99800.0
16762,71U,48,-11.6,154.8,100100.0
16763,71U,48,,,
16764,71U,48,,,
16765,71U,48,-12.4,154.1,99700.0
16766,71U,48,-13.3,153.3,100100.0
16767,71U,48,,,
16768,71U,48,-14.4,152.4,100200.0
16769,71U,48,-15.1,151.70000000000002,100000.0
16770,71U,48,,,
16771,71U,48,,,
16772,71U,48,-15.700000000000001,148.5,100500.0
16773,71U,48,-15.700000000000001,148.1,100200.0
16774,71U,48,-16.3,147.6,100600.0
16775,71U,48,-17.1,146.9,100400.0
16776,71U,48,,,
16777,71U,48,-16.5,144.20000000000002,100500.0
16778,71U,48,,,
16779,71U,48,,,
16780,71U,48,,,
16781,71U,48,,,
16782,71U,48,,,
16783,71U,48,,,
16784,71U,48,,,
16785,71U,48,,,
16786,71U,48,,,
16787,71U,48,,,
16788,71U,48,,,
16789,71U,48,,,
16790,71U,48,,,
16791,71U,48,,,
16792,71U,48,,,
16793,71U,49,-9.1,105.3,100900.0
16794,71U,49,,,
16795,71U,49,-10.4,107.10000000000001,101100.0
16796,71U,49,-10.700000000000001,105.60000000000001,101000.0
16797,71U,49,,,
16798,71U,49,,,
16799,71U,49,-11.9,102.5,101100.0
16800,71U,49,-12.0,100.7,101000.0
16801,71U,49,-12.6,101.60000000000001,100900.0
16802,71U,49,,,
16803,71U,49,,,
16804,71U,49,,,
16805,71U,49,,,
16806,71U,49,,,
16807,71U,49,,,
16808,71U,49,,,
16809,71U,49,,,
16810,71U,49,,,
16811,71U,49,,,
16812,71U,49,,,
16813,71U,49,,,
16814,71U,49,,,
16815,71U,49,,,
16816,71U,49,,,
16817,71U,49,,,
16818,71U,49,,,
16819,71U,49,,,
16820,71U,49,,,
16821,71U,49,,,
16822,71U,49,,,
16823,71U,49,,,
16824,71U,49,,,
16825,71U,49,,,
16826,71U,49,,,
16827,71U,49,,,
16828,71U,49,,,
16829,71U,49,,,
16830,71U,49,,,
16831,71U,49,,,
16832,71U,49,,,
16833,71U,50,-8.2,153.6,96600.0
16834,71U,50,-8.2,153.4,98200.0
16835,71U,50,-8.4,153.20000000000002,98300.0
16836,71U,50,-8.4,153.1,98800.0
16837,71U,50,-8.6,153.3,98900.0
16838,71U,50,-8.6,153.4,99400.0
16839,71U,50,-9.1,153.4,99500.0
16840,71U,50,-9.6,153.0,99900.0
16841,71U,50,-9.8,152.9,99800.0
16842,71U,50,-10.200000000000001,152.6,99800.0
16843,71U,50,-10.4,152.4,99900.0
16844,71U,50,-10.200000000000001,152.5,100500.0
16845,71U,50,-9.8,152.20000000000002,100300.0
16846,71U,50,,,
16847,71U,50,,,
16848,71U,50,,,
16849,71U,50,,,
16850,71U,50,,,
16851,71U,50,,,
16852,71U,50,,,
16853,71U,50,,,
16854,71U,50,,,
16855,71U,50,,,
16856,71U,50,,,
16857,71U,50,,,
16858,71U,50,,,
16859,71U,50,,,
16860,71U,50,,,
16861,71U,50,,,
16862,71U,50,,,
16863,71U,50,,,
16864,71U,50,,,
16865,71U,50,,,
16866,71U,50,,,
16867,71U,50,,,
16868,71U,50,,,
16869,71U,50,,,
16870,71U,50,,,
16871,71U,50,,,
16872,71U,50,,,
16873,71U,51,,,
16874,71U,51,,,
16875,71U,51,,,
16876,71U,51,,,
16877,71U,51,,,
16878,71U,51,,,
16879,71U,51,,,
16880,71U,51,,,
16881,71U,51,,,
16882,71U,51,,,
16883,71U,51,-11.4,147.3,100400.0
16884,71U,51,-11.3,148.3,100700.0
16885,71U,51,-11.700000000000001,148.4,100400.0
16886,71U,51,-11.200000000000001,147.0,100600.0
16887,71U,51,-11.6,145.9,100300.0
16888,71U,51,-11.8,144.4,100600.0
16889,71U,51,-11.9,144.5,100200.0
16890,71U,51,-11.4,143.8,100500.0
16891,71U,51,-11.200000000000001,142.9,100200.0
16892,71U,51,-11.8,141.9,100500.0
16893,71U,51,-10.4,139.3,100200.0
16894,71U,51,-10.9,139.70000000000002,100600.0
16895,71U,51,-12.4,138.8,100400.0
16896,71U,51,,,
16897,71U,51,,,
16898,71U,51,-13.5,135.4,100700.0
16899,71U,51,-11.9,134.5,100500.0
16900,71U,51,-14.200000000000001,134.5,100900.0
16901,71U,51,,,
16902,71U,51,,,
16903,71U,51,,,
16904,71U,51,,,
16905,71U,51,,,
16906,71U,51,,,
16907,71U,51,,,
16908,71U,51,,,
16909,71U,51,,,
16910,71U,51,,,
16911,71U,51,,,
16912,71U,51,,,
16913,71U,52,,,
16914,71U,52,,,
16915,71U,52,,,
16916,71U,52,,,
16917,71U,52,,,
16918,71U,52,,,
16919,71U,52,,,
16920,71U,52,,,
16921,71U,52,,,
16922,71U,52,,,
16923,71U,52,-11.4,147.3,100400.0
16924,71U,52,-11.3,148.3,100700.0
16925,71U,52,-11.700000000000001,148.4,100400.0
16926,71U,52,-11.200000000000001,147.0,100600.0
16927,71U,52,-11.6,145.9,100300.0
16928,71U,52,-11.8,144.4,100600.0
16929,71U,52,-11.9,144.5,100200.0
16930,71U,52,-11.4,143.8,100500.0
16931,71U,52,-11.200000000000001,142.9,100200.0
16932,71U,52,-11.8,141.9,100500.0
16933,71U,52,-10.4,139.3,100200.0
16934,71U,52,-10.9,139.70000000000002,100600.0
16935,71U,52,-12.4,138.8,100400.0
16936,71U,52,,,
16937,71U,52,,,
16938,71U,52,-13.5,135.4,100700.0
16939,71U,52,-11.9,134.5,100500.0
16940,71U,52,-14.200000000000001,134.5,100900.0
16941,71U,52,,,
16942,71U,52,,,
16943,71U,52,,,
16944,71U,52,,,
16945,71U,52,,,
16946,71U,52,,,
16947,71U,52,,,
16948,71U,52,,,
16949,71U,52,,,
16950,71U,52,,,
16951,71U,52,,,
16952,71U,52,,,
16953,72U,1,,,
16954,72U,1,,,
16955,72U,1,,,
16956,72U,1,,,
16957,72U,1,-4.3,156.3,100100.0
16958,72U,1,-4.3,157.3,100500.0
16959,72U,1,,,
16960,72U,1,,,
16961,72U,1,,,
16962,72U,1,-5.8,158.9,100500.0
16963,72U,1,,,
16964,72U,1,,,
16965,72U,1,,,
16966,72U,1,-5.0,158.20000000000002,100400.0
16967,72U,1,-6.0,157.9,100100.0
16968,72U,1,-9.3,155.3,100200.0
16969,72U,1,-9.8,153.0,100000.0
16970,72U,1,,,
16971,72U,1,,,
16972,72U,1,,,
16973,72U,1,,,
16974,72U,1,,,
16975,72U,1,,,
16976,72U,1,,,
16977,72U,1,,,
16978,72U,1,,,
16979,72U,1,,,
16980,72U,1,,,
16981,72U,1,,,
16982,72U,1,,,
16983,72U,1,,,
16984,72U,1,,,
16985,72U,1,,,
16986,72U,1,,,
16987,72U,1,,,
16988,72U,1,,,
16989,72U,1,,,
16990,72U,1,,,
16991,72U,1,,,
16992,72U,1,,,
16993,72U,2,,,
16994,72U,2,,,
16995,72U,2,,,
16996,72U,2,,,
16997,72U,2,,,
16998,72U,2,,,
16999,72U,2,,,
17000,72U,2,,,
17001,72U,2,,,
17002,72U,2,,,
17003,72U,2,,,
17004,72U,2,,,
17005,72U,2,,,
17006,72U,2,,,
17007,72U,2,-12.1,151.3,100100.0
17008,72U,2,-12.1,150.6,100300.0
17009,72U,2,-12.1,149.4,99900.0
17010,72U,2,-12.4,148.0,100200.0
17011,72U,2,-12.9,148.1,99800.0
17012,72U,2,-13.1,144.9,100000.0
17013,72U,2,-12.4,144.5,99700.0
17014,72U,2,-12.6,144.0,100000.0
17015,72U,2,-13.5,142.1,99700.0
17016,72U,2,-13.3,141.6,100100.0
17017,72U,2,-14.200000000000001,141.8,99900.0
17018,72U,2,-14.9,140.6,100000.0
17019,72U,2,-15.5,140.4,99700.0
17020,72U,2,-15.9,140.5,99700.0
17021,72U,2,-16.8,141.20000000000002,99400.0
17022,72U,2,-17.8,141.8,99900.0
17023,72U,2,-18.7,142.6,99900.0
17024,72U,2,-20.2,144.9,100300.0
17025,72U,2,-20.900000000000002,146.8,99900.0
17026,72U,2,-21.2,149.20000000000002,100200.0
17027,72U,2,-22.6,151.5,99700.0
17028,72U,2,-23.7,156.0,99600.0
17029,72U,2,,,
17030,72U,2,,,
17031,72U,2,,,
17032,72U,2,,,
17033,72U,3,,,
17034,72U,3,,,
17035,72U,3,,,
17036,72U,3,,,
17037,72U,3,,,
17038,72U,3,,,
17039,72U,3,,,
17040,72U,3,,,
17041,72U,3,,,
17042,72U,3,,,
17043,72U,3,-12.4,158.70000000000002,100300.0
17044,72U,3,-15.200000000000001,159.6,100800.0
17045,72U,3,,,
17046,72U,3,,,
17047,72U,3,,,
17048,72U,3,,,
17049,72U,3,,,
17050,72U,3,,,
17051,72U,3,,,
17052,72U,3,,,
17053,72U,3,,,
17054,72U,3,,,
17055,72U,3,,,
17056,72U,3,,,
17057,72U,3,,,
17058,72U,3,,,
17059,72U,3,,,
17060,72U,3,,,
17061,72U,3,,,
17062,72U,3,,,
17063,72U,3,,,
17064,72U,3,,,
17065,72U,3,,,
17066,72U,3,,,
17067,72U,3,,,
17068,72U,3,,,
17069,72U,3,,,
17070,72U,3,,,
17071,72U,3,,,
17072,72U,3,,,
17073,72U,4,,,
17074,72U,4,,,
17075,72U,4,-9.200000000000001,101.0,101000.0
17076,72U,4,,,
17077,72U,4,,,
17078,72U,4,-7.9,98.0,100900.0
17079,72U,4,,,
17080,72U,4,-8.8,98.0,100900.0
17081,72U,4,-9.1,97.4,100800.0
17082,72U,4,-7.1000000000000005,94.8,100800.0
17083,72U,4,-7.3,95.8,100900.0
17084,72U,4,,,
17085,72U,4,-8.6,96.3,100800.0
17086,72U,4,,,
17087,72U,4,-6.9,96.0,100900.0
17088,72U,4,,,
17089,72U,4,-6.3,95.9,100800.0
17090,72U,4,-6.7,96.0,100800.0
17091,72U,4,-7.9,96.3,100800.0
17092,72U,4,-8.1,96.8,100700.0
17093,72U,4,-7.6000000000000005,96.3,100700.0
17094,72U,4,-8.5,94.4,100700.0
17095,72U,4,-9.6,95.60000000000001,100800.0
17096,72U,4,-10.0,95.7,100600.0
17097,72U,4,-10.1,94.5,100700.0
17098,72U,4,-9.8,93.4,100600.0
17099,72U,4,-10.700000000000001,93.8,100700.0
17100,72U,4,-11.200000000000001,93.4,100700.0
17101,72U,4,-9.5,92.9,100700.0
17102,72U,4,-10.4,92.2,100600.0
17103,72U,4,-10.200000000000001,91.7,100700.0
17104,72U,4,-10.1,91.8,100600.0
17105,72U,4,-10.1,92.2,100600.0
17106,72U,4,-10.4,92.5,100500.0
17107,72U,4,-10.700000000000001,92.60000000000001,100600.0
17108,72U,4,-11.200000000000001,92.7,100400.0
17109,72U,4,-11.5,92.3,100400.0
17110,72U,4,-11.6,92.10000000000001,100400.0
17111,72U,4,-11.200000000000001,91.7,100500.0
17112,72U,4,-11.1,91.7,100400.0
17113,72U,5,,,
17114,72U,5,,,
17115,72U,5,,,
17116,72U,5,-3.9,158.6,100400.0
17117,72U,5,-4.6000000000000005,160.3,100100.0
17118,72U,5,-4.5,161.70000000000002,100300.0
17119,72U,5,-6.7,162.9,100300.0
17120,72U,5,-7.5,161.20000000000002,100600.0
17121,72U,5,,,
17122,72U,5,-9.6,159.0,100500.0
17123,72U,5,-10.8,157.9,99700.0
17124,72U,5,-12.1,156.5,100100.0
17125,72U,5,-13.5,154.9,99800.0
17126,72U,5,-14.4,153.4,100300.0
17127,72U,5,-15.200000000000001,152.0,100300.0
17128,72U,5,,,
17129,72U,5,,,
17130,72U,5,,,
17131,72U,5,,,
17132,72U,5,,,
17133,72U,5,,,
17134,72U,5,,,
17135,72U,5,,,
17136,72U,5,,,
17137,72U,5,,,
17138,72U,5,,,
17139,72U,5,,,
17140,72U,5,,,
17141,72U,5,,,
17142,72U,5,,,
17143,72U,5,,,
17144,72U,5,,,
17145,72U,5,,,
17146,72U,5,,,
17147,72U,5,,,
17148,72U,5,,,
17149,72U,5,,,
17150,72U,5,,,
17151,72U,5,,,
17152,72U,5,,,
17153,72U,7,,,
17154,72U,7,,,
17155,72U,7,,,
17156,72U,7,,,
17157,72U,7,,,
17158,72U,7,,,
17159,72U,7,,,
17160,72U,7,,,
17161,72U,7,,,
17162,72U,7,,,
17163,72U,7,,,
17164,72U,7,,,
17165,72U,7,,,
17166,72U,7,,,
17167,72U,7,-9.5,99.7,100900.0
17168,72U,7,,,
17169,72U,7,-10.200000000000001,99.10000000000001,100900.0
17170,72U,7,,,
17171,72U,7,-9.4,95.60000000000001,100800.0
17172,72U,7,,,
17173,72U,7,-11.9,94.2,100700.0
17174,72U,7,-11.0,93.9,100600.0
17175,72U,7,-12.700000000000001,92.8,100700.0
17176,72U,7,-11.1,91.60000000000001,100500.0
17177,72U,7,-11.1,92.8,100600.0
17178,72U,7,-11.700000000000001,90.7,100600.0
17179,72U,7,-11.9,91.10000000000001,100700.0
17180,72U,7,-12.0,90.60000000000001,100600.0
17181,72U,7,-11.4,92.10000000000001,100700.0
17182,72U,7,-11.9,90.5,100600.0
17183,72U,7,-12.5,91.7,100700.0
17184,72U,7,-11.9,92.10000000000001,100600.0
17185,72U,7,-11.3,89.8,100700.0
17186,72U,7,-11.9,89.2,100600.0
17187,72U,7,-11.9,88.4,100700.0
17188,72U,7,,,
17189,72U,7,-10.700000000000001,90.7,100800.0
17190,72U,7,,,
17191,72U,7,,,
17192,72U,7,,,
17193,72U,8,,,
17194,72U,8,,,
17195,72U,8,,,
17196,72U,8,-11.200000000000001,101.3,101000.0
17197,72U,8,,,
17198,72U,8,-12.0,99.2,100900.0
17199,72U,8,-11.5,98.2,101000.0
17200,72U,8,-10.8,97.10000000000001,100900.0
17201,72U,8,-8.6,97.0,100800.0
17202,72U,8,-9.3,95.4,100800.0
17203,72U,8,-9.4,96.9,100900.0
17204,72U,8,-10.6,97.10000000000001,100900.0
17205,72U,8,,,
17206,72U,8,,,
17207,72U,8,,,
17208,72U,8,-11.700000000000001,95.4,101000.0
17209,72U,8,,,
17210,72U,8,-9.1,94.8,100900.0
17211,72U,8,-9.9,94.2,101000.0
17212,72U,8,-9.1,93.3,100800.0
17213,72U,8,,,
17214,72U,8,-9.9,91.4,100700.0
17215,72U,8,-10.5,90.7,100900.0
17216,72U,8,-9.9,89.60000000000001,100800.0
17217,72U,8,-10.200000000000001,89.7,100900.0
17218,72U,8,,,
17219,72U,8,-9.6,87.10000000000001,101000.0
17220,72U,8,,,
17221,72U,8,,,
17222,72U,8,,,
17223,72U,8,-9.0,84.7,100900.0
17224,72U,8,-8.8,83.3,100800.0
17225,72U,8,,,
17226,72U,8,,,
17227,72U,8,,,
17228,72U,8,,,
17229,72U,8,,,
17230,72U,8,,,
17231,72U,8,,,
17232,72U,8,,,
17233,72U,9,,,
17234,72U,9,,,
17235,72U,9,,,
17236,72U,9,,,
17237,72U,9,,,
17238,72U,9,,,
17239,72U,9,,,
17240,72U,9,,,
17241,72U,9,-9.3,95.60000000000001,100800.0
17242,72U,9,,,
17243,72U,9,,,
17244,72U,9,,,
17245,72U,9,-7.2,91.8,100800.0
17246,72U,9,-7.3,90.2,100700.0
17247,72U,9,,,
17248,72U,9,-7.9,88.5,100800.0
17249,72U,9,-7.3,90.2,100900.0
17250,72U,9,-6.9,90.3,100700.0
17251,72U,9,-7.4,90.0,100900.0
17252,72U,9,-8.4,90.4,100700.0
17253,72U,9,-8.9,89.3,100800.0
17254,72U,9,-8.9,88.5,100700.0
17255,72U,9,-9.1,87.10000000000001,100800.0
17256,72U,9,-8.6,86.2,100600.0
17257,72U,9,-8.4,85.2,100700.0
17258,72U,9,-8.5,84.5,100500.0
17259,72U,9,-8.9,83.60000000000001,100800.0
17260,72U,9,-9.0,82.8,100600.0
17261,72U,9,-9.1,82.10000000000001,100700.0
17262,72U,9,-9.1,81.2,100500.0
17263,72U,9,,,
17264,72U,9,-8.8,79.3,100600.0
17265,72U,9,-9.4,78.8,100700.0
17266,72U,9,-8.4,77.7,100500.0
17267,72U,9,-8.3,78.2,100600.0
17268,72U,9,-7.2,78.60000000000001,100500.0
17269,72U,9,,,
17270,72U,9,-9.3,76.9,100400.0
17271,72U,9,,,
17272,72U,9,,,
17273,72U,10,,,
17274,72U,10,,,
17275,72U,10,,,
17276,72U,10,,,
17277,72U,10,,,
17278,72U,10,,,
17279,72U,10,,,
17280,72U,10,,,
17281,72U,10,,,
17282,72U,10,,,
17283,72U,10,-9.3,97.7,100900.0
17284,72U,10,-10.200000000000001,96.9,100900.0
17285,72U,10,-9.9,96.10000000000001,100900.0
17286,72U,10,-11.4,97.10000000000001,100800.0
17287,72U,10,-9.3,97.2,101000.0
17288,72U,10,,,
17289,72U,10,-10.5,96.10000000000001,100900.0
17290,72U,10,,,
17291,72U,10,-10.200000000000001,95.4,100900.0
17292,72U,10,-11.0,93.8,100800.0
17293,72U,10,-11.0,93.8,100800.0
17294,72U,10,-11.0,91.10000000000001,100800.0
17295,72U,10,-9.8,87.8,100900.0
17296,72U,10,-10.200000000000001,87.8,100700.0
17297,72U,10,-11.9,89.5,100800.0
17298,72U,10,,,
17299,72U,10,,,
17300,72U,10,,,
17301,72U,10,,,
17302,72U,10,,,
17303,72U,10,,,
17304,72U,10,,,
17305,72U,10,,,
17306,72U,10,,,
17307,72U,10,,,
17308,72U,10,,,
17309,72U,10,,,
17310,72U,10,,,
17311,72U,10,,,
17312,72U,10,,,
17313,72U,11,-7.9,154.1,96400.0
17314,72U,11,-7.7,154.1,97800.0
17315,72U,11,-7.8,154.4,97800.0
17316,72U,11,-8.1,154.6,98100.0
17317,72U,11,-8.4,154.3,97900.0
17318,72U,11,-8.6,154.3,98800.0
17319,72U,11,-8.9,154.1,98800.0
17320,72U,11,-9.200000000000001,153.8,99700.0
17321,72U,11,-9.1,153.20000000000002,99600.0
17322,72U,11,-9.200000000000001,152.70000000000002,99800.0
17323,72U,11,-9.700000000000001,152.5,99900.0
17324,72U,11,-9.9,152.0,100500.0
17325,72U,11,-10.0,151.8,100200.0
17326,72U,11,,,
17327,72U,11,,,
17328,72U,11,,,
17329,72U,11,,,
17330,72U,11,,,
17331,72U,11,,,
17332,72U,11,,,
17333,72U,11,,,
17334,72U,11,,,
17335,72U,11,,,
17336,72U,11,,,
17337,72U,11,,,
17338,72U,11,,,
17339,72U,11,,,
17340,72U,11,,,
17341,72U,11,,,
17342,72U,11,,,
17343,72U,11,,,
17344,72U,11,,,
17345,72U,11,,,
17346,72U,11,,,
17347,72U,11,,,
17348,72U,11,,,
17349,72U,11,,,
17350,72U,11,,,
17351,72U,11,,,
17352,72U,11,,,
17353,72U,12,,,
17354,72U,12,-11.200000000000001,106.3,101100.0
17355,72U,12,-9.9,104.4,101000.0
17356,72U,12,,,
17357,72U,12,,,
17358,72U,12,,,
17359,72U,12,-11.0,100.3,100900.0
17360,72U,12,,,
17361,72U,12,,,
17362,72U,12,,,
17363,72U,12,,,
17364,72U,12,,,
17365,72U,12,,,
17366,72U,12,,,
17367,72U,12,,,
17368,72U,12,,,
17369,72U,12,,,
17370,72U,12,,,
17371,72U,12,,,
17372,72U,12,,,
17373,72U,12,,,
17374,72U,12,,,
17375,72U,12,,,
17376,72U,12,,,
17377,72U,12,,,
17378,72U,12,,,
17379,72U,12,,,
17380,72U,12,,,
17381,72U,12,,,
17382,72U,12,,,
17383,72U,12,,,
17384,72U,12,,,
17385,72U,12,,,
17386,72U,12,,,
17387,72U,12,,,
17388,72U,12,,,
17389,72U,12,,,
17390,72U,12,,,
17391,72U,12,,,
17392,72U,12,,,
17393,72U,13,,,
17394,72U,13,,,
17395,72U,13,,,
17396,72U,13,,,
17397,72U,13,,,
17398,72U,13,,,
17399,72U,13,,,
17400,72U,13,,,
17401,72U,13,,,
17402,72U,13,,,
17403,72U,13,,,
17404,72U,13,,,
17405,72U,13,,,
17406,72U,13,,,
17407,72U,13,,,
17408,72U,13,,,
17409,72U,13,,,
17410,72U,13,,,
17411,72U,13,-10.0,155.20000000000002,100500.0
17412,72U,13,,,
17413,72U,13,,,
17414,72U,13,-12.1,149.6,100800.0
17415,72U,13,-11.8,148.0,100700.0
17416,72U,13,-12.8,147.5,100900.0
17417,72U,13,,,
17418,72U,13,,,
17419,72U,13,,,
17420,72U,13,,,
17421,72U,13,,,
17422,72U,13,,,
17423,72U,13,,,
17424,72U,13,,,
17425,72U,13,,,
17426,72U,13,,,
17427,72U,13,,,
17428,72U,13,,,
17429,72U,13,,,
17430,72U,13,,,
17431,72U,13,,,
17432,72U,13,,,
17433,72U,14,,,
17434,72U,14,,,
17435,72U,14,,,
17436,72U,14,,,
17437,72U,14,,,
17438,72U,14,,,
17439,72U,14,,,
17440,72U,14,-4.5,143.0,100700.0
17441,72U,14,,,
17442,72U,14,-4.1,146.3,100400.0
17443,72U,14,-4.6000000000000005,147.3,100300.0
17444,72U,14,,,
17445,72U,14,,,
17446,72U,14,,,
17447,72U,14,,,
17448,72U,14,,,
17449,72U,14,,,
17450,72U,14,,,
17451,72U,14,,,
17452,72U,14,,,
17453,72U,14,,,
17454,72U,14,,,
17455,72U,14,,,
17456,72U,14,,,
17457,72U,14,,,
17458,72U,14,,,
17459,72U,14,,,
17460,72U,14,,,
17461,72U,14,,,
17462,72U,14,,,
17463,72U,14,,,
17464,72U,14,,,
17465,72U,14,,,
17466,72U,14,,,
17467,72U,14,,,
17468,72U,14,,,
17469,72U,14,,,
17470,72U,14,,,
17471,72U,14,,,
17472,72U,14,,,
17473,72U,15,,,
17474,72U,15,,,
17475,72U,15,,,
17476,72U,15,,,
17477,72U,15,,,
17478,72U,15,,,
17479,72U,15,,,
17480,72U,15,,,
17481,72U,15,,,
17482,72U,15,-3.6,156.4,100600.0
17483,72U,15,,,
17484,72U,15,-2.6,158.3,100700.0
17485,72U,15,-4.8,158.20000000000002,100300.0
17486,72U,15,-5.2,157.4,100600.0
17487,72U,15,-4.8,155.70000000000002,100300.0
17488,72U,15,-5.2,156.4,100500.0
17489,72U,15,-5.8,154.4,100300.0
17490,72U,15,-7.4,154.1,100500.0
17491,72U,15,-6.8,151.5,100300.0
17492,72U,15,-6.3,151.1,100500.0
17493,72U,15,-6.2,149.5,100100.0
17494,72U,15,-6.9,148.70000000000002,100200.0
17495,72U,15,-7.4,148.6,99800.0
17496,72U,15,,,
17497,72U,15,,,
17498,72U,15,,,
17499,72U,15,,,
17500,72U,15,,,
17501,72U,15,,,
17502,72U,15,,,
17503,72U,15,,,
17504,72U,15,,,
17505,72U,15,,,
17506,72U,15,,,
17507,72U,15,,,
17508,72U,15,,,
17509,72U,15,,,
17510,72U,15,,,
17511,72U,15,,,
17512,72U,15,,,
17513,72U,16,,,
17514,72U,16,,,
17515,72U,16,,,
17516,72U,16,,,
17517,72U,16,,,
17518,72U,16,,,
17519,72U,16,,,
17520,72U,16,,,
17521,72U,16,,,
17522,72U,16,,,
17523,72U,16,,,
17524,72U,16,,,
17525,72U,16,,,
17526,72U,16,,,
17527,72U,16,,,
17528,72U,16,,,
17529,72U,16,,,
17530,72U,16,,,
17531,72U,16,,,
17532,72U,16,,,
17533,72U,16,,,
17534,72U,16,,,
17535,72U,16,,,
17536,72U,16,,,
17537,72U,16,,,
17538,72U,16,,,
17539,72U,16,,,
17540,72U,16,,,
17541,72U,16,,,
17542,72U,16,,,
17543,72U,16,,,
17544,72U,16,,,
17545,72U,16,,,
17546,72U,16,,,
17547,72U,16,-12.200000000000001,137.1,100800.0
17548,72U,16,,,
17549,72U,16,-10.4,137.4,100700.0
17550,72U,16,-11.700000000000001,137.1,101100.0
17551,72U,16,,,
17552,72U,16,-12.700000000000001,136.6,101100.0
17553,72U,17,-8.4,153.4,97800.0
17554,72U,17,-8.4,153.4,98400.0
17555,72U,17,-8.1,153.5,98500.0
17556,72U,17,-7.8,154.0,98700.0
17557,72U,17,-8.0,154.4,98100.0
17558,72U,17,-8.1,155.1,99000.0
17559,72U,17,-9.0,155.20000000000002,98900.0
17560,72U,17,-9.8,154.4,99500.0
17561,72U,17,-10.0,154.1,99400.0
17562,72U,17,-10.4,153.20000000000002,99700.0
17563,72U,17,-10.700000000000001,152.5,99600.0
17564,72U,17,-11.200000000000001,152.0,99900.0
17565,72U,17,-11.9,151.20000000000002,99400.0
17566,72U,17,-12.6,150.0,99100.0
17567,72U,17,-13.6,148.70000000000002,98200.0
17568,72U,17,-14.5,147.20000000000002,98500.0
17569,72U,17,-15.0,146.0,97400.0
17570,72U,17,-15.200000000000001,144.70000000000002,99500.0
17571,72U,17,-15.9,143.20000000000002,99900.0
17572,72U,17,-15.9,141.70000000000002,100500.0
17573,72U,17,-15.4,141.9,100200.0
17574,72U,17,-15.200000000000001,139.8,100600.0
17575,72U,17,-15.0,138.9,100400.0
17576,72U,17,-14.6,138.0,100700.0
17577,72U,17,,,
17578,72U,17,-14.0,137.5,100700.0
17579,72U,17,-13.8,137.1,100600.0
17580,72U,17,-13.9,136.8,100800.0
17581,72U,17,-13.6,136.3,100500.0
17582,72U,17,-13.6,136.0,100900.0
17583,72U,17,,,
17584,72U,17,,,
17585,72U,17,-12.200000000000001,136.4,100600.0
17586,72U,17,-12.1,136.0,101000.0
17587,72U,17,,,
17588,72U,17,,,
17589,72U,17,,,
17590,72U,17,,,
17591,72U,17,,,
17592,72U,17,,,
17593,72U,18,,,
17594,72U,18,,,
17595,72U,18,,,
17596,72U,18,,,
17597,72U,18,,,
17598,72U,18,-9.1,98.0,100800.0
17599,72U,18,-8.8,96.7,100900.0
17600,72U,18,,,
17601,72U,18,,,
17602,72U,18,,,
17603,72U,18,,,
17604,72U,18,,,
17605,72U,18,,,
17606,72U,18,,,
17607,72U,18,,,
17608,72U,18,,,
17609,72U,18,,,
17610,72U,18,,,
17611,72U,18,,,
17612,72U,18,,,
17613,72U,18,,,
17614,72U,18,,,
17615,72U,18,,,
17616,72U,18,,,
17617,72U,18,,,
17618,72U,18,,,
17619,72U,18,,,
17620,72U,18,,,
17621,72U,18,,,
17622,72U,18,,,
17623,72U,18,,,
17624,72U,18,,,
17625,72U,18,,,
17626,72U,18,,,
17627,72U,18,,,
17628,72U,18,,,
17629,72U,18,,,
17630,72U,18,,,
17631,72U,18,,,
17632,72U,18,,,
17633,72U,19,,,
17634,72U,19,,,
17635,72U,19,,,
17636,72U,19,,,
17637,72U,19,,,
17638,72U,19,-11.200000000000001,150.5,100300.0
17639,72U,19,-11.6,150.3,100200.0
17640,72U,19,,,
17641,72U,19,,,
17642,72U,19,,,
17643,72U,19,,,
17644,72U,19,,,
17645,72U,19,,,
17646,72U,19,,,
17647,72U,19,,,
17648,72U,19,,,
17649,72U,19,,,
17650,72U,19,,,
17651,72U,19,,,
17652,72U,19,,,
17653,72U,19,,,
17654,72U,19,,,
17655,72U,19,,,
17656,72U,19,,,
17657,72U,19,,,
17658,72U,19,,,
17659,72U,19,,,
17660,72U,19,,,
17661,72U,19,,,
17662,72U,19,,,
17663,72U,19,,,
17664,72U,19,,,
17665,72U,19,,,
17666,72U,19,,,
17667,72U,19,,,
17668,72U,19,,,
17669,72U,19,,,
17670,72U,19,,,
17671,72U,19,,,
17672,72U,19,,,
17673,72U,20,,,
17674,72U,20,,,
17675,72U,20,,,
17676,72U,20,,,
17677,72U,20,,,
17678,72U,20,,,
17679,72U,20,,,
17680,72U,20,-10.0,98.9,100800.0
17681,72U,20,-10.8,98.4,100700.0
17682,72U,20,-11.0,97.5,100800.0
17683,72U,20,,,
17684,72U,20,-10.4,95.2,100800.0
17685,72U,20,-10.0,94.8,100800.0
17686,72U,20,-9.8,93.60000000000001,100800.0
17687,72U,20,-9.5,94.0,100900.0
17688,72U,20,-9.8,92.8,100900.0
17689,72U,20,-9.4,93.0,100900.0
17690,72U,20,-10.0,91.9,100700.0
17691,72U,20,-10.200000000000001,91.4,100800.0
17692,72U,20,-10.0,91.7,100700.0
17693,72U,20,-10.200000000000001,90.7,100700.0
17694,72U,20,-10.1,90.10000000000001,100600.0
17695,72U,20,-11.1,90.60000000000001,100800.0
17696,72U,20,-10.0,89.60000000000001,100700.0
17697,72U,20,,,
17698,72U,20,-11.0,88.8,100700.0
17699,72U,20,-11.4,89.10000000000001,100900.0
17700,72U,20,-11.0,87.5,100800.0
17701,72U,20,-10.0,86.9,100800.0
17702,72U,20,,,
17703,72U,20,-11.6,86.2,100900.0
17704,72U,20,-10.9,84.5,100800.0
17705,72U,20,,,
17706,72U,20,,,
17707,72U,20,,,
17708,72U,20,,,
17709,72U,20,,,
17710,72U,20,,,
17711,72U,20,,,
17712,72U,20,,,
17713,72U,21,,,
17714,72U,21,,,
17715,72U,21,,,
17716,72U,21,,,
17717,72U,21,-4.8,145.70000000000002,99900.0
17718,72U,21,,,
17719,72U,21,-5.4,145.8,100100.0
17720,72U,21,-4.3,147.0,100400.0
17721,72U,21,-1.3,149.70000000000002,100200.0
17722,72U,21,,,
17723,72U,21,-1.6,153.70000000000002,100200.0
17724,72U,21,-1.5,155.3,100600.0
17725,72U,21,,,
17726,72U,21,,,
17727,72U,21,,,
17728,72U,21,,,
17729,72U,21,,,
17730,72U,21,,,
17731,72U,21,,,
17732,72U,21,,,
17733,72U,21,,,
17734,72U,21,,,
17735,72U,21,,,
17736,72U,21,,,
17737,72U,21,,,
17738,72U,21,,,
17739,72U,21,,,
17740,72U,21,,,
17741,72U,21,,,
17742,72U,21,,,
17743,72U,21,,,
17744,72U,21,,,
17745,72U,21,,,
17746,72U,21,,,
17747,72U,21,,,
17748,72U,21,,,
17749,72U,21,,,
17750,72U,21,,,
17751,72U,21,,,
17752,72U,21,,,
17753,72U,22,,,
17754,72U,22,,,
17755,72U,22,,,
17756,72U,22,,,
17757,72U,22,,,
17758,72U,22,,,
17759,72U,22,,,
17760,72U,22,,,
17761,72U,22,,,
17762,72U,22,,,
17763,72U,22,,,
17764,72U,22,,,
17765,72U,22,,,
17766,72U,22,,,
17767,72U,22,,,
17768,72U,22,,,
17769,72U,22,,,
17770,72U,22,,,
17771,72U,22,,,
17772,72U,22,,,
17773,72U,22,,,
17774,72U,22,,,
17775,72U,22,,,
17776,72U,22,,,
17777,72U,22,-21.3,153.0,100300.0
17778,72U,22,-20.7,152.70000000000002,100800.0
17779,72U,22,-20.2,155.3,100600.0
17780,72U,22,-22.0,155.6,100800.0
17781,72U,22,-21.400000000000002,155.3,100500.0
17782,72U,22,-21.8,157.3,100600.0
17783,72U,22,-21.6,159.1,100200.0
17784,72U,22,-20.8,161.0,100300.0
17785,72U,22,-20.7,164.0,100000.0
17786,72U,22,-20.900000000000002,166.5,99900.0
17787,72U,22,,,
17788,72U,22,-21.1,171.0,100100.0
17789,72U,22,-21.3,173.3,100000.0
17790,72U,22,,,
17791,72U,22,-21.400000000000002,176.9,100400.0
17792,72U,22,,,
17793,72U,23,,,
17794,72U,23,,,
17795,72U,23,,,
17796,72U,23,,,
17797,72U,23,,,
17798,72U,23,,,
17799,72U,23,,,
17800,72U,23,,,
17801,72U,23,,,
17802,72U,23,,,
17803,72U,23,,,
17804,72U,23,,,
17805,72U,23,,,
17806,72U,23,,,
17807,72U,23,,,
17808,72U,23,,,
17809,72U,23,,,
17810,72U,23,,,
17811,72U,23,-12.8,148.20000000000002,100400.0
17812,72U,23,-12.9,145.6,100600.0
17813,72U,23,-11.700000000000001,144.9,100300.0
17814,72U,23,-11.8,143.0,100600.0
17815,72U,23,-13.8,140.6,100400.0
17816,72U,23,-12.5,140.70000000000002,100700.0
17817,72U,23,-13.8,141.5,100400.0
17818,72U,23,-15.200000000000001,138.70000000000002,100700.0
17819,72U,23,-14.3,138.70000000000002,100500.0
17820,72U,23,,,
17821,72U,23,,,
17822,72U,23,,,
17823,72U,23,,,
17824,72U,23,,,
17825,72U,23,,,
17826,72U,23,,,
17827,72U,23,,,
17828,72U,23,,,
17829,72U,23,,,
17830,72U,23,,,
17831,72U,23,,,
17832,72U,23,,,
17833,72U,25,,,
17834,72U,25,-12.1,100.8,100900.0
17835,72U,25,-11.6,100.7,101000.0
17836,72U,25,-11.0,99.5,100900.0
17837,72U,25,-10.5,101.5,100900.0
17838,72U,25,,,
17839,72U,25,,,
17840,72U,25,,,
17841,72U,25,-9.700000000000001,98.7,100800.0
17842,72U,25,-9.3,98.5,100900.0
17843,72U,25,-9.8,98.3,100900.0
17844,72U,25,,,
17845,72U,25,-10.200000000000001,98.0,100900.0
17846,72U,25,-10.700000000000001,96.2,100900.0
17847,72U,25,-9.6,96.60000000000001,101000.0
17848,72U,25,,,
17849,72U,25,,,
17850,72U,25,,,
17851,72U,25,-10.200000000000001,93.8,100900.0
17852,72U,25,,,
17853,72U,25,-10.200000000000001,92.8,100800.0
17854,72U,25,,,
17855,72U,25,,,
17856,72U,25,,,
17857,72U,25,,,
17858,72U,25,,,
17859,72U,25,,,
17860,72U,25,,,
17861,72U,25,,,
17862,72U,25,,,
17863,72U,25,,,
17864,72U,25,,,
17865,72U,25,,,
17866,72U,25,,,
17867,72U,25,,,
17868,72U,25,,,
17869,72U,25,,,
17870,72U,25,,,
17871,72U,25,,,
17872,72U,25,,,
17873,72U,26,,,
17874,72U,26,-11.700000000000001,158.20000000000002,100600.0
17875,72U,26,,,
17876,72U,26,,,
17877,72U,26,,,
17878,72U,26,-10.8,151.5,100500.0
17879,72U,26,-11.700000000000001,149.8,100000.0
17880,72U,26,-11.9,150.4,100400.0
17881,72U,26,-12.5,150.70000000000002,100200.0
17882,72U,26,-12.6,147.0,100500.0
17883,72U,26,-12.8,146.8,99900.0
17884,72U,26,-13.3,146.1,100400.0
17885,72U,26,-14.0,145.1,100200.0
17886,72U,26,-13.6,144.9,100700.0
17887,72U,26,,,
17888,72U,26,-13.200000000000001,140.9,100700.0
17889,72U,26,-12.0,140.6,100300.0
17890,72U,26,-12.4,140.6,100700.0
17891,72U,26,-12.6,138.9,100300.0
17892,72U,26,-11.700000000000001,136.9,100500.0
17893,72U,26,-12.1,137.1,100200.0
17894,72U,26,-12.700000000000001,136.5,100500.0
17895,72U,26,-11.200000000000001,135.2,100400.0
17896,72U,26,-11.9,134.9,100600.0
17897,72U,26,-11.9,132.8,100400.0
17898,72U,26,-11.9,131.9,100700.0
17899,72U,26,-11.9,131.6,100500.0
17900,72U,26,-12.4,129.8,100800.0
17901,72U,26,-11.9,128.1,100500.0
17902,72U,26,-12.1,127.9,100700.0
17903,72U,26,-12.1,126.0,100500.0
17904,72U,26,-11.700000000000001,125.2,100600.0
17905,72U,26,,,
17906,72U,26,-12.6,123.10000000000001,100600.0
17907,72U,26,-12.700000000000001,121.9,100600.0
17908,72U,26,-13.0,120.10000000000001,100600.0
17909,72U,26,-13.0,118.4,100300.0
17910,72U,26,-12.8,117.4,100400.0
17911,72U,26,-12.6,116.0,100400.0
17912,72U,26,-12.5,114.8,100000.0
17913,72U,27,,,
17914,72U,27,,,
17915,72U,27,,,
17916,72U,27,,,
17917,72U,27,,,
17918,72U,27,,,
17919,72U,27,,,
17920,72U,27,,,
17921,72U,27,,,
17922,72U,27,,,
17923,72U,27,,,
17924,72U,27,,,
17925,72U,27,,,
17926,72U,27,,,
17927,72U,27,,,
17928,72U,27,,,
17929,72U,27,,,
17930,72U,27,,,
17931,72U,27,,,
17932,72U,27,,,
17933,72U,27,,,
17934,72U,27,,,
17935,72U,27,,,
17936,72U,27,,,
17937,72U,27,-4.6000000000000005,147.3,100500.0
17938,72U,27,-4.5,147.3,100800.0
17939,72U,27,,,
17940,72U,27,-4.7,146.8,101000.0
17941,72U,27,-5.8,147.4,100600.0
17942,72U,27,,,
17943,72U,27,-4.2,145.6,100800.0
17944,72U,27,,,
17945,72U,27,-4.3,142.20000000000002,100700.0
17946,72U,27,,,
17947,72U,27,,,
17948,72U,27,,,
17949,72U,27,-6.6000000000000005,140.70000000000002,100600.0
17950,72U,27,,,
17951,72U,27,,,
17952,72U,27,,,
17953,72U,28,,,
17954,72U,28,,,
17955,72U,28,,,
17956,72U,28,,,
17957,72U,28,,,
17958,72U,28,-9.200000000000001,149.4,100400.0
17959,72U,28,-9.9,149.9,100300.0
17960,72U,28,,,
17961,72U,28,-8.5,149.0,100100.0
17962,72U,28,,,
17963,72U,28,,,
17964,72U,28,,,
17965,72U,28,,,
17966,72U,28,,,
17967,72U,28,,,
17968,72U,28,,,
17969,72U,28,,,
17970,72U,28,,,
17971,72U,28,,,
17972,72U,28,,,
17973,72U,28,,,
17974,72U,28,,,
17975,72U,28,,,
17976,72U,28,,,
17977,72U,28,,,
17978,72U,28,,,
17979,72U,28,,,
17980,72U,28,,,
17981,72U,28,,,
17982,72U,28,,,
17983,72U,28,,,
17984,72U,28,,,
17985,72U,28,,,
17986,72U,28,,,
17987,72U,28,,,
17988,72U,28,,,
17989,72U,28,,,
17990,72U,28,,,
17991,72U,28,,,
17992,72U,28,,,
17993,72U,29,,,
17994,72U,29,,,
17995,72U,29,,,
17996,72U,29,,,
17997,72U,29,,,
17998,72U,29,,,
17999,72U,29,,,
18000,72U,29,,,
18001,72U,29,,,
18002,72U,29,-11.6,147.1,100600.0
18003,72U,29,-11.4,146.6,100300.0
18004,72U,29,-11.200000000000001,146.5,100600.0
18005,72U,29,,,
18006,72U,29,-9.4,145.4,100500.0
18007,72U,29,-9.5,145.5,100100.0
18008,72U,29,-10.6,145.0,100400.0
18009,72U,29,-11.5,144.20000000000002,100100.0
18010,72U,29,-11.9,143.0,100500.0
18011,72U,29,-12.0,141.20000000000002,100100.0
18012,72U,29,-13.0,139.5,100400.0
18013,72U,29,-13.8,137.6,100100.0
18014,72U,29,-13.6,135.8,100600.0
18015,72U,29,-11.0,135.8,100400.0
18016,72U,29,,,
18017,72U,29,,,
18018,72U,29,,,
18019,72U,29,,,
18020,72U,29,,,
18021,72U,29,,,
18022,72U,29,,,
18023,72U,29,,,
18024,72U,29,,,
18025,72U,29,,,
18026,72U,29,,,
18027,72U,29,,,
18028,72U,29,,,
18029,72U,29,,,
18030,72U,29,,,
18031,72U,29,,,
18032,72U,29,,,
18033,72U,30,-5.9,160.4,100200.0
18034,72U,30,,,
18035,72U,30,,,
18036,72U,30,,,
18037,72U,30,,,
18038,72U,30,,,
18039,72U,30,,,
18040,72U,30,,,
18041,72U,30,,,
18042,72U,30,,,
18043,72U,30,,,
18044,72U,30,,,
18045,72U,30,,,
18046,72U,30,,,
18047,72U,30,,,
18048,72U,30,,,
18049,72U,30,,,
18050,72U,30,,,
18051,72U,30,,,
18052,72U,30,,,
18053,72U,30,,,
18054,72U,30,,,
18055,72U,30,,,
18056,72U,30,,,
18057,72U,30,,,
18058,72U,30,,,
18059,72U,30,,,
18060,72U,30,,,
18061,72U,30,,,
18062,72U,30,,,
18063,72U,30,,,
18064,72U,30,,,
18065,72U,30,,,
18066,72U,30,,,
18067,72U,30,,,
18068,72U,30,,,
18069,72U,30,,,
18070,72U,30,,,
18071,72U,30,,,
18072,72U,30,,,
18073,72U,31,,,
18074,72U,31,,,
18075,72U,31,,,
18076,72U,31,,,
18077,72U,31,,,
18078,72U,31,,,
18079,72U,31,,,
18080,72U,31,,,
18081,72U,31,,,
18082,72U,31,,,
18083,72U,31,-13.200000000000001,96.7,100800.0
18084,72U,31,-12.3,93.8,100800.0
18085,72U,31,,,
18086,72U,31,,,
18087,72U,31,,,
18088,72U,31,,,
18089,72U,31,,,
18090,72U,31,,,
18091,72U,31,,,
18092,72U,31,,,
18093,72U,31,,,
18094,72U,31,,,
18095,72U,31,,,
18096,72U,31,,,
18097,72U,31,,,
18098,72U,31,,,
18099,72U,31,,,
18100,72U,31,,,
18101,72U,31,,,
18102,72U,31,,,
18103,72U,31,,,
18104,72U,31,,,
18105,72U,31,,,
18106,72U,31,,,
18107,72U,31,,,
18108,72U,31,,,
18109,72U,31,,,
18110,72U,31,,,
18111,72U,31,,,
18112,72U,31,,,
18113,72U,32,,,
18114,72U,32,,,
18115,72U,32,,,
18116,72U,32,,,
18117,72U,32,,,
18118,72U,32,,,
18119,72U,32,,,
18120,72U,32,,,
18121,72U,32,-4.8,154.5,100000.0
18122,72U,32,-5.0,155.6,100200.0
18123,72U,32,,,
18124,72U,32,-8.4,157.4,100300.0
18125,72U,32,-10.700000000000001,157.1,100100.0
18126,72U,32,,,
18127,72U,32,,,
18128,72U,32,,,
18129,72U,32,,,
18130,72U,32,,,
18131,72U,32,,,
18132,72U,32,,,
18133,72U,32,,,
18134,72U,32,,,
18135,72U,32,,,
18136,72U,32,,,
18137,72U,32,,,
18138,72U,32,,,
18139,72U,32,,,
18140,72U,32,,,
18141,72U,32,,,
18142,72U,32,,,
18143,72U,32,,,
18144,72U,32,,,
18145,72U,32,,,
18146,72U,32,,,
18147,72U,32,,,
18148,72U,32,,,
18149,72U,32,,,
18150,72U,32,,,
18151,72U,32,,,
18152,72U,32,,,
18153,72U,33,,,
18154,72U,33,,,
18155,72U,33,,,
18156,72U,33,,,
18157,72U,33,,,
18158,72U,33,,,
18159,72U,33,,,
18160,72U,33,,,
18161,72U,33,,,
18162,72U,33,,,
18163,72U,33,,,
18164,72U,33,,,
18165,72U,33,,,
18166,72U,33,,,
18167,72U,33,,,
18168,72U,33,,,
18169,72U,33,,,
18170,72U,33,,,
18171,72U,33,,,
18172,72U,33,,,
18173,72U,33,,,
18174,72U,33,,,
18175,72U,33,,,
18176,72U,33,,,
18177,72U,33,,,
18178,72U,33,,,
18179,72U,33,,,
18180,72U,33,,,
18181,72U,33,,,
18182,72U,33,,,
18183,72U,33,,,
18184,72U,33,,,
18185,72U,33,,,
18186,72U,33,,,
18187,72U,33,,,
18188,72U,33,-10.5,137.3,100900.0
18189,72U,33,-10.700000000000001,135.4,100600.0
18190,72U,33,-10.200000000000001,134.0,100900.0
18191,72U,33,-10.3,132.5,100400.0
18192,72U,33,-10.5,131.3,100600.0
18193,72U,34,,,
18194,72U,34,,,
18195,72U,34,,,
18196,72U,34,,,
18197,72U,34,,,
18198,72U,34,,,
18199,72U,34,,,
18200,72U,34,,,
18201,72U,34,,,
18202,72U,34,-5.7,158.6,100000.0
18203,72U,34,-7.0,159.3,99700.0
18204,72U,34,-8.6,158.3,99800.0
18205,72U,34,-9.5,157.20000000000002,99300.0
18206,72U,34,-10.9,156.8,99400.0
18207,72U,34,-12.0,155.1,98400.0
18208,72U,34,-12.8,153.1,98600.0
18209,72U,34,-13.700000000000001,151.8,98300.0
18210,72U,34,-14.8,149.9,98800.0
18211,72U,34,-15.200000000000001,148.1,98700.0
18212,72U,34,-15.5,146.3,99300.0
18213,72U,34,-15.8,145.5,99300.0
18214,72U,34,-15.9,144.20000000000002,100100.0
18215,72U,34,-16.4,143.20000000000002,100100.0
18216,72U,34,-16.6,142.5,100500.0
18217,72U,34,-15.5,142.1,100300.0
18218,72U,34,-17.1,142.1,100600.0
18219,72U,34,-17.2,141.5,100500.0
18220,72U,34,-16.5,141.3,100800.0
18221,72U,34,-16.6,142.5,100400.0
18222,72U,34,-16.9,140.9,100800.0
18223,72U,34,-16.3,140.6,100600.0
18224,72U,34,,,
18225,72U,34,,,
18226,72U,34,,,
18227,72U,34,,,
18228,72U,34,,,
18229,72U,34,,,
18230,72U,34,,,
18231,72U,34,,,
18232,72U,34,,,
18233,72U,35,,,
18234,72U,35,,,
18235,72U,35,-9.6,103.5,101000.0
18236,72U,35,,,
18237,72U,35,,,
18238,72U,35,,,
18239,72U,35,-11.700000000000001,100.4,101000.0
18240,72U,35,-11.0,99.10000000000001,100900.0
18241,72U,35,-11.200000000000001,100.4,100800.0
18242,72U,35,-10.4,99.4,100800.0
18243,72U,35,-10.8,99.0,100900.0
18244,72U,35,-10.8,97.10000000000001,100900.0
18245,72U,35,-9.3,97.10000000000001,100900.0
18246,72U,35,-7.0,96.2,100800.0
18247,72U,35,-6.8,96.4,100900.0
18248,72U,35,-7.1000000000000005,96.4,100900.0
18249,72U,35,,,
18250,72U,35,-8.8,94.0,100800.0
18251,72U,35,-9.3,94.8,100900.0
18252,72U,35,-7.3,94.2,100800.0
18253,72U,35,-7.8,93.8,100800.0
18254,72U,35,,,
18255,72U,35,-8.3,94.0,100800.0
18256,72U,35,,,
18257,72U,35,-9.9,90.9,100800.0
18258,72U,35,-9.4,91.4,100600.0
18259,72U,35,-9.4,90.2,100800.0
18260,72U,35,-11.9,91.0,100800.0
18261,72U,35,,,
18262,72U,35,,,
18263,72U,35,-10.8,90.2,100800.0
18264,72U,35,,,
18265,72U,35,,,
18266,72U,35,,,
18267,72U,35,,,
18268,72U,35,,,
18269,72U,35,,,
18270,72U,35,,,
18271,72U,35,,,
18272,72U,35,,,
18273,72U,36,,,
18274,72U,36,,,
18275,72U,36,,,
18276,72U,36,,,
18277,72U,36,,,
18278,72U,36,,,
18279,72U,36,,,
18280,72U,36,,,
18281,72U,36,,,
18282,72U,36,,,
18283,72U,36,,,
18284,72U,36,,,
18285,72U,36,,,
18286,72U,36,,,
18287,72U,36,,,
18288,72U,36,-5.5,149.5,100500.0
18289,72U,36,-4.6000000000000005,149.6,100100.0
18290,72U,36,,,
18291,72U,36,-3.5,149.8,100200.0
18292,72U,36,-4.0,149.70000000000002,100500.0
18293,72U,36,,,
18294,72U,36,-7.3,148.0,100600.0
18295,72U,36,,,
18296,72U,36,,,
18297,72U,36,-10.0,147.4,100400.0
18298,72U,36,-10.0,147.20000000000002,100700.0
18299,72U,36,,,
18300,72U,36,-8.700000000000001,143.70000000000002,100800.0
18301,72U,36,,,
18302,72U,36,,,
18303,72U,36,,,
18304,72U,36,,,
18305,72U,36,,,
18306,72U,36,,,
18307,72U,36,,,
18308,72U,36,,,
18309,72U,36,,,
18310,72U,36,,,
18311,72U,36,,,
18312,72U,36,,,
18313,72U,38,-7.9,152.70000000000002,97600.0
18314,72U,38,-8.1,152.70000000000002,98600.0
18315,72U,38,-7.9,152.70000000000002,98900.0
18316,72U,38,-7.6000000000000005,152.70000000000002,99500.0
18317,72U,38,-6.6000000000000005,153.0,99500.0
18318,72U,38,-5.8,153.6,99900.0
18319,72U,38,,,
18320,72U,38,,,
18321,72U,38,-5.1000000000000005,155.8,100200.0
18322,72U,38,-4.7,155.6,100400.0
18323,72U,38,,,
18324,72U,38,-4.3,156.3,100500.0
18325,72U,38,-4.1,156.3,100300.0
18326,72U,38,-4.0,156.0,100500.0
18327,72U,38,-6.2,156.8,100300.0
18328,72U,38,-6.9,155.4,100500.0
18329,72U,38,-7.4,153.4,100200.0
18330,72U,38,-7.9,152.3,100500.0
18331,72U,38,-10.9,149.6,100100.0
18332,72U,38,-11.3,148.5,100300.0
18333,72U,38,-12.1,146.8,100000.0
18334,72U,38,-12.5,144.8,100400.0
18335,72U,38,-12.8,142.9,100100.0
18336,72U,38,-12.9,141.6,100400.0
18337,72U,38,-13.6,140.4,100100.0
18338,72U,38,-13.9,139.20000000000002,100400.0
18339,72U,38,-14.3,138.20000000000002,100200.0
18340,72U,38,-14.3,137.4,100400.0
18341,72U,38,-14.3,137.3,100100.0
18342,72U,38,-14.5,137.20000000000002,100300.0
18343,72U,38,-15.0,137.4,100100.0
18344,72U,38,-15.0,137.0,100300.0
18345,72U,38,-15.200000000000001,137.5,100100.0
18346,72U,38,,,
18347,72U,38,-15.5,138.70000000000002,100300.0
18348,72U,38,,,
18349,72U,38,-16.4,140.20000000000002,100200.0
18350,72U,38,-16.9,140.6,100600.0
18351,72U,38,-17.3,140.3,100400.0
18352,72U,38,,,
18353,72U,39,,,
18354,72U,39,,,
18355,72U,39,,,
18356,72U,39,,,
18357,72U,39,,,
18358,72U,39,,,
18359,72U,39,,,
18360,72U,39,,,
18361,72U,39,,,
18362,72U,39,,,
18363,72U,39,,,
18364,72U,39,,,
18365,72U,39,,,
18366,72U,39,,,
18367,72U,39,,,
18368,72U,39,,,
18369,72U,39,,,
18370,72U,39,,,
18371,72U,39,,,
18372,72U,39,,,
18373,72U,39,,,
18374,72U,39,-16.5,157.0,100900.0
18375,72U,39,-17.3,154.6,100600.0
18376,72U,39,,,
18377,72U,39,,,
18378,72U,39,,,
18379,72U,39,,,
18380,72U,39,,,
18381,72U,39,,,
18382,72U,39,,,
18383,72U,39,,,
18384,72U,39,,,
18385,72U,39,,,
18386,72U,39,,,
18387,72U,39,,,
18388,72U,39,,,
18389,72U,39,,,
18390,72U,39,,,
18391,72U,39,,,
18392,72U,39,,,
18393,72U,40,,,
18394,72U,40,,,
18395,72U,40,,,
18396,72U,40,,,
18397,72U,40,,,
18398,72U,40,,,
18399,72U,40,-12.200000000000001,99.4,100900.0
18400,72U,40,,,
18401,72U,40,-11.8,97.5,100600.0
18402,72U,40,,,
18403,72U,40,-10.700000000000001,96.3,100700.0
18404,72U,40,,,
18405,72U,40,-9.5,94.7,100600.0
18406,72U,40,-9.3,94.3,100600.0
18407,72U,40,-8.6,95.0,100600.0
18408,72U,40,-8.6,97.4,100600.0
18409,72U,40,-8.8,97.5,100400.0
18410,72U,40,-10.200000000000001,96.2,100600.0
18411,72U,40,-10.200000000000001,96.0,100700.0
18412,72U,40,-10.3,95.60000000000001,100300.0
18413,72U,40,-10.200000000000001,95.3,100000.0
18414,72U,40,-10.700000000000001,94.8,99600.0
18415,72U,40,-10.9,94.5,99300.0
18416,72U,40,-11.0,94.0,98900.0
18417,72U,40,-11.200000000000001,94.0,97500.0
18418,72U,40,-11.4,93.7,97800.0
18419,72U,40,-11.6,93.4,97300.0
18420,72U,40,-11.700000000000001,93.2,97000.0
18421,72U,40,-11.8,92.8,97000.0
18422,72U,40,-11.9,92.7,97700.0
18423,72U,40,-11.8,92.3,97300.0
18424,72U,40,-11.700000000000001,91.3,98600.0
18425,72U,40,-11.200000000000001,90.4,99400.0
18426,72U,40,-11.4,89.5,99300.0
18427,72U,40,-11.200000000000001,88.9,99500.0
18428,72U,40,-11.4,88.10000000000001,99300.0
18429,72U,40,-11.5,87.10000000000001,99600.0
18430,72U,40,-12.200000000000001,86.0,99500.0
18431,72U,40,-11.8,85.0,99800.0
18432,72U,40,-12.0,84.3,99600.0
18433,72U,41,,,
18434,72U,41,,,
18435,72U,41,,,
18436,72U,41,,,
18437,72U,41,,,
18438,72U,41,,,
18439,72U,41,,,
18440,72U,41,,,
18441,72U,41,,,
18442,72U,41,,,
18443,72U,41,,,
18444,72U,41,,,
18445,72U,41,,,
18446,72U,41,,,
18447,72U,41,,,
18448,72U,41,,,
18449,72U,41,,,
18450,72U,41,-10.4,145.20000000000002,100400.0
18451,72U,41,-10.700000000000001,145.20000000000002,100100.0
18452,72U,41,-11.4,144.70000000000002,100400.0
18453,72U,41,-11.9,143.9,100100.0
18454,72U,41,-12.6,141.5,100600.0
18455,72U,41,-12.8,140.6,100300.0
18456,72U,41,-12.9,138.8,100600.0
18457,72U,41,-12.4,139.0,100400.0
18458,72U,41,-14.3,137.1,100600.0
18459,72U,41,-12.8,136.8,100400.0
18460,72U,41,,,
18461,72U,41,,,
18462,72U,41,,,
18463,72U,41,,,
18464,72U,41,,,
18465,72U,41,,,
18466,72U,41,,,
18467,72U,41,,,
18468,72U,41,,,
18469,72U,41,,,
18470,72U,41,,,
18471,72U,41,,,
18472,72U,41,,,
18473,72U,42,,,
18474,72U,42,,,
18475,72U,42,,,
18476,72U,42,,,
18477,72U,42,,,
18478,72U,42,,,
18479,72U,42,,,
18480,72U,42,,,
18481,72U,42,,,
18482,72U,42,,,
18483,72U,42,,,
18484,72U,42,,,
18485,72U,42,-7.3,93.4,100900.0
18486,72U,42,-7.3,90.60000000000001,100800.0
18487,72U,42,,,
18488,72U,42,,,
18489,72U,42,-8.1,90.9,100900.0
18490,72U,42,-7.2,90.9,100800.0
18491,72U,42,-8.8,88.8,100900.0
18492,72U,42,,,
18493,72U,42,-9.0,90.3,100800.0
18494,72U,42,-9.1,89.2,100700.0
18495,72U,42,-9.200000000000001,89.5,100800.0
18496,72U,42,-9.8,87.8,100700.0
18497,72U,42,-9.5,87.9,100800.0
18498,72U,42,-10.4,87.3,100600.0
18499,72U,42,-10.5,86.4,100800.0
18500,72U,42,-9.700000000000001,85.60000000000001,100600.0
18501,72U,42,-9.6,85.2,100700.0
18502,72U,42,-10.700000000000001,84.0,100500.0
18503,72U,42,-10.1,82.60000000000001,100700.0
18504,72U,42,-8.6,82.10000000000001,100500.0
18505,72U,42,-9.700000000000001,81.4,100700.0
18506,72U,42,-9.6,80.60000000000001,100500.0
18507,72U,42,-9.5,79.8,100500.0
18508,72U,42,-9.3,79.4,100000.0
18509,72U,42,-9.3,79.10000000000001,99900.0
18510,72U,42,-9.6,78.7,99300.0
18511,72U,42,-10.1,78.0,99100.0
18512,72U,42,-10.200000000000001,77.3,98900.0
18513,72U,43,,,
18514,72U,43,,,
18515,72U,43,,,
18516,72U,43,,,
18517,72U,43,-9.1,97.10000000000001,100900.0
18518,72U,43,,,
18519,72U,43,,,
18520,72U,43,-8.8,93.5,100800.0
18521,72U,43,,,
18522,72U,43,,,
18523,72U,43,-9.3,94.0,100900.0
18524,72U,43,,,
18525,72U,43,-7.2,94.2,100800.0
18526,72U,43,,,
18527,72U,43,-8.2,93.3,100900.0
18528,72U,43,-7.3,92.8,100700.0
18529,72U,43,-7.2,93.60000000000001,100800.0
18530,72U,43,-6.7,93.3,100700.0
18531,72U,43,-6.5,93.7,100800.0
18532,72U,43,-6.6000000000000005,93.3,100600.0
18533,72U,43,-8.700000000000001,94.2,100600.0
18534,72U,43,-9.1,94.3,100500.0
18535,72U,43,-10.3,94.10000000000001,100600.0
18536,72U,43,-11.3,93.8,100400.0
18537,72U,43,-12.1,93.5,100400.0
18538,72U,43,-12.5,93.0,100400.0
18539,72U,43,-13.1,93.3,100500.0
18540,72U,43,-13.5,93.3,100400.0
18541,72U,43,-13.8,94.0,100400.0
18542,72U,43,-13.6,94.10000000000001,100300.0
18543,72U,43,-13.5,94.10000000000001,100400.0
18544,72U,43,-13.3,93.9,100300.0
18545,72U,43,-13.5,94.4,100400.0
18546,72U,43,-13.8,94.3,100400.0
18547,72U,43,-13.8,94.0,100500.0
18548,72U,43,-14.4,94.4,100400.0
18549,72U,43,-15.4,94.3,100500.0
18550,72U,43,-16.0,91.2,100500.0
18551,72U,43,-14.1,87.10000000000001,100700.0
18552,72U,43,,,
18553,72U,44,,,
18554,72U,44,,,
18555,72U,44,,,
18556,72U,44,,,
18557,72U,44,,,
18558,72U,44,,,
18559,72U,44,,,
18560,72U,44,,,
18561,72U,44,,,
18562,72U,44,,,
18563,72U,44,,,
18564,72U,44,,,
18565,72U,44,,,
18566,72U,44,,,
18567,72U,44,,,
18568,72U,44,,,
18569,72U,44,,,
18570,72U,44,-12.4,95.10000000000001,100700.0
18571,72U,44,-11.9,93.4,100700.0
18572,72U,44,-11.200000000000001,93.0,100500.0
18573,72U,44,-11.6,93.0,100500.0
18574,72U,44,-12.4,92.10000000000001,100400.0
18575,72U,44,-12.6,90.9,100400.0
18576,72U,44,-12.3,90.4,100300.0
18577,72U,44,-12.5,90.4,100300.0
18578,72U,44,-12.6,89.5,100200.0
18579,72U,44,-12.4,89.0,100300.0
18580,72U,44,-12.8,88.7,100200.0
18581,72U,44,-12.6,88.3,100100.0
18582,72U,44,-12.700000000000001,88.10000000000001,99800.0
18583,72U,44,-12.8,88.10000000000001,99300.0
18584,72U,44,-12.9,87.9,97700.0
18585,72U,44,-13.1,87.60000000000001,98300.0
18586,72U,44,-13.3,87.5,98500.0
18587,72U,44,-13.6,87.3,99100.0
18588,72U,44,-13.8,87.10000000000001,99200.0
18589,72U,44,-13.6,86.9,99600.0
18590,72U,44,-13.6,86.8,99600.0
18591,72U,44,-13.6,86.4,99900.0
18592,72U,44,-13.8,86.4,99900.0
18593,72U,45,-8.0,153.70000000000002,95800.0
18594,72U,45,-8.0,153.5,96800.0
18595,72U,45,-8.4,153.3,97100.0
18596,72U,45,-8.9,153.0,98200.0
18597,72U,45,-10.1,153.0,98400.0
18598,72U,45,-11.4,151.8,98800.0
18599,72U,45,-12.1,150.8,99100.0
18600,72U,45,-12.4,149.9,99100.0
18601,72U,45,-13.1,149.20000000000002,99200.0
18602,72U,45,-13.5,148.20000000000002,99000.0
18603,72U,45,-13.5,146.9,98800.0
18604,72U,45,-13.5,145.8,98800.0
18605,72U,45,-13.6,145.1,98400.0
18606,72U,45,-13.9,144.20000000000002,98700.0
18607,72U,45,-14.3,143.0,99000.0
18608,72U,45,-14.700000000000001,141.6,99900.0
18609,72U,45,-15.200000000000001,140.5,99600.0
18610,72U,45,-15.200000000000001,139.8,99700.0
18611,72U,45,-15.4,139.1,99500.0
18612,72U,45,-15.700000000000001,138.5,100000.0
18613,72U,45,-16.0,137.6,100000.0
18614,72U,45,-16.4,136.8,100700.0
18615,72U,45,-16.6,135.9,100600.0
18616,72U,45,,,
18617,72U,45,,,
18618,72U,45,,,
18619,72U,45,,,
18620,72U,45,,,
18621,72U,45,,,
18622,72U,45,,,
18623,72U,45,,,
18624,72U,45,,,
18625,72U,45,,,
18626,72U,45,,,
18627,72U,45,,,
18628,72U,45,,,
18629,72U,45,,,
18630,72U,45,,,
18631,72U,45,,,
18632,72U,45,,,
18633,72U,46,,,
18634,72U,46,,,
18635,72U,46,,,
18636,72U,46,,,
18637,72U,46,,,
18638,72U,46,,,
18639,72U,46,,,
18640,72U,46,,,
18641,72U,46,,,
18642,72U,46,,,
18643,72U,46,,,
18644,72U,46,,,
18645,72U,46,,,
18646,72U,46,,,
18647,72U,46,,,
18648,72U,46,-4.2,152.5,100700.0
18649,72U,46,,,
18650,72U,46,,,
18651,72U,46,,,
18652,72U,46,-8.4,151.20000000000002,100800.0
18653,72U,46,,,
18654,72U,46,-7.4,149.0,100700.0
18655,72U,46,-8.5,149.0,100500.0
18656,72U,46,,,
18657,72U,46,,,
18658,72U,46,-10.0,147.20000000000002,100900.0
18659,72U,46,,,
18660,72U,46,,,
18661,72U,46,-10.0,147.3,100500.0
18662,72U,46,-10.0,147.3,100700.0
18663,72U,46,,,
18664,72U,46,-12.5,146.8,100800.0
18665,72U,46,,,
18666,72U,46,-13.6,146.8,100800.0
18667,72U,46,,,
18668,72U,46,,,
18669,72U,46,-15.200000000000001,151.1,100700.0
18670,72U,46,,,
18671,72U,46,,,
18672,72U,46,,,
18673,72U,47,,,
18674,72U,47,,,
18675,72U,47,,,
18676,72U,47,,,
18677,72U,47,,,
18678,72U,47,,,
18679,72U,47,,,
18680,72U,47,,,
18681,72U,47,,,
18682,72U,47,,,
18683,72U,47,,,
18684,72U,47,,,
18685,72U,47,,,
18686,72U,47,,,
18687,72U,47,,,
18688,72U,47,,,
18689,72U,47,,,
18690,72U,47,-11.6,152.0,100800.0
18691,72U,47,-11.3,151.70000000000002,100600.0
18692,72U,47,,,
18693,72U,47,-10.4,149.9,100500.0
18694,72U,47,,,
18695,72U,47,,,
18696,72U,47,-9.700000000000001,147.3,100800.0
18697,72U,47,-10.200000000000001,146.3,100500.0
18698,72U,47,-10.9,148.6,100800.0
18699,72U,47,,,
18700,72U,47,-10.4,149.9,100900.0
18701,72U,47,,,
18702,72U,47,,,
18703,72U,47,-10.700000000000001,147.70000000000002,100700.0
18704,72U,47,-10.6,146.70000000000002,101000.0
18705,72U,47,,,
18706,72U,47,,,
18707,72U,47,,,
18708,72U,47,-9.9,147.20000000000002,100800.0
18709,72U,47,-8.4,146.0,100300.0
18710,72U,47,,,
18711,72U,47,-9.9,147.1,100500.0
18712,72U,47,-8.8,146.20000000000002,100800.0
18713,72U,48,,,
18714,72U,48,,,
18715,72U,48,,,
18716,72U,48,,,
18717,72U,48,-5.7,156.5,99600.0
18718,72U,48,-5.8,158.5,99900.0
18719,72U,48,-6.5,160.8,99600.0
18720,72U,48,-5.8,160.70000000000002,99900.0
18721,72U,48,-7.0,162.9,99900.0
18722,72U,48,-8.6,164.3,100100.0
18723,72U,48,,,
18724,72U,48,,,
18725,72U,48,,,
18726,72U,48,,,
18727,72U,48,,,
18728,72U,48,,,
18729,72U,48,,,
18730,72U,48,,,
18731,72U,48,,,
18732,72U,48,,,
18733,72U,48,,,
18734,72U,48,,,
18735,72U,48,,,
18736,72U,48,,,
18737,72U,48,,,
18738,72U,48,,,
18739,72U,48,,,
18740,72U,48,,,
18741,72U,48,,,
18742,72U,48,,,
18743,72U,48,,,
18744,72U,48,,,
18745,72U,48,,,
18746,72U,48,,,
18747,72U,48,,,
18748,72U,48,,,
18749,72U,48,,,
18750,72U,48,,,
18751,72U,48,,,
18752,72U,48,,,
18753,72U,49,,,
18754,72U,49,,,
18755,72U,49,,,
18756,72U,49,,,
18757,72U,49,,,
18758,72U,49,,,
18759,72U,49,,,
18760,72U,49,,,
18761,72U,49,-11.6,150.3,100200.0
18762,72U,49,-12.1,148.0,100500.0
18763,72U,49,-11.200000000000001,147.5,100300.0
18764,72U,49,-11.4,147.70000000000002,100400.0
18765,72U,49,-11.700000000000001,147.70000000000002,100200.0
18766,72U,49,-11.9,147.70000000000002,100600.0
18767,72U,49,-10.9,145.8,100400.0
18768,72U,49,-11.3,146.1,100600.0
18769,72U,49,,,
18770,72U,49,-12.3,145.8,100700.0
18771,72U,49,-12.8,145.1,100400.0
18772,72U,49,-12.3,144.20000000000002,100700.0
18773,72U,49,-13.8,142.70000000000002,100400.0
18774,72U,49,,,
18775,72U,49,,,
18776,72U,49,,,
18777,72U,49,,,
18778,72U,49,,,
18779,72U,49,,,
18780,72U,49,,,
18781,72U,49,,,
18782,72U,49,,,
18783,72U,49,,,
18784,72U,49,,,
18785,72U,49,,,
18786,72U,49,,,
18787,72U,49,,,
18788,72U,49,,,
18789,72U,49,,,
18790,72U,49,,,
18791,72U,49,,,
18792,72U,49,,,
18793,72U,50,,,
18794,72U,50,,,
18795,72U,50,,,
18796,72U,50,,,
18797,72U,50,,,
18798,72U,50,,,
18799,72U,50,,,
18800,72U,50,,,
18801,72U,50,,,
18802,72U,50,,,
18803,72U,50,,,
18804,72U,50,,,
18805,72U,50,,,
18806,72U,50,-6.5,104.5,100900.0
18807,72U,50,,,
18808,72U,50,-5.7,103.2,101100.0
18809,72U,50,-5.5,104.60000000000001,100800.0
18810,72U,50,-6.5,103.9,100900.0
18811,72U,50,,,
18812,72U,50,-6.7,104.60000000000001,100900.0
18813,72U,50,-7.6000000000000005,107.60000000000001,100700.0
18814,72U,50,-8.700000000000001,110.2,100800.0
18815,72U,50,,,
18816,72U,50,,,
18817,72U,50,,,
18818,72U,50,,,
18819,72U,50,,,
18820,72U,50,,,
18821,72U,50,,,
18822,72U,50,,,
18823,72U,50,,,
18824,72U,50,,,
18825,72U,50,,,
18826,72U,50,,,
18827,72U,50,,,
18828,72U,50,,,
18829,72U,50,,,
18830,72U,50,,,
18831,72U,50,,,
18832,72U,50,,,
18833,72U,51,,,
18834,72U,51,,,
18835,72U,51,,,
18836,72U,51,,,
18837,72U,51,,,
18838,72U,51,,,
18839,72U,51,,,
18840,72U,51,,,
18841,72U,51,,,
18842,72U,51,,,
18843,72U,51,,,
18844,72U,51,,,
18845,72U,51,,,
18846,72U,51,,,
18847,72U,51,,,
18848,72U,51,,,
18849,72U,51,,,
18850,72U,51,,,
18851,72U,51,,,
18852,72U,51,,,
18853,72U,51,,,
18854,72U,51,,,
18855,72U,51,-9.9,93.8,100800.0
18856,72U,51,,,
18857,72U,51,-10.4,92.5,100700.0
18858,72U,51,-10.0,93.10000000000001,100600.0
18859,72U,51,-10.200000000000001,92.10000000000001,100800.0
18860,72U,51,-9.5,91.8,100600.0
18861,72U,51,-10.200000000000001,90.0,100800.0
18862,72U,51,-9.0,88.9,100600.0
18863,72U,51,-9.8,90.7,100800.0
18864,72U,51,,,
18865,72U,51,-10.3,89.10000000000001,100700.0
18866,72U,51,-9.8,85.3,100600.0
18867,72U,51,,,
18868,72U,51,,,
18869,72U,51,,,
18870,72U,51,,,
18871,72U,51,,,
18872,72U,51,,,
18873,72U,52,,,
18874,72U,52,,,
18875,72U,52,,,
18876,72U,52,,,
18877,72U,52,,,
18878,72U,52,,,
18879,72U,52,,,
18880,72U,52,,,
18881,72U,52,,,
18882,72U,52,,,
18883,72U,52,,,
18884,72U,52,,,
18885,72U,52,,,
18886,72U,52,,,
18887,72U,52,,,
18888,72U,52,,,
18889,72U,52,,,
18890,72U,52,,,
18891,72U,52,,,
18892,72U,52,,,
18893,72U,52,,,
18894,72U,52,,,
18895,72U,52,-9.9,93.8,100800.0
18896,72U,52,,,
18897,72U,52,-10.4,92.5,100700.0
18898,72U,52,-10.0,93.10000000000001,100600.0
18899,72U,52,-10.200000000000001,92.10000000000001,100800.0
18900,72U,52,-9.5,91.8,100600.0
18901,72U,52,-10.200000000000001,90.0,100800.0
18902,72U,52,-9.0,88.9,100600.0
18903,72U,52,-9.8,90.7,100800.0
18904,72U,52,,,
18905,72U,52,-10.3,89.10000000000001,100700.0
18906,72U,52,-9.8,85.3,100600.0
18907,72U,52,,,
18908,72U,52,,,
18909,72U,52,,,
18910,72U,52,,,
18911,72U,52,,,
18912,72U,52,,,
18913,73U,1,,,
18914,73U,1,,,
18915,73U,1,,,
18916,73U,1,,,
18917,73U,1,,,
18918,73U,1,,,
18919,73U,1,,,
18920,73U,1,,,
18921,73U,1,,,
18922,73U,1,,,
18923,73U,1,,,
18924,73U,1,,,
18925,73U,1,,,
18926,73U,1,,,
18927,73U,1,,,
18928,73U,1,,,
18929,73U,1,,,
18930,73U,1,-6.0,152.9,100400.0
18931,73U,1,-6.8,152.20000000000002,100000.0
18932,73U,1,-7.9,151.20000000000002,100200.0
18933,73U,1,-8.1,150.0,99900.0
18934,73U,1,-8.1,149.9,100300.0
18935,73U,1,,,
18936,73U,1,,,
18937,73U,1,,,
18938,73U,1,,,
18939,73U,1,,,
18940,73U,1,,,
18941,73U,1,,,
18942,73U,1,,,
18943,73U,1,,,
18944,73U,1,,,
18945,73U,1,,,
18946,73U,1,,,
18947,73U,1,,,
18948,73U,1,,,
18949,73U,1,,,
18950,73U,1,,,
18951,73U,1,,,
18952,73U,1,,,
18953,73U,2,,,
18954,73U,2,,,
18955,73U,2,,,
18956,73U,2,,,
18957,73U,2,,,
18958,73U,2,,,
18959,73U,2,,,
18960,73U,2,,,
18961,73U,2,,,
18962,73U,2,,,
18963,73U,2,,,
18964,73U,2,,,
18965,73U,2,,,
18966,73U,2,,,
18967,73U,2,,,
18968,73U,2,,,
18969,73U,2,,,
18970,73U,2,,,
18971,73U,2,,,
18972,73U,2,,,
18973,73U,2,,,
18974,73U,2,,,
18975,73U,2,,,
18976,73U,2,,,
18977,73U,2,,,
18978,73U,2,,,
18979,73U,2,,,
18980,73U,2,,,
18981,73U,2,,,
18982,73U,2,-23.1,154.20000000000002,100700.0
18983,73U,2,-22.7,154.8,100300.0
18984,73U,2,-22.1,157.4,100500.0
18985,73U,2,,,
18986,73U,2,-21.7,162.3,100500.0
18987,73U,2,,,
18988,73U,2,,,
18989,73U,2,,,
18990,73U,2,,,
18991,73U,2,,,
18992,73U,2,,,
18993,73U,3,,,
18994,73U,3,,,
18995,73U,3,,,
18996,73U,3,,,
18997,73U,3,,,
18998,73U,3,,,
18999,73U,3,,,
19000,73U,3,,,
19001,73U,3,,,
19002,73U,3,,,
19003,73U,3,,,
19004,73U,3,,,
19005,73U,3,,,
19006,73U,3,,,
19007,73U,3,,,
19008,73U,3,,,
19009,73U,3,,,
19010,73U,3,,,
19011,73U,3,,,
19012,73U,3,,,
19013,73U,3,,,
19014,73U,3,,,
19015,73U,3,,,
19016,73U,3,,,
19017,73U,3,,,
19018,73U,3,,,
19019,73U,3,,,
19020,73U,3,,,
19021,73U,3,,,
19022,73U,3,,,
19023,73U,3,-20.900000000000002,152.9,100500.0
19024,73U,3,-20.400000000000002,154.8,100500.0
19025,73U,3,,,
19026,73U,3,,,
19027,73U,3,,,
19028,73U,3,,,
19029,73U,3,,,
19030,73U,3,,,
19031,73U,3,,,
19032,73U,3,,,
19033,73U,4,,,
19034,73U,4,,,
19035,73U,4,,,
19036,73U,4,,,
19037,73U,4,,,
19038,73U,4,,,
19039,73U,4,-11.0,149.9,100000.0
19040,73U,4,-10.9,149.6,100000.0
19041,73U,4,,,
19042,73U,4,,,
19043,73U,4,,,
19044,73U,4,,,
19045,73U,4,,,
19046,73U,4,,,
19047,73U,4,,,
19048,73U,4,,,
19049,73U,4,,,
19050,73U,4,,,
19051,73U,4,,,
19052,73U,4,,,
19053,73U,4,,,
19054,73U,4,,,
19055,73U,4,,,
19056,73U,4,,,
19057,73U,4,,,
19058,73U,4,,,
19059,73U,4,,,
19060,73U,4,,,
19061,73U,4,,,
19062,73U,4,,,
19063,73U,4,,,
19064,73U,4,,,
19065,73U,4,,,
19066,73U,4,,,
19067,73U,4,,,
19068,73U,4,,,
19069,73U,4,,,
19070,73U,4,,,
19071,73U,4,,,
19072,73U,4,,,
19073,73U,5,,,
19074,73U,5,,,
19075,73U,5,,,
19076,73U,5,,,
19077,73U,5,,,
19078,73U,5,,,
19079,73U,5,-11.9,100.60000000000001,100900.0
19080,73U,5,-13.200000000000001,102.5,100800.0
19081,73U,5,-12.3,101.3,100700.0
19082,73U,5,-11.9,99.8,100700.0
19083,73U,5,,,
19084,73U,5,-11.8,98.60000000000001,100800.0
19085,73U,5,,,
19086,73U,5,-11.6,97.5,100800.0
19087,73U,5,,,
19088,73U,5,,,
19089,73U,5,,,
19090,73U,5,-9.8,95.4,100800.0
19091,73U,5,,,
19092,73U,5,-8.6,94.8,100800.0
19093,73U,5,,,
19094,73U,5,,,
19095,73U,5,,,
19096,73U,5,,,
19097,73U,5,,,
19098,73U,5,,,
19099,73U,5,,,
19100,73U,5,,,
19101,73U,5,,,
19102,73U,5,,,
19103,73U,5,,,
19104,73U,5,,,
19105,73U,5,,,
19106,73U,5,,,
19107,73U,5,,,
19108,73U,5,,,
19109,73U,5,,,
19110,73U,5,,,
19111,73U,5,,,
19112,73U,5,,,
19113,73U,8,,,
19114,73U,8,,,
19115,73U,8,,,
19116,73U,8,,,
19117,73U,8,,,
19118,73U,8,,,
19119,73U,8,,,
19120,73U,8,,,
19121,73U,8,,,
19122,73U,8,,,
19123,73U,8,,,
19124,73U,8,-3.8000000000000003,156.70000000000002,100500.0
19125,73U,8,-5.4,158.0,100200.0
19126,73U,8,-7.3,157.70000000000002,100500.0
19127,73U,8,-9.6,156.8,100300.0
19128,73U,8,-11.4,154.6,100500.0
19129,73U,8,,,
19130,73U,8,,,
19131,73U,8,-13.6,148.20000000000002,100200.0
19132,73U,8,-13.700000000000001,146.3,100400.0
19133,73U,8,-13.8,145.70000000000002,100100.0
19134,73U,8,,,
19135,73U,8,-14.6,144.9,100400.0
19136,73U,8,-14.3,143.6,100700.0
19137,73U,8,-13.4,142.3,100500.0
19138,73U,8,,,
19139,73U,8,-16.4,142.20000000000002,100600.0
19140,73U,8,-16.5,141.8,100800.0
19141,73U,8,,,
19142,73U,8,,,
19143,73U,8,-15.3,140.6,100600.0
19144,73U,8,-15.1,140.20000000000002,100800.0
19145,73U,8,-14.5,142.1,100500.0
19146,73U,8,,,
19147,73U,8,-16.0,140.4,100600.0
19148,73U,8,-15.9,140.20000000000002,100900.0
19149,73U,8,,,
19150,73U,8,,,
19151,73U,8,,,
19152,73U,8,,,
19153,73U,9,,,
19154,73U,9,,,
19155,73U,9,,,
19156,73U,9,,,
19157,73U,9,,,
19158,73U,9,,,
19159,73U,9,,,
19160,73U,9,,,
19161,73U,9,,,
19162,73U,9,,,
19163,73U,9,,,
19164,73U,9,,,
19165,73U,9,,,
19166,73U,9,,,
19167,73U,9,-3.7,154.8,100500.0
19168,73U,9,,,
19169,73U,9,,,
19170,73U,9,,,
19171,73U,9,-6.2,147.8,100600.0
19172,73U,9,,,
19173,73U,9,,,
19174,73U,9,-8.6,145.9,100700.0
19175,73U,9,-10.9,142.9,100500.0
19176,73U,9,,,
19177,73U,9,,,
19178,73U,9,-11.200000000000001,139.20000000000002,100800.0
19179,73U,9,-9.700000000000001,137.0,100600.0
19180,73U,9,,,
19181,73U,9,-12.200000000000001,134.9,100600.0
19182,73U,9,,,
19183,73U,9,,,
19184,73U,9,,,
19185,73U,9,,,
19186,73U,9,,,
19187,73U,9,,,
19188,73U,9,,,
19189,73U,9,,,
19190,73U,9,,,
19191,73U,9,,,
19192,73U,9,,,
19193,73U,10,,,
19194,73U,10,,,
19195,73U,10,,,
19196,73U,10,,,
19197,73U,10,,,
19198,73U,10,,,
19199,73U,10,,,
19200,73U,10,,,
19201,73U,10,,,
19202,73U,10,,,
19203,73U,10,,,
19204,73U,10,,,
19205,73U,10,,,
19206,73U,10,,,
19207,73U,10,,,
19208,73U,10,,,
19209,73U,10,,,
19210,73U,10,-3.6,144.20000000000002,100600.0
19211,73U,10,-2.2,145.5,100200.0
19212,73U,10,,,
19213,73U,10,,,
19214,73U,10,-2.0,149.8,100800.0
19215,73U,10,,,
19216,73U,10,,,
19217,73U,10,,,
19218,73U,10,,,
19219,73U,10,,,
19220,73U,10,,,
19221,73U,10,,,
19222,73U,10,,,
19223,73U,10,,,
19224,73U,10,,,
19225,73U,10,,,
19226,73U,10,,,
19227,73U,10,,,
19228,73U,10,,,
19229,73U,10,,,
19230,73U,10,,,
19231,73U,10,,,
19232,73U,10,,,
19233,73U,11,,,
19234,73U,11,,,
19235,73U,11,,,
19236,73U,11,,,
19237,73U,11,,,
19238,73U,11,,,
19239,73U,11,,,
19240,73U,11,,,
19241,73U,11,-0.1,155.6,100300.0
19242,73U,11,,,
19243,73U,11,,,
19244,73U,11,-1.2,161.4,100700.0
19245,73U,11,-2.0,159.20000000000002,100400.0
19246,73U,11,,,
19247,73U,11,-3.2,159.3,100400.0
19248,73U,11,-3.5,158.5,100600.0
19249,73U,11,,,
19250,73U,11,-1.5,155.5,100600.0
19251,73U,11,-2.0,153.4,100400.0
19252,73U,11,-3.3000000000000003,155.1,100700.0
19253,73U,11,,,
19254,73U,11,,,
19255,73U,11,,,
19256,73U,11,,,
19257,73U,11,,,
19258,73U,11,,,
19259,73U,11,,,
19260,73U,11,,,
19261,73U,11,,,
19262,73U,11,,,
19263,73U,11,,,
19264,73U,11,,,
19265,73U,11,,,
19266,73U,11,,,
19267,73U,11,,,
19268,73U,11,,,
19269,73U,11,,,
19270,73U,11,,,
19271,73U,11,,,
19272,73U,11,,,
19273,73U,12,,,
19274,73U,12,,,
19275,73U,12,,,
19276,73U,12,,,
19277,73U,12,,,
19278,73U,12,-3.8000000000000003,154.3,100500.0
19279,73U,12,-3.1,155.70000000000002,100300.0
19280,73U,12,,,
19281,73U,12,-4.4,155.20000000000002,100300.0
19282,73U,12,-3.6,155.1,100600.0
19283,73U,12,-2.4,154.1,100300.0
19284,73U,12,-4.5,155.1,100600.0
19285,73U,12,-5.7,154.6,100400.0
19286,73U,12,-6.1000000000000005,154.1,100600.0
19287,73U,12,-6.4,150.8,100400.0
19288,73U,12,-7.0,149.9,100700.0
19289,73U,12,,,
19290,73U,12,,,
19291,73U,12,,,
19292,73U,12,-10.8,145.8,100800.0
19293,73U,12,,,
19294,73U,12,,,
19295,73U,12,,,
19296,73U,12,,,
19297,73U,12,,,
19298,73U,12,,,
19299,73U,12,,,
19300,73U,12,,,
19301,73U,12,,,
19302,73U,12,,,
19303,73U,12,,,
19304,73U,12,,,
19305,73U,12,,,
19306,73U,12,,,
19307,73U,12,,,
19308,73U,12,,,
19309,73U,12,,,
19310,73U,12,,,
19311,73U,12,,,
19312,73U,12,,,
19313,73U,13,,,
19314,73U,13,,,
19315,73U,13,,,
19316,73U,13,,,
19317,73U,13,,,
19318,73U,13,,,
19319,73U,13,,,
19320,73U,13,,,
19321,73U,13,,,
19322,73U,13,,,
19323,73U,13,,,
19324,73U,13,,,
19325,73U,13,,,
19326,73U,13,,,
19327,73U,13,,,
19328,73U,13,,,
19329,73U,13,,,
19330,73U,13,,,
19331,73U,13,,,
19332,73U,13,,,
19333,73U,13,,,
19334,73U,13,,,
19335,73U,13,,,
19336,73U,13,,,
19337,73U,13,-8.0,144.0,100400.0
19338,73U,13,,,
19339,73U,13,,,
19340,73U,13,-10.6,140.3,100600.0
19341,73U,13,-11.4,139.9,100200.0
19342,73U,13,-12.6,139.9,100300.0
19343,73U,13,-13.6,138.1,99600.0
19344,73U,13,-13.0,137.3,99100.0
19345,73U,13,-13.200000000000001,137.1,97700.0
19346,73U,13,-13.5,136.9,96800.0
19347,73U,13,-13.8,136.6,96900.0
19348,73U,13,-13.9,136.4,98400.0
19349,73U,13,-14.3,136.1,97700.0
19350,73U,13,-14.3,135.8,98100.0
19351,73U,13,-14.6,135.5,98100.0
19352,73U,13,-15.0,135.1,99300.0
19353,73U,14,,,
19354,73U,14,,,
19355,73U,14,,,
19356,73U,14,,,
19357,73U,14,,,
19358,73U,14,,,
19359,73U,14,,,
19360,73U,14,,,
19361,73U,14,,,
19362,73U,14,,,
19363,73U,14,,,
19364,73U,14,,,
19365,73U,14,,,
19366,73U,14,,,
19367,73U,14,,,
19368,73U,14,,,
19369,73U,14,,,
19370,73U,14,,,
19371,73U,14,,,
19372,73U,14,,,
19373,73U,14,-4.7,144.0,100200.0
19374,73U,14,,,
19375,73U,14,,,
19376,73U,14,-3.8000000000000003,145.4,100900.0
19377,73U,14,,,
19378,73U,14,-3.4,145.1,100800.0
19379,73U,14,-2.3000000000000003,145.20000000000002,100600.0
19380,73U,14,,,
19381,73U,14,-3.6,142.6,100500.0
19382,73U,14,,,
19383,73U,14,-2.2,140.6,100600.0
19384,73U,14,,,
19385,73U,14,,,
19386,73U,14,-0.1,138.8,101000.0
19387,73U,14,,,
19388,73U,14,,,
19389,73U,14,0.0,136.4,100800.0
19390,73U,14,,,
19391,73U,14,,,
19392,73U,14,,,
19393,73U,15,,,
19394,73U,15,,,
19395,73U,15,,,
19396,73U,15,,,
19397,73U,15,,,
19398,73U,15,,,
19399,73U,15,,,
19400,73U,15,,,
19401,73U,15,,,
19402,73U,15,,,
19403,73U,15,,,
19404,73U,15,,,
19405,73U,15,,,
19406,73U,15,,,
19407,73U,15,,,
19408,73U,15,,,
19409,73U,15,,,
19410,73U,15,,,
19411,73U,15,,,
19412,73U,15,,,
19413,73U,15,,,
19414,73U,15,,,
19415,73U,15,-11.6,146.6,100400.0
19416,73U,15,-12.1,145.8,100700.0
19417,73U,15,-12.4,144.5,100400.0
19418,73U,15,-12.4,141.4,100600.0
19419,73U,15,-12.6,140.20000000000002,100400.0
19420,73U,15,-13.3,138.0,100600.0
19421,73U,15,-13.4,137.70000000000002,100300.0
19422,73U,15,-13.9,136.4,100600.0
19423,73U,15,-13.8,136.0,100400.0
19424,73U,15,,,
19425,73U,15,,,
19426,73U,15,-12.6,132.5,100700.0
19427,73U,15,-11.9,131.5,100400.0
19428,73U,15,-12.0,130.5,100700.0
19429,73U,15,-11.8,130.0,100300.0
19430,73U,15,-11.4,129.4,100500.0
19431,73U,15,-11.4,128.6,100300.0
19432,73U,15,-11.200000000000001,127.8,100500.0
19433,73U,17,,,
19434,73U,17,,,
19435,73U,17,,,
19436,73U,17,,,
19437,73U,17,,,
19438,73U,17,,,
19439,73U,17,,,
19440,73U,17,,,
19441,73U,17,,,
19442,73U,17,,,
19443,73U,17,,,
19444,73U,17,,,
19445,73U,17,,,
19446,73U,17,,,
19447,73U,17,,,
19448,73U,17,-1.5,144.20000000000002,100600.0
19449,73U,17,,,
19450,73U,17,-2.0,146.4,100600.0
19451,73U,17,-3.4,147.8,100400.0
19452,73U,17,-3.5,148.6,100700.0
19453,73U,17,,,
19454,73U,17,,,
19455,73U,17,-3.4,147.4,100600.0
19456,73U,17,,,
19457,73U,17,,,
19458,73U,17,,,
19459,73U,17,,,
19460,73U,17,,,
19461,73U,17,,,
19462,73U,17,,,
19463,73U,17,,,
19464,73U,17,,,
19465,73U,17,,,
19466,73U,17,,,
19467,73U,17,,,
19468,73U,17,,,
19469,73U,17,,,
19470,73U,17,,,
19471,73U,17,,,
19472,73U,17,,,
19473,73U,18,,,
19474,73U,18,,,
19475,73U,18,,,
19476,73U,18,,,
19477,73U,18,,,
19478,73U,18,,,
19479,73U,18,,,
19480,73U,18,,,
19481,73U,18,,,
19482,73U,18,,,
19483,73U,18,,,
19484,73U,18,,,
19485,73U,18,,,
19486,73U,18,,,
19487,73U,18,,,
19488,73U,18,,,
19489,73U,18,-11.9,148.20000000000002,100200.0
19490,73U,18,-11.700000000000001,146.6,100500.0
19491,73U,18,-12.3,146.8,100100.0
19492,73U,18,-12.4,146.0,100400.0
19493,73U,18,-12.200000000000001,145.3,100100.0
19494,73U,18,-12.9,144.9,100400.0
19495,73U,18,-13.1,142.8,100200.0
19496,73U,18,-13.200000000000001,141.4,100400.0
19497,73U,18,-13.200000000000001,140.3,100200.0
19498,73U,18,-13.3,139.5,100400.0
19499,73U,18,-13.1,138.4,100000.0
19500,73U,18,-13.4,139.0,100200.0
19501,73U,18,-14.3,138.70000000000002,99700.0
19502,73U,18,-14.700000000000001,138.8,99700.0
19503,73U,18,-14.700000000000001,139.1,99400.0
19504,73U,18,-14.5,139.70000000000002,99700.0
19505,73U,18,-14.5,140.1,99600.0
19506,73U,18,-14.4,140.6,99900.0
19507,73U,18,-14.4,141.20000000000002,99700.0
19508,73U,18,-14.700000000000001,141.5,100400.0
19509,73U,18,-15.0,141.8,100300.0
19510,73U,18,-14.8,142.20000000000002,100900.0
19511,73U,18,,,
19512,73U,18,,,
19513,73U,19,,,
19514,73U,19,,,
19515,73U,19,,,
19516,73U,19,,,
19517,73U,19,,,
19518,73U,19,,,
19519,73U,19,,,
19520,73U,19,,,
19521,73U,19,,,
19522,73U,19,,,
19523,73U,19,-12.4,158.4,100100.0
19524,73U,19,-12.3,157.70000000000002,100300.0
19525,73U,19,-13.1,156.3,100100.0
19526,73U,19,-13.6,154.6,100200.0
19527,73U,19,-14.0,153.70000000000002,100000.0
19528,73U,19,,,
19529,73U,19,-14.700000000000001,151.0,99900.0
19530,73U,19,-14.6,149.6,100000.0
19531,73U,19,-14.5,148.9,99600.0
19532,73U,19,-14.5,148.70000000000002,100000.0
19533,73U,19,-15.0,148.4,99800.0
19534,73U,19,-15.5,148.1,100200.0
19535,73U,19,-15.9,147.5,99900.0
19536,73U,19,-16.2,147.0,100200.0
19537,73U,19,-16.1,146.8,100000.0
19538,73U,19,-16.2,146.8,100300.0
19539,73U,19,-16.4,146.8,99900.0
19540,73U,19,-16.6,146.6,100200.0
19541,73U,19,-16.4,146.6,100100.0
19542,73U,19,-15.9,147.0,100400.0
19543,73U,19,-15.700000000000001,147.70000000000002,100200.0
19544,73U,19,-15.8,148.20000000000002,100400.0
19545,73U,19,-15.700000000000001,148.5,100100.0
19546,73U,19,-16.4,149.8,100300.0
19547,73U,19,-15.3,150.1,99900.0
19548,73U,19,-15.0,150.1,100400.0
19549,73U,19,-15.0,150.3,100100.0
19550,73U,19,,,
19551,73U,19,-16.6,154.4,100300.0
19552,73U,19,-17.0,155.8,100500.0
19553,73U,20,,,
19554,73U,20,,,
19555,73U,20,,,
19556,73U,20,,,
19557,73U,20,,,
19558,73U,20,,,
19559,73U,20,,,
19560,73U,20,,,
19561,73U,20,-3.2,155.3,100100.0
19562,73U,20,,,
19563,73U,20,,,
19564,73U,20,-2.7,156.70000000000002,100500.0
19565,73U,20,,,
19566,73U,20,,,
19567,73U,20,,,
19568,73U,20,,,
19569,73U,20,,,
19570,73U,20,,,
19571,73U,20,,,
19572,73U,20,,,
19573,73U,20,,,
19574,73U,20,,,
19575,73U,20,,,
19576,73U,20,,,
19577,73U,20,,,
19578,73U,20,,,
19579,73U,20,,,
19580,73U,20,,,
19581,73U,20,,,
19582,73U,20,,,
19583,73U,20,,,
19584,73U,20,,,
19585,73U,20,,,
19586,73U,20,,,
19587,73U,20,,,
19588,73U,20,,,
19589,73U,20,,,
19590,73U,20,,,
19591,73U,20,,,
19592,73U,20,,,
19593,73U,21,,,
19594,73U,21,,,
19595,73U,21,,,
19596,73U,21,,,
19597,73U,21,,,
19598,73U,21,,,
19599,73U,21,,,
19600,73U,21,-4.6000000000000005,152.6,100600.0
19601,73U,21,,,
19602,73U,21,-2.7,154.9,100600.0
19603,73U,21,,,
19604,73U,21,-0.4,156.4,100600.0
19605,73U,21,,,
19606,73U,21,,,
19607,73U,21,,,
19608,73U,21,,,
19609,73U,21,,,
19610,73U,21,,,
19611,73U,21,,,
19612,73U,21,,,
19613,73U,21,,,
19614,73U,21,,,
19615,73U,21,,,
19616,73U,21,,,
19617,73U,21,,,
19618,73U,21,,,
19619,73U,21,,,
19620,73U,21,,,
19621,73U,21,,,
19622,73U,21,,,
19623,73U,21,,,
19624,73U,21,,,
19625,73U,21,,,
19626,73U,21,,,
19627,73U,21,,,
19628,73U,21,,,
19629,73U,21,,,
19630,73U,21,,,
19631,73U,21,,,
19632,73U,21,,,
19633,73U,23,,,
19634,73U,23,,,
19635,73U,23,,,
19636,73U,23,,,
19637,73U,23,,,
19638,73U,23,,,
19639,73U,23,,,
19640,73U,23,,,
19641,73U,23,,,
19642,73U,23,,,
19643,73U,23,,,
19644,73U,23,,,
19645,73U,23,,,
19646,73U,23,,,
19647,73U,23,,,
19648,73U,23,,,
19649,73U,23,,,
19650,73U,23,,,
19651,73U,23,,,
19652,73U,23,,,
19653,73U,23,,,
19654,73U,23,,,
19655,73U,23,,,
19656,73U,23,,,
19657,73U,23,,,
19658,73U,23,,,
19659,73U,23,,,
19660,73U,23,,,
19661,73U,23,,,
19662,73U,23,,,
19663,73U,23,,,
19664,73U,23,,,
19665,73U,23,,,
19666,73U,23,,,
19667,73U,23,-12.5,148.5,100700.0
19668,73U,23,,,
19669,73U,23,-12.8,146.9,100600.0
19670,73U,23,-13.1,148.6,100900.0
19671,73U,23,-14.5,147.8,100400.0
19672,73U,23,-13.700000000000001,148.1,100900.0
19673,73U,25,,,
19674,73U,25,,,
19675,73U,25,,,
19676,73U,25,,,
19677,73U,25,,,
19678,73U,25,,,
19679,73U,25,,,
19680,73U,25,,,
19681,73U,25,,,
19682,73U,25,-1.4000000000000001,157.5,100600.0
19683,73U,25,-1.4000000000000001,158.70000000000002,100300.0
19684,73U,25,-1.4000000000000001,160.5,100600.0
19685,73U,25,,,
19686,73U,25,,,
19687,73U,25,,,
19688,73U,25,,,
19689,73U,25,,,
19690,73U,25,,,
19691,73U,25,,,
19692,73U,25,,,
19693,73U,25,,,
19694,73U,25,,,
19695,73U,25,,,
19696,73U,25,,,
19697,73U,25,,,
19698,73U,25,,,
19699,73U,25,,,
19700,73U,25,,,
19701,73U,25,,,
19702,73U,25,,,
19703,73U,25,,,
19704,73U,25,,,
19705,73U,25,,,
19706,73U,25,,,
19707,73U,25,,,
19708,73U,25,,,
19709,73U,25,,,
19710,73U,25,,,
19711,73U,25,,,
19712,73U,25,,,
19713,73U,26,,,
19714,73U,26,,,
19715,73U,26,,,
19716,73U,26,,,
19717,73U,26,,,
19718,73U,26,,,
19719,73U,26,,,
19720,73U,26,,,
19721,73U,26,,,
19722,73U,26,,,
19723,73U,26,,,
19724,73U,26,,,
19725,73U,26,-7.9,154.3,100300.0
19726,73U,26,-7.5,154.4,100700.0
19727,73U,26,-9.0,153.0,100300.0
19728,73U,26,,,
19729,73U,26,-11.8,151.1,100100.0
19730,73U,26,-13.0,149.9,100400.0
19731,73U,26,-14.5,148.6,100400.0
19732,73U,26,-14.4,146.8,100900.0
19733,73U,26,-14.700000000000001,145.70000000000002,100600.0
19734,73U,26,-14.8,142.20000000000002,101000.0
19735,73U,26,-14.5,139.20000000000002,100700.0
19736,73U,26,,,
19737,73U,26,,,
19738,73U,26,,,
19739,73U,26,,,
19740,73U,26,,,
19741,73U,26,,,
19742,73U,26,,,
19743,73U,26,,,
19744,73U,26,,,
19745,73U,26,,,
19746,73U,26,,,
19747,73U,26,,,
19748,73U,26,,,
19749,73U,26,,,
19750,73U,26,,,
19751,73U,26,,,
19752,73U,26,,,
19753,73U,28,,,
19754,73U,28,,,
19755,73U,28,,,
19756,73U,28,,,
19757,73U,28,,,
19758,73U,28,,,
19759,73U,28,,,
19760,73U,28,,,
19761,73U,28,,,
19762,73U,28,,,
19763,73U,28,-11.200000000000001,145.4,100300.0
19764,73U,28,-10.4,145.1,100700.0
19765,73U,28,-10.200000000000001,145.5,100200.0
19766,73U,28,-11.1,145.20000000000002,100600.0
19767,73U,28,-10.6,142.8,100300.0
19768,73U,28,-11.1,142.4,100500.0
19769,73U,28,-11.9,141.9,100200.0
19770,73U,28,-11.700000000000001,140.20000000000002,100600.0
19771,73U,28,-11.4,138.3,100300.0
19772,73U,28,-11.8,137.4,100500.0
19773,73U,28,-12.0,136.3,100200.0
19774,73U,28,-11.8,135.4,100600.0
19775,73U,28,-11.700000000000001,134.2,100500.0
19776,73U,28,-11.5,132.1,100800.0
19777,73U,28,-11.1,130.5,100400.0
19778,73U,28,-10.700000000000001,130.7,100700.0
19779,73U,28,-11.700000000000001,129.6,100500.0
19780,73U,28,-11.700000000000001,129.0,100700.0
19781,73U,28,-11.5,128.6,100400.0
19782,73U,28,-11.5,128.1,100500.0
19783,73U,28,-11.4,127.4,100400.0
19784,73U,28,-11.5,127.10000000000001,100600.0
19785,73U,28,-11.9,126.60000000000001,100300.0
19786,73U,28,-12.6,126.0,100600.0
19787,73U,28,-12.4,125.4,100500.0
19788,73U,28,-11.9,124.60000000000001,100600.0
19789,73U,28,-12.9,123.7,100400.0
19790,73U,28,-13.3,122.8,100600.0
19791,73U,28,-14.0,121.5,100600.0
19792,73U,28,-14.700000000000001,120.8,100700.0
19793,73U,29,,,
19794,73U,29,,,
19795,73U,29,,,
19796,73U,29,,,
19797,73U,29,,,
19798,73U,29,,,
19799,73U,29,,,
19800,73U,29,,,
19801,73U,29,,,
19802,73U,29,,,
19803,73U,29,,,
19804,73U,29,,,
19805,73U,29,,,
19806,73U,29,,,
19807,73U,29,,,
19808,73U,29,,,
19809,73U,29,,,
19810,73U,29,,,
19811,73U,29,,,
19812,73U,29,,,
19813,73U,29,,,
19814,73U,29,,,
19815,73U,29,,,
19816,73U,29,-11.700000000000001,134.7,100700.0
19817,73U,29,-11.200000000000001,132.6,100400.0
19818,73U,29,-10.9,131.2,100700.0
19819,73U,29,-11.9,130.7,100600.0
19820,73U,29,-11.6,129.5,100700.0
19821,73U,29,-11.4,128.4,100400.0
19822,73U,29,-11.3,128.3,100600.0
19823,73U,29,-11.0,127.9,100500.0
19824,73U,29,-11.5,128.2,100600.0
19825,73U,29,-10.9,127.60000000000001,100300.0
19826,73U,29,-10.6,127.8,100600.0
19827,73U,29,-10.4,127.2,100300.0
19828,73U,29,-10.0,126.7,100600.0
19829,73U,29,-10.200000000000001,126.7,100300.0
19830,73U,29,,,
19831,73U,29,-10.1,125.9,100500.0
19832,73U,29,-11.0,125.10000000000001,100800.0
19833,73U,30,,,
19834,73U,30,,,
19835,73U,30,,,
19836,73U,30,,,
19837,73U,30,,,
19838,73U,30,,,
19839,73U,30,,,
19840,73U,30,,,
19841,73U,30,,,
19842,73U,30,,,
19843,73U,30,,,
19844,73U,30,,,
19845,73U,30,,,
19846,73U,30,,,
19847,73U,30,,,
19848,73U,30,,,
19849,73U,30,,,
19850,73U,30,,,
19851,73U,30,,,
19852,73U,30,,,
19853,73U,30,,,
19854,73U,30,,,
19855,73U,30,,,
19856,73U,30,,,
19857,73U,30,,,
19858,73U,30,,,
19859,73U,30,-21.2,150.0,100600.0
19860,73U,30,-22.400000000000002,151.6,100600.0
19861,73U,30,-22.400000000000002,153.8,99800.0
19862,73U,30,-22.400000000000002,156.8,99800.0
19863,73U,30,-22.8,160.0,99200.0
19864,73U,30,-22.8,164.3,99300.0
19865,73U,30,-24.400000000000002,166.6,99600.0
19866,73U,30,-25.2,168.6,99800.0
19867,73U,30,-26.0,171.0,99600.0
19868,73U,30,-26.7,173.8,99700.0
19869,73U,30,,,
19870,73U,30,,,
19871,73U,30,,,
19872,73U,30,,,
19873,73U,31,,,
19874,73U,31,,,
19875,73U,31,,,
19876,73U,31,,,
19877,73U,31,,,
19878,73U,31,,,
19879,73U,31,,,
19880,73U,31,,,
19881,73U,31,,,
19882,73U,31,,,
19883,73U,31,,,
19884,73U,31,,,
19885,73U,31,,,
19886,73U,31,-11.4,146.20000000000002,100700.0
19887,73U,31,-11.4,145.8,100400.0
19888,73U,31,,,
19889,73U,31,,,
19890,73U,31,,,
19891,73U,31,,,
19892,73U,31,,,
19893,73U,31,,,
19894,73U,31,,,
19895,73U,31,,,
19896,73U,31,,,
19897,73U,31,,,
19898,73U,31,,,
19899,73U,31,,,
19900,73U,31,,,
19901,73U,31,,,
19902,73U,31,,,
19903,73U,31,,,
19904,73U,31,,,
19905,73U,31,,,
19906,73U,31,,,
19907,73U,31,,,
19908,73U,31,,,
19909,73U,31,,,
19910,73U,31,,,
19911,73U,31,,,
19912,73U,31,,,
19913,73U,34,,,
19914,73U,34,,,
19915,73U,34,,,
19916,73U,34,,,
19917,73U,34,,,
19918,73U,34,,,
19919,73U,34,,,
19920,73U,34,,,
19921,73U,34,,,
19922,73U,34,,,
19923,73U,34,,,
19924,73U,34,,,
19925,73U,34,,,
19926,73U,34,,,
19927,73U,34,,,
19928,73U,34,,,
19929,73U,34,,,
19930,73U,34,,,
19931,73U,34,,,
19932,73U,34,,,
19933,73U,34,,,
19934,73U,34,,,
19935,73U,34,,,
19936,73U,34,,,
19937,73U,34,,,
19938,73U,34,-15.4,146.70000000000002,100700.0
19939,73U,34,-16.3,146.70000000000002,100500.0
19940,73U,34,-17.8,146.6,100700.0
19941,73U,34,-17.6,146.70000000000002,100400.0
19942,73U,34,-17.5,147.1,100800.0
19943,73U,34,-17.7,147.4,100600.0
19944,73U,34,-17.8,147.5,100900.0
19945,73U,34,,,
19946,73U,34,,,
19947,73U,34,,,
19948,73U,34,,,
19949,73U,34,,,
19950,73U,34,,,
19951,73U,34,,,
19952,73U,34,,,
19953,73U,36,,,
19954,73U,36,,,
19955,73U,36,,,
19956,73U,36,,,
19957,73U,36,,,
19958,73U,36,,,
19959,73U,36,,,
19960,73U,36,,,
19961,73U,36,,,
19962,73U,36,,,
19963,73U,36,,,
19964,73U,36,,,
19965,73U,36,,,
19966,73U,36,,,
19967,73U,36,,,
19968,73U,36,,,
19969,73U,36,,,
19970,73U,36,,,
19971,73U,36,,,
19972,73U,36,,,
19973,73U,36,,,
19974,73U,36,,,
19975,73U,36,,,
19976,73U,36,-9.5,141.8,100800.0
19977,73U,36,,,
19978,73U,36,-10.1,139.9,100700.0
19979,73U,36,-10.3,137.70000000000002,100400.0
19980,73U,36,-10.700000000000001,135.9,100600.0
19981,73U,36,-10.5,134.7,100300.0
19982,73U,36,-10.5,134.1,100500.0
19983,73U,36,-10.6,133.1,100200.0
19984,73U,36,-10.4,132.4,100300.0
19985,73U,36,-11.0,131.6,100000.0
19986,73U,36,-11.200000000000001,130.8,100100.0
19987,73U,36,-11.4,129.9,99900.0
19988,73U,36,-11.700000000000001,129.2,99800.0
19989,73U,36,-11.9,128.3,99400.0
19990,73U,36,-12.3,126.9,99500.0
19991,73U,36,-12.0,125.7,99100.0
19992,73U,36,-11.8,125.0,98500.0
19993,73U,38,,,
19994,73U,38,,,
19995,73U,38,,,
19996,73U,38,,,
19997,73U,38,,,
19998,73U,38,,,
19999,73U,38,,,
20000,73U,38,,,
20001,73U,38,,,
20002,73U,38,,,
20003,73U,38,-6.1000000000000005,158.70000000000002,100400.0
20004,73U,38,,,
20005,73U,38,,,
20006,73U,38,-8.1,154.70000000000002,100700.0
20007,73U,38,,,
20008,73U,38,,,
20009,73U,38,,,
20010,73U,38,,,
20011,73U,38,,,
20012,73U,38,,,
20013,73U,38,,,
20014,73U,38,,,
20015,73U,38,,,
20016,73U,38,,,
20017,73U,38,,,
20018,73U,38,,,
20019,73U,38,,,
20020,73U,38,,,
20021,73U,38,,,
20022,73U,38,,,
20023,73U,38,,,
20024,73U,38,,,
20025,73U,38,,,
20026,73U,38,,,
20027,73U,38,,,
20028,73U,38,,,
20029,73U,38,,,
20030,73U,38,,,
20031,73U,38,,,
20032,73U,38,,,
20033,73U,39,,,
20034,73U,39,,,
20035,73U,39,,,
20036,73U,39,,,
20037,73U,39,,,
20038,73U,39,,,
20039,73U,39,,,
20040,73U,39,,,
20041,73U,39,,,
20042,73U,39,,,
20043,73U,39,,,
20044,73U,39,,,
20045,73U,39,,,
20046,73U,39,,,
20047,73U,39,,,
20048,73U,39,,,
20049,73U,39,,,
20050,73U,39,,,
20051,73U,39,,,
20052,73U,39,,,
20053,73U,39,,,
20054,73U,39,,,
20055,73U,39,,,
20056,73U,39,-18.2,157.70000000000002,100800.0
20057,73U,39,-18.5,158.5,100700.0
20058,73U,39,-17.6,159.8,101000.0
20059,73U,39,-19.900000000000002,160.3,100700.0
20060,73U,39,-19.5,160.4,100800.0
20061,73U,39,-19.2,161.4,100600.0
20062,73U,39,-19.2,162.70000000000002,100800.0
20063,73U,39,,,
20064,73U,39,,,
20065,73U,39,,,
20066,73U,39,,,
20067,73U,39,,,
20068,73U,39,,,
20069,73U,39,,,
20070,73U,39,,,
20071,73U,39,,,
20072,73U,39,,,
20073,73U,40,,,
20074,73U,40,,,
20075,73U,40,,,
20076,73U,40,,,
20077,73U,40,,,
20078,73U,40,,,
20079,73U,40,,,
20080,73U,40,,,
20081,73U,40,,,
20082,73U,40,-12.200000000000001,147.8,100900.0
20083,73U,40,,,
20084,73U,40,,,
20085,73U,40,-11.200000000000001,145.4,100700.0
20086,73U,40,-10.700000000000001,143.8,101000.0
20087,73U,40,-10.1,142.9,100700.0
20088,73U,40,-10.5,142.4,101000.0
20089,73U,40,-8.3,141.70000000000002,100500.0
20090,73U,40,,,
20091,73U,40,-9.5,138.5,100600.0
20092,73U,40,-10.200000000000001,137.8,100900.0
20093,73U,40,-10.5,136.4,100500.0
20094,73U,40,-10.200000000000001,134.9,100900.0
20095,73U,40,-10.200000000000001,133.6,100700.0
20096,73U,40,-10.3,132.3,101000.0
20097,73U,40,,,
20098,73U,40,-10.0,130.0,100900.0
20099,73U,40,-9.0,128.6,100800.0
20100,73U,40,-9.3,129.3,101100.0
20101,73U,40,,,
20102,73U,40,-9.9,126.9,101000.0
20103,73U,40,-8.4,125.5,100900.0
20104,73U,40,,,
20105,73U,40,,,
20106,73U,40,,,
20107,73U,40,,,
20108,73U,40,,,
20109,73U,40,,,
20110,73U,40,,,
20111,73U,40,,,
20112,73U,40,,,
20113,73U,42,,,
20114,73U,42,,,
20115,73U,42,,,
20116,73U,42,,,
20117,73U,42,,,
20118,73U,42,,,
20119,73U,42,,,
20120,73U,42,,,
20121,73U,42,,,
20122,73U,42,,,
20123,73U,42,,,
20124,73U,42,,,
20125,73U,42,,,
20126,73U,42,,,
20127,73U,42,,,
20128,73U,42,,,
20129,73U,42,,,
20130,73U,42,,,
20131,73U,42,,,
20132,73U,42,-12.3,146.3,100300.0
20133,73U,42,-12.200000000000001,144.4,100000.0
20134,73U,42,,,
20135,73U,42,-14.5,144.20000000000002,100200.0
20136,73U,42,,,
20137,73U,42,-13.0,142.1,100200.0
20138,73U,42,,,
20139,73U,42,,,
20140,73U,42,-14.6,139.5,100500.0
20141,73U,42,-15.3,139.20000000000002,100300.0
20142,73U,42,,,
20143,73U,42,-14.0,138.6,100400.0
20144,73U,42,-14.0,138.0,100600.0
20145,73U,42,-14.3,138.3,100400.0
20146,73U,42,-14.8,137.8,100700.0
20147,73U,42,-15.3,137.6,100500.0
20148,73U,42,-15.700000000000001,137.1,100800.0
20149,73U,42,,,
20150,73U,42,-16.8,136.0,101000.0
20151,73U,42,,,
20152,73U,42,,,
20153,73U,43,,,
20154,73U,43,,,
20155,73U,43,,,
20156,73U,43,,,
20157,73U,43,,,
20158,73U,43,,,
20159,73U,43,,,
20160,73U,43,,,
20161,73U,43,,,
20162,73U,43,,,
20163,73U,43,,,
20164,73U,43,,,
20165,73U,43,,,
20166,73U,43,,,
20167,73U,43,-10.9,145.3,100400.0
20168,73U,43,-10.5,145.4,100700.0
20169,73U,43,-11.8,143.70000000000002,100300.0
20170,73U,43,,,
20171,73U,43,-11.3,143.20000000000002,100400.0
20172,73U,43,-10.8,141.6,100700.0
20173,73U,43,-9.700000000000001,141.4,100200.0
20174,73U,43,-10.8,140.9,100500.0
20175,73U,43,-11.5,143.0,100500.0
20176,73U,43,,,
20177,73U,43,,,
20178,73U,43,,,
20179,73U,43,,,
20180,73U,43,,,
20181,73U,43,,,
20182,73U,43,,,
20183,73U,43,,,
20184,73U,43,,,
20185,73U,43,,,
20186,73U,43,,,
20187,73U,43,,,
20188,73U,43,,,
20189,73U,43,,,
20190,73U,43,,,
20191,73U,43,,,
20192,73U,43,,,
20193,73U,45,-9.5,94.2,100900.0
20194,73U,45,-7.5,95.5,100800.0
20195,73U,45,,,
20196,73U,45,-7.7,94.2,100800.0
20197,73U,45,-7.9,96.3,100900.0
20198,73U,45,,,
20199,73U,45,,,
20200,73U,45,-8.1,96.3,100700.0
20201,73U,45,-9.3,95.7,100700.0
20202,73U,45,-7.2,93.7,100600.0
20203,73U,45,,,
20204,73U,45,,,
20205,73U,45,-7.6000000000000005,94.8,100600.0
20206,73U,45,-8.1,93.3,100600.0
20207,73U,45,,,
20208,73U,45,-7.1000000000000005,94.7,100700.0
20209,73U,45,-7.4,95.60000000000001,100600.0
20210,73U,45,-7.6000000000000005,95.9,100500.0
20211,73U,45,-7.6000000000000005,96.3,100600.0
20212,73U,45,-9.6,96.2,100300.0
20213,73U,45,-9.9,95.10000000000001,100300.0
20214,73U,45,-10.1,94.8,100000.0
20215,73U,45,-10.700000000000001,94.2,100100.0
20216,73U,45,-10.9,93.3,100000.0
20217,73U,45,-11.200000000000001,93.2,99900.0
20218,73U,45,-11.5,92.60000000000001,99800.0
20219,73U,45,-11.700000000000001,92.60000000000001,99900.0
20220,73U,45,-11.8,92.4,99800.0
20221,73U,45,-12.200000000000001,92.60000000000001,99700.0
20222,73U,45,-12.3,93.10000000000001,99700.0
20223,73U,45,-12.6,93.5,99900.0
20224,73U,45,-12.9,94.2,99900.0
20225,73U,45,-13.9,95.0,100000.0
20226,73U,45,-14.200000000000001,95.2,100100.0
20227,73U,45,-14.8,96.3,100200.0
20228,73U,45,-15.9,96.60000000000001,100100.0
20229,73U,45,-16.7,97.3,100100.0
20230,73U,45,-18.1,97.8,100200.0
20231,73U,45,-19.2,99.4,100200.0
20232,73U,45,-19.3,98.7,100300.0
20233,73U,48,,,
20234,73U,48,,,
20235,73U,48,,,
20236,73U,48,,,
20237,73U,48,,,
20238,73U,48,,,
20239,73U,48,,,
20240,73U,48,-14.9,154.8,100200.0
20241,73U,48,-12.8,151.5,100000.0
20242,73U,48,,,
20243,73U,48,-12.200000000000001,149.8,99700.0
20244,73U,48,,,
20245,73U,48,-13.6,149.20000000000002,100000.0
20246,73U,48,-12.1,148.70000000000002,100400.0
20247,73U,48,-11.700000000000001,147.3,100200.0
20248,73U,48,-11.6,147.3,100400.0
20249,73U,48,-11.5,147.3,100100.0
20250,73U,48,-10.9,146.6,100300.0
20251,73U,48,-11.1,146.8,99900.0
20252,73U,48,,,
20253,73U,48,-11.4,146.9,99900.0
20254,73U,48,-11.4,146.8,100200.0
20255,73U,48,-11.9,146.4,99900.0
20256,73U,48,-12.4,146.3,100200.0
20257,73U,48,-12.6,146.3,100200.0
20258,73U,48,-12.8,146.1,100600.0
20259,73U,48,-12.9,145.8,100500.0
20260,73U,48,-13.3,145.70000000000002,100800.0
20261,73U,48,,,
20262,73U,48,,,
20263,73U,48,,,
20264,73U,48,-13.700000000000001,145.1,101000.0
20265,73U,48,,,
20266,73U,48,-13.1,144.4,101100.0
20267,73U,48,,,
20268,73U,48,,,
20269,73U,48,,,
20270,73U,48,,,
20271,73U,48,,,
20272,73U,48,,,
20273,73U,49,,,
20274,73U,49,,,
20275,73U,49,,,
20276,73U,49,,,
20277,73U,49,,,
20278,73U,49,,,
20279,73U,49,,,
20280,73U,49,,,
20281,73U,49,,,
20282,73U,49,,,
20283,73U,49,,,
20284,73U,49,,,
20285,73U,49,,,
20286,73U,49,,,
20287,73U,49,,,
20288,73U,49,,,
20289,73U,49,,,
20290,73U,49,,,
20291,73U,49,,,
20292,73U,49,,,
20293,73U,49,,,
20294,73U,49,,,
20295,73U,49,,,
20296,73U,49,,,
20297,73U,49,,,
20298,73U,49,,,
20299,73U,49,,,
20300,73U,49,,,
20301,73U,49,,,
20302,73U,49,,,
20303,73U,49,,,
20304,73U,49,,,
20305,73U,49,,,
20306,73U,49,,,
20307,73U,49,-14.5,157.1,100800.0
20308,73U,49,,,
20309,73U,49,,,
20310,73U,49,-16.2,157.20000000000002,100700.0
20311,73U,49,-17.6,158.9,100400.0
20312,73U,49,-17.8,160.1,100300.0
20313,73U,50,,,
20314,73U,50,,,
20315,73U,50,,,
20316,73U,50,,,
20317,73U,50,,,
20318,73U,50,,,
20319,73U,50,,,
20320,73U,50,,,
20321,73U,50,,,
20322,73U,50,,,
20323,73U,50,,,
20324,73U,50,,,
20325,73U,50,,,
20326,73U,50,,,
20327,73U,50,,,
20328,73U,50,,,
20329,73U,50,,,
20330,73U,50,-11.200000000000001,152.20000000000002,100400.0
20331,73U,50,,,
20332,73U,50,-13.6,151.3,100500.0
20333,73U,50,-13.700000000000001,150.70000000000002,99900.0
20334,73U,50,-14.4,149.5,100100.0
20335,73U,50,-15.5,148.5,99700.0
20336,73U,50,-15.9,146.8,100100.0
20337,73U,50,,,
20338,73U,50,-14.0,144.0,100600.0
20339,73U,50,-13.9,143.8,100500.0
20340,73U,50,,,
20341,73U,50,,,
20342,73U,50,,,
20343,73U,50,,,
20344,73U,50,,,
20345,73U,50,,,
20346,73U,50,,,
20347,73U,50,,,
20348,73U,50,,,
20349,73U,50,,,
20350,73U,50,,,
20351,73U,50,,,
20352,73U,50,,,
20353,74U,5,,,
20354,74U,5,,,
20355,74U,5,,,
20356,74U,5,,,
20357,74U,5,,,
20358,74U,5,,,
20359,74U,5,,,
20360,74U,5,,,
20361,74U,5,,,
20362,74U,5,,,
20363,74U,5,-3.2,155.0,100300.0
20364,74U,5,-4.4,156.5,100700.0
20365,74U,5,,,
20366,74U,5,,,
20367,74U,5,-4.5,153.1,100400.0
20368,74U,5,,,
20369,74U,5,,,
20370,74U,5,,,
20371,74U,5,-5.0,153.5,100500.0
20372,74U,5,-5.7,154.4,100800.0
20373,74U,5,,,
20374,74U,5,-6.6000000000000005,151.3,100900.0
20375,74U,5,-6.1000000000000005,150.9,100700.0
20376,74U,5,,,
20377,74U,5,,,
20378,74U,5,,,
20379,74U,5,-8.700000000000001,146.20000000000002,100600.0
20380,74U,5,,,
20381,74U,5,,,
20382,74U,5,-10.3,145.20000000000002,100900.0
20383,74U,5,,,
20384,74U,5,,,
20385,74U,5,,,
20386,74U,5,,,
20387,74U,5,,,
20388,74U,5,,,
20389,74U,5,,,
20390,74U,5,,,
20391,74U,5,,,
20392,74U,5,,,
20393,74U,8,,,
20394,74U,8,,,
20395,74U,8,,,
20396,74U,8,,,
20397,74U,8,,,
20398,74U,8,,,
20399,74U,8,,,
20400,74U,8,,,
20401,74U,8,,,
20402,74U,8,,,
20403,74U,8,,,
20404,74U,8,,,
20405,74U,8,,,
20406,74U,8,,,
20407,74U,8,,,
20408,74U,8,,,
20409,74U,8,,,
20410,74U,8,,,
20411,74U,8,,,
20412,74U,8,,,
20413,74U,8,,,
20414,74U,8,,,
20415,74U,8,,,
20416,74U,8,,,
20417,74U,8,,,
20418,74U,8,,,
20419,74U,8,,,
20420,74U,8,,,
20421,74U,8,,,
20422,74U,8,-19.5,154.20000000000002,100900.0
20423,74U,8,,,
20424,74U,8,-17.900000000000002,158.1,100800.0
20425,74U,8,,,
20426,74U,8,,,
20427,74U,8,-17.6,163.4,100600.0
20428,74U,8,-17.0,163.5,100800.0
20429,74U,8,-16.4,163.70000000000002,100600.0
20430,74U,8,-15.8,163.6,100800.0
20431,74U,8,,,
20432,74U,8,-15.4,164.6,100900.0
20433,74U,9,,,
20434,74U,9,,,
20435,74U,9,,,
20436,74U,9,,,
20437,74U,9,,,
20438,74U,9,,,
20439,74U,9,,,
20440,74U,9,,,
20441,74U,9,,,
20442,74U,9,,,
20443,74U,9,,,
20444,74U,9,,,
20445,74U,9,,,
20446,74U,9,,,
20447,74U,9,,,
20448,74U,9,,,
20449,74U,9,,,
20450,74U,9,,,
20451,74U,9,,,
20452,74U,9,,,
20453,74U,9,,,
20454,74U,9,,,
20455,74U,9,,,
20456,74U,9,,,
20457,74U,9,,,
20458,74U,9,,,
20459,74U,9,,,
20460,74U,9,,,
20461,74U,9,,,
20462,74U,9,,,
20463,74U,9,-10.0,131.8,100500.0
20464,74U,9,-10.8,130.6,100700.0
20465,74U,9,-10.6,130.0,100400.0
20466,74U,9,-10.200000000000001,128.9,100600.0
20467,74U,9,-10.4,128.6,100400.0
20468,74U,9,-10.6,128.1,100600.0
20469,74U,9,-11.0,127.5,100400.0
20470,74U,9,-11.1,126.8,100700.0
20471,74U,9,-10.4,125.5,100500.0
20472,74U,9,-12.3,125.2,100700.0
20473,74U,10,,,
20474,74U,10,,,
20475,74U,10,,,
20476,74U,10,,,
20477,74U,10,,,
20478,74U,10,,,
20479,74U,10,,,
20480,74U,10,,,
20481,74U,10,,,
20482,74U,10,,,
20483,74U,10,,,
20484,74U,10,,,
20485,74U,10,,,
20486,74U,10,,,
20487,74U,10,,,
20488,74U,10,,,
20489,74U,10,,,
20490,74U,10,,,
20491,74U,10,,,
20492,74U,10,,,
20493,74U,10,,,
20494,74U,10,,,
20495,74U,10,,,
20496,74U,10,,,
20497,74U,10,,,
20498,74U,10,,,
20499,74U,10,,,
20500,74U,10,,,
20501,74U,10,,,
20502,74U,10,,,
20503,74U,10,,,
20504,74U,10,,,
20505,74U,10,,,
20506,74U,10,,,
20507,74U,10,-16.8,155.8,100700.0
20508,74U,10,-15.700000000000001,157.20000000000002,100800.0
20509,74U,10,-12.8,158.9,100800.0
20510,74U,10,,,
20511,74U,10,-11.4,161.0,100800.0
20512,74U,10,,,
20513,74U,11,,,
20514,74U,11,,,
20515,74U,11,,,
20516,74U,11,,,
20517,74U,11,,,
20518,74U,11,,,
20519,74U,11,,,
20520,74U,11,,,
20521,74U,11,,,
20522,74U,11,,,
20523,74U,11,-11.3,147.20000000000002,100500.0
20524,74U,11,,,
20525,74U,11,-11.200000000000001,145.3,100600.0
20526,74U,11,-11.3,144.9,100800.0
20527,74U,11,-9.8,144.70000000000002,100400.0
20528,74U,11,-10.5,144.4,100700.0
20529,74U,11,-10.1,144.0,100300.0
20530,74U,11,,,
20531,74U,11,-10.700000000000001,142.5,100400.0
20532,74U,11,-10.9,140.6,100700.0
20533,74U,11,-11.0,140.3,100400.0
20534,74U,11,-11.9,138.3,100700.0
20535,74U,11,-11.200000000000001,137.3,100500.0
20536,74U,11,-11.6,135.2,100800.0
20537,74U,11,-13.200000000000001,132.0,100400.0
20538,74U,11,,,
20539,74U,11,-11.5,131.8,100500.0
20540,74U,11,-10.8,131.4,100800.0
20541,74U,11,-11.5,130.2,100500.0
20542,74U,11,-11.3,128.4,100700.0
20543,74U,11,,,
20544,74U,11,-11.5,127.4,100700.0
20545,74U,11,-9.4,125.7,100500.0
20546,74U,11,-10.8,126.0,100800.0
20547,74U,11,-10.5,123.8,100600.0
20548,74U,11,-10.1,124.60000000000001,100800.0
20549,74U,11,-10.4,124.0,100500.0
20550,74U,11,-10.4,121.4,100800.0
20551,74U,11,-10.200000000000001,120.4,100700.0
20552,74U,11,-10.9,118.60000000000001,100900.0
20553,74U,12,,,
20554,74U,12,,,
20555,74U,12,,,
20556,74U,12,,,
20557,74U,12,,,
20558,74U,12,,,
20559,74U,12,,,
20560,74U,12,,,
20561,74U,12,,,
20562,74U,12,,,
20563,74U,12,-12.200000000000001,103.9,100800.0
20564,74U,12,-11.0,101.2,100700.0
20565,74U,12,-12.0,101.0,100600.0
20566,74U,12,-13.1,100.8,100500.0
20567,74U,12,-13.3,99.7,100500.0
20568,74U,12,-12.6,98.4,100500.0
20569,74U,12,-12.1,98.10000000000001,100400.0
20570,74U,12,-11.9,98.3,100300.0
20571,74U,12,-12.0,98.0,100200.0
20572,74U,12,-11.700000000000001,97.4,100100.0
20573,74U,12,-11.700000000000001,96.8,100100.0
20574,74U,12,-11.700000000000001,96.60000000000001,100200.0
20575,74U,12,-11.9,96.10000000000001,100200.0
20576,74U,12,-12.0,95.9,100100.0
20577,74U,12,-12.1,96.0,100000.0
20578,74U,12,-12.200000000000001,96.0,99900.0
20579,74U,12,-11.9,96.3,100000.0
20580,74U,12,-12.6,95.60000000000001,100000.0
20581,74U,12,-12.700000000000001,95.4,100100.0
20582,74U,12,-12.8,95.0,100200.0
20583,74U,12,-12.9,94.4,100300.0
20584,74U,12,-13.1,94.0,100300.0
20585,74U,12,,,
20586,74U,12,-13.6,92.3,100500.0
20587,74U,12,,,
20588,74U,12,,,
20589,74U,12,,,
20590,74U,12,,,
20591,74U,12,,,
20592,74U,12,,,
20593,74U,13,,,
20594,74U,13,,,
20595,74U,13,,,
20596,74U,13,,,
20597,74U,13,,,
20598,74U,13,,,
20599,74U,13,,,
20600,74U,13,,,
20601,74U,13,,,
20602,74U,13,,,
20603,74U,13,,,
20604,74U,13,,,
20605,74U,13,,,
20606,74U,13,,,
20607,74U,13,,,
20608,74U,13,,,
20609,74U,13,,,
20610,74U,13,,,
20611,74U,13,,,
20612,74U,13,,,
20613,74U,13,,,
20614,74U,13,,,
20615,74U,13,,,
20616,74U,13,,,
20617,74U,13,,,
20618,74U,13,-12.5,140.3,100600.0
20619,74U,13,-10.5,139.70000000000002,100300.0
20620,74U,13,,,
20621,74U,13,,,
20622,74U,13,,,
20623,74U,13,,,
20624,74U,13,,,
20625,74U,13,,,
20626,74U,13,,,
20627,74U,13,,,
20628,74U,13,,,
20629,74U,13,,,
20630,74U,13,,,
20631,74U,13,,,
20632,74U,13,,,
20633,74U,14,,,
20634,74U,14,,,
20635,74U,14,,,
20636,74U,14,,,
20637,74U,14,,,
20638,74U,14,,,
20639,74U,14,,,
20640,74U,14,,,
20641,74U,14,,,
20642,74U,14,,,
20643,74U,14,,,
20644,74U,14,,,
20645,74U,14,,,
20646,74U,14,,,
20647,74U,14,,,
20648,74U,14,,,
20649,74U,14,,,
20650,74U,14,,,
20651,74U,14,,,
20652,74U,14,,,
20653,74U,14,,,
20654,74U,14,,,
20655,74U,14,,,
20656,74U,14,,,
20657,74U,14,,,
20658,74U,14,-21.400000000000002,157.9,100700.0
20659,74U,14,,,
20660,74U,14,,,
20661,74U,14,-22.3,162.4,100500.0
20662,74U,14,-21.7,165.70000000000002,100400.0
20663,74U,14,,,
20664,74U,14,-23.8,168.70000000000002,100200.0
20665,74U,14,-24.1,171.70000000000002,99800.0
20666,74U,14,-25.6,173.5,99500.0
20667,74U,14,-26.6,175.6,99400.0
20668,74U,14,-28.7,178.8,99300.0
20669,74U,14,-31.1,-177.6,98900.0
20670,74U,14,-35.1,-175.4,98500.0
20671,74U,14,-39.7,-172.70000000000002,96900.0
20672,74U,14,-45.1,-171.0,95700.0
20673,74U,17,,,
20674,74U,17,,,
20675,74U,17,,,
20676,74U,17,,,
20677,74U,17,,,
20678,74U,17,,,
20679,74U,17,,,
20680,74U,17,,,
20681,74U,17,,,
20682,74U,17,,,
20683,74U,17,,,
20684,74U,17,,,
20685,74U,17,,,
20686,74U,17,,,
20687,74U,17,,,
20688,74U,17,,,
20689,74U,17,,,
20690,74U,17,,,
20691,74U,17,,,
20692,74U,17,,,
20693,74U,17,,,
20694,74U,17,,,
20695,74U,17,,,
20696,74U,17,,,
20697,74U,17,,,
20698,74U,17,,,
20699,74U,17,,,
20700,74U,17,,,
20701,74U,17,,,
20702,74U,17,-16.6,146.8,100900.0
20703,74U,17,,,
20704,74U,17,-15.0,146.5,100800.0
20705,74U,17,,,
20706,74U,17,-14.0,148.1,100800.0
20707,74U,17,-12.200000000000001,152.0,100700.0
20708,74U,17,,,
20709,74U,17,-12.4,153.3,100600.0
20710,74U,17,-12.6,153.4,100900.0
20711,74U,17,-11.9,152.4,100600.0
20712,74U,17,,,
20713,74U,18,,,
20714,74U,18,,,
20715,74U,18,,,
20716,74U,18,,,
20717,74U,18,,,
20718,74U,18,,,
20719,74U,18,,,
20720,74U,18,,,
20721,74U,18,,,
20722,74U,18,,,
20723,74U,18,,,
20724,74U,18,,,
20725,74U,18,,,
20726,74U,18,,,
20727,74U,18,,,
20728,74U,18,,,
20729,74U,18,,,
20730,74U,18,,,
20731,74U,18,,,
20732,74U,18,,,
20733,74U,18,,,
20734,74U,18,,,
20735,74U,18,,,
20736,74U,18,,,
20737,74U,18,,,
20738,74U,18,,,
20739,74U,18,,,
20740,74U,18,,,
20741,74U,18,,,
20742,74U,18,,,
20743,74U,18,,,
20744,74U,18,,,
20745,74U,18,-21.8,154.1,100300.0
20746,74U,18,-21.1,156.70000000000002,100300.0
20747,74U,18,-21.0,159.20000000000002,99900.0
20748,74U,18,-22.1,164.3,100100.0
20749,74U,18,-23.0,168.1,99800.0
20750,74U,18,-24.6,173.0,100300.0
20751,74U,18,,,
20752,74U,18,-26.7,-179.9,100400.0
20753,74U,19,,,
20754,74U,19,,,
20755,74U,19,,,
20756,74U,19,,,
20757,74U,19,,,
20758,74U,19,,,
20759,74U,19,,,
20760,74U,19,,,
20761,74U,19,,,
20762,74U,19,,,
20763,74U,19,,,
20764,74U,19,-13.0,153.70000000000002,100600.0
20765,74U,19,,,
20766,74U,19,-12.200000000000001,148.70000000000002,100600.0
20767,74U,19,-11.6,148.3,100300.0
20768,74U,19,-11.700000000000001,149.20000000000002,100400.0
20769,74U,19,,,
20770,74U,19,,,
20771,74U,19,,,
20772,74U,19,,,
20773,74U,19,,,
20774,74U,19,,,
20775,74U,19,,,
20776,74U,19,,,
20777,74U,19,,,
20778,74U,19,,,
20779,74U,19,,,
20780,74U,19,,,
20781,74U,19,,,
20782,74U,19,,,
20783,74U,19,,,
20784,74U,19,,,
20785,74U,19,,,
20786,74U,19,,,
20787,74U,19,,,
20788,74U,19,,,
20789,74U,19,,,
20790,74U,19,,,
20791,74U,19,,,
20792,74U,19,,,
20793,74U,20,,,
20794,74U,20,,,
20795,74U,20,,,
20796,74U,20,,,
20797,74U,20,,,
20798,74U,20,,,
20799,74U,20,,,
20800,74U,20,,,
20801,74U,20,,,
20802,74U,20,,,
20803,74U,20,,,
20804,74U,20,-8.1,158.6,100300.0
20805,74U,20,-10.0,158.5,100000.0
20806,74U,20,,,
20807,74U,20,,,
20808,74U,20,,,
20809,74U,20,,,
20810,74U,20,,,
20811,74U,20,,,
20812,74U,20,,,
20813,74U,20,,,
20814,74U,20,,,
20815,74U,20,,,
20816,74U,20,,,
20817,74U,20,,,
20818,74U,20,,,
20819,74U,20,,,
20820,74U,20,,,
20821,74U,20,,,
20822,74U,20,,,
20823,74U,20,,,
20824,74U,20,,,
20825,74U,20,,,
20826,74U,20,,,
20827,74U,20,,,
20828,74U,20,,,
20829,74U,20,,,
20830,74U,20,,,
20831,74U,20,,,
20832,74U,20,,,
20833,74U,21,,,
20834,74U,21,,,
20835,74U,21,,,
20836,74U,21,,,
20837,74U,21,,,
20838,74U,21,,,
20839,74U,21,,,
20840,74U,21,,,
20841,74U,21,,,
20842,74U,21,,,
20843,74U,21,,,
20844,74U,21,,,
20845,74U,21,,,
20846,74U,21,,,
20847,74U,21,-6.2,152.6,100100.0
20848,74U,21,-6.6000000000000005,151.3,100200.0
20849,74U,21,-6.5,149.70000000000002,99300.0
20850,74U,21,-7.0,149.0,99600.0
20851,74U,21,-7.2,148.9,99700.0
20852,74U,21,-7.7,148.6,100200.0
20853,74U,21,,,
20854,74U,21,,,
20855,74U,21,,,
20856,74U,21,-8.6,148.70000000000002,100800.0
20857,74U,21,-10.200000000000001,147.0,100400.0
20858,74U,21,-9.9,147.1,100500.0
20859,74U,21,-10.700000000000001,145.6,100400.0
20860,74U,21,,,
20861,74U,21,,,
20862,74U,21,,,
20863,74U,21,,,
20864,74U,21,,,
20865,74U,21,,,
20866,74U,21,,,
20867,74U,21,,,
20868,74U,21,,,
20869,74U,21,,,
20870,74U,21,,,
20871,74U,21,,,
20872,74U,21,,,
20873,74U,25,,,
20874,74U,25,,,
20875,74U,25,,,
20876,74U,25,,,
20877,74U,25,,,
20878,74U,25,,,
20879,74U,25,,,
20880,74U,25,,,
20881,74U,25,,,
20882,74U,25,,,
20883,74U,25,,,
20884,74U,25,,,
20885,74U,25,,,
20886,74U,25,,,
20887,74U,25,,,
20888,74U,25,,,
20889,74U,25,,,
20890,74U,25,,,
20891,74U,25,-9.5,140.70000000000002,100600.0
20892,74U,25,-9.3,140.0,100800.0
20893,74U,25,,,
20894,74U,25,-8.8,139.5,100800.0
20895,74U,25,-9.1,138.5,100500.0
20896,74U,25,-10.4,136.2,100800.0
20897,74U,25,-8.4,134.6,100400.0
20898,74U,25,,,
20899,74U,25,-7.7,134.3,100400.0
20900,74U,25,-8.1,134.3,100700.0
20901,74U,25,,,
20902,74U,25,-8.1,131.2,100700.0
20903,74U,25,-8.8,131.3,100400.0
20904,74U,25,-10.700000000000001,129.7,100700.0
20905,74U,25,,,
20906,74U,25,-8.4,129.8,100700.0
20907,74U,25,,,
20908,74U,25,-10.5,129.4,100800.0
20909,74U,25,,,
20910,74U,25,-11.6,127.3,100800.0
20911,74U,25,,,
20912,74U,25,-11.6,126.4,100800.0
20913,74U,28,,,
20914,74U,28,,,
20915,74U,28,,,
20916,74U,28,,,
20917,74U,28,,,
20918,74U,28,,,
20919,74U,28,,,
20920,74U,28,,,
20921,74U,28,,,
20922,74U,28,,,
20923,74U,28,,,
20924,74U,28,,,
20925,74U,28,,,
20926,74U,28,,,
20927,74U,28,,,
20928,74U,28,,,
20929,74U,28,,,
20930,74U,28,,,
20931,74U,28,-7.0,152.0,100500.0
20932,74U,28,,,
20933,74U,28,,,
20934,74U,28,,,
20935,74U,28,-9.0,145.6,100600.0
20936,74U,28,-8.6,145.6,100800.0
20937,74U,28,-8.5,145.70000000000002,100400.0
20938,74U,28,-10.0,144.8,100800.0
20939,74U,28,,,
20940,74U,28,-11.6,144.5,100900.0
20941,74U,28,-11.4,142.1,100500.0
20942,74U,28,-13.0,141.20000000000002,100800.0
20943,74U,28,-14.1,139.70000000000002,100400.0
20944,74U,28,-14.5,139.20000000000002,100600.0
20945,74U,28,-14.6,138.5,100400.0
20946,74U,28,-14.700000000000001,137.9,100800.0
20947,74U,28,-14.3,136.8,100600.0
20948,74U,28,-14.200000000000001,135.9,100900.0
20949,74U,28,,,
20950,74U,28,,,
20951,74U,28,,,
20952,74U,28,,,
20953,74U,29,,,
20954,74U,29,,,
20955,74U,29,,,
20956,74U,29,,,
20957,74U,29,,,
20958,74U,29,,,
20959,74U,29,,,
20960,74U,29,,,
20961,74U,29,,,
20962,74U,29,,,
20963,74U,29,,,
20964,74U,29,,,
20965,74U,29,,,
20966,74U,29,,,
20967,74U,29,,,
20968,74U,29,,,
20969,74U,29,,,
20970,74U,29,,,
20971,74U,29,,,
20972,74U,29,,,
20973,74U,29,,,
20974,74U,29,,,
20975,74U,29,,,
20976,74U,29,,,
20977,74U,29,-17.7,93.5,100300.0
20978,74U,29,-15.700000000000001,92.9,100200.0
20979,74U,29,,,
20980,74U,29,,,
20981,74U,29,,,
20982,74U,29,,,
20983,74U,29,,,
20984,74U,29,,,
20985,74U,29,,,
20986,74U,29,,,
20987,74U,29,,,
20988,74U,29,,,
20989,74U,29,,,
20990,74U,29,,,
20991,74U,29,,,
20992,74U,29,,,
20993,74U,30,,,
20994,74U,30,,,
20995,74U,30,,,
20996,74U,30,,,
20997,74U,30,,,
20998,74U,30,,,
20999,74U,30,,,
21000,74U,30,,,
21001,74U,30,,,
21002,74U,30,,,
21003,74U,30,,,
21004,74U,30,,,
21005,74U,30,,,
21006,74U,30,,,
21007,74U,30,,,
21008,74U,30,,,
21009,74U,30,,,
21010,74U,30,,,
21011,74U,30,,,
21012,74U,30,,,
21013,74U,30,,,
21014,74U,30,,,
21015,74U,30,,,
21016,74U,30,,,
21017,74U,30,,,
21018,74U,30,,,
21019,74U,30,,,
21020,74U,30,,,
21021,74U,30,,,
21022,74U,30,,,
21023,74U,30,-20.6,150.3,100500.0
21024,74U,30,-21.1,153.0,100600.0
21025,74U,30,-20.7,156.3,100400.0
21026,74U,30,-19.900000000000002,158.20000000000002,100600.0
21027,74U,30,-19.7,160.1,100400.0
21028,74U,30,-19.7,162.5,100700.0
21029,74U,30,,,
21030,74U,30,,,
21031,74U,30,,,
21032,74U,30,,,
21033,74U,31,,,
21034,74U,31,,,
21035,74U,31,,,
21036,74U,31,,,
21037,74U,31,,,
21038,74U,31,,,
21039,74U,31,,,
21040,74U,31,,,
21041,74U,31,,,
21042,74U,31,,,
21043,74U,31,,,
21044,74U,31,,,
21045,74U,31,,,
21046,74U,31,,,
21047,74U,31,,,
21048,74U,31,,,
21049,74U,31,-4.6000000000000005,157.4,100000.0
21050,74U,31,-5.3,157.20000000000002,100300.0
21051,74U,31,-5.5,154.9,100000.0
21052,74U,31,-4.0,154.8,100200.0
21053,74U,31,,,
21054,74U,31,,,
21055,74U,31,,,
21056,74U,31,,,
21057,74U,31,,,
21058,74U,31,,,
21059,74U,31,,,
21060,74U,31,,,
21061,74U,31,,,
21062,74U,31,,,
21063,74U,31,,,
21064,74U,31,,,
21065,74U,31,,,
21066,74U,31,,,
21067,74U,31,,,
21068,74U,31,,,
21069,74U,31,,,
21070,74U,31,,,
21071,74U,31,,,
21072,74U,31,,,
21073,74U,34,,,
21074,74U,34,,,
21075,74U,34,,,
21076,74U,34,,,
21077,74U,34,,,
21078,74U,34,,,
21079,74U,34,,,
21080,74U,34,,,
21081,74U,34,,,
21082,74U,34,,,
21083,74U,34,,,
21084,74U,34,,,
21085,74U,34,,,
21086,74U,34,,,
21087,74U,34,,,
21088,74U,34,,,
21089,74U,34,,,
21090,74U,34,,,
21091,74U,34,,,
21092,74U,34,,,
21093,74U,34,,,
21094,74U,34,,,
21095,74U,34,,,
21096,74U,34,,,
21097,74U,34,,,
21098,74U,34,-22.8,155.6,100600.0
21099,74U,34,-23.0,156.70000000000002,99900.0
21100,74U,34,-23.400000000000002,157.8,99300.0
21101,74U,34,-23.8,159.0,99600.0
21102,74U,34,-23.5,161.1,99700.0
21103,74U,34,-23.900000000000002,166.20000000000002,99500.0
21104,74U,34,-24.1,169.1,99700.0
21105,74U,34,-24.1,173.1,99100.0
21106,74U,34,-23.900000000000002,175.70000000000002,99100.0
21107,74U,34,-23.8,178.5,99300.0
21108,74U,34,-24.2,-178.4,99700.0
21109,74U,34,-24.7,-175.3,99800.0
21110,74U,34,,,
21111,74U,34,-25.0,-169.6,100200.0
21112,74U,34,,,
21113,74U,38,,,
21114,74U,38,,,
21115,74U,38,,,
21116,74U,38,,,
21117,74U,38,,,
21118,74U,38,,,
21119,74U,38,,,
21120,74U,38,,,
21121,74U,38,,,
21122,74U,38,,,
21123,74U,38,,,
21124,74U,38,,,
21125,74U,38,,,
21126,74U,38,,,
21127,74U,38,,,
21128,74U,38,,,
21129,74U,38,,,
21130,74U,38,,,
21131,74U,38,-1.7,149.70000000000002,100200.0
21132,74U,38,-2.9,150.8,100600.0
21133,74U,38,,,
21134,74U,38,,,
21135,74U,38,,,
21136,74U,38,,,
21137,74U,38,,,
21138,74U,38,,,
21139,74U,38,,,
21140,74U,38,,,
21141,74U,38,,,
21142,74U,38,,,
21143,74U,38,,,
21144,74U,38,,,
21145,74U,38,,,
21146,74U,38,,,
21147,74U,38,,,
21148,74U,38,,,
21149,74U,38,,,
21150,74U,38,,,
21151,74U,38,,,
21152,74U,38,,,
21153,74U,39,,,
21154,74U,39,,,
21155,74U,39,,,
21156,74U,39,,,
21157,74U,39,,,
21158,74U,39,,,
21159,74U,39,,,
21160,74U,39,,,
21161,74U,39,,,
21162,74U,39,,,
21163,74U,39,,,
21164,74U,39,,,
21165,74U,39,,,
21166,74U,39,,,
21167,74U,39,,,
21168,74U,39,,,
21169,74U,39,,,
21170,74U,39,,,
21171,74U,39,,,
21172,74U,39,,,
21173,74U,39,,,
21174,74U,39,,,
21175,74U,39,,,
21176,74U,39,,,
21177,74U,39,,,
21178,74U,39,,,
21179,74U,39,,,
21180,74U,39,-13.8,149.1,100900.0
21181,74U,39,-12.6,148.9,100700.0
21182,74U,39,-13.200000000000001,148.4,101000.0
21183,74U,39,,,
21184,74U,39,,,
21185,74U,39,,,
21186,74U,39,-12.8,149.5,101000.0
21187,74U,39,-12.8,148.0,100800.0
21188,74U,39,,,
21189,74U,39,,,
21190,74U,39,-13.8,150.8,101000.0
21191,74U,39,,,
21192,74U,39,,,
21193,74U,40,,,
21194,74U,40,,,
21195,74U,40,,,
21196,74U,40,,,
21197,74U,40,,,
21198,74U,40,,,
21199,74U,40,,,
21200,74U,40,,,
21201,74U,40,,,
21202,74U,40,,,
21203,74U,40,,,
21204,74U,40,,,
21205,74U,40,,,
21206,74U,40,,,
21207,74U,40,,,
21208,74U,40,,,
21209,74U,40,-5.7,154.6,100600.0
21210,74U,40,-5.8,154.6,100900.0
21211,74U,40,,,
21212,74U,40,,,
21213,74U,40,-4.8,152.8,100600.0
21214,74U,40,,,
21215,74U,40,-3.9,150.6,100700.0
21216,74U,40,,,
21217,74U,40,,,
21218,74U,40,,,
21219,74U,40,,,
21220,74U,40,,,
21221,74U,40,,,
21222,74U,40,,,
21223,74U,40,,,
21224,74U,40,,,
21225,74U,40,,,
21226,74U,40,,,
21227,74U,40,,,
21228,74U,40,,,
21229,74U,40,,,
21230,74U,40,,,
21231,74U,40,,,
21232,74U,40,,,
21233,74U,42,,,
21234,74U,42,,,
21235,74U,42,,,
21236,74U,42,,,
21237,74U,42,,,
21238,74U,42,,,
21239,74U,42,,,
21240,74U,42,,,
21241,74U,42,,,
21242,74U,42,,,
21243,74U,42,,,
21244,74U,42,,,
21245,74U,42,,,
21246,74U,42,,,
21247,74U,42,,,
21248,74U,42,,,
21249,74U,42,,,
21250,74U,42,,,
21251,74U,42,,,
21252,74U,42,,,
21253,74U,42,,,
21254,74U,42,,,
21255,74U,42,,,
21256,74U,42,-10.0,148.1,100800.0
21257,74U,42,,,
21258,74U,42,,,
21259,74U,42,,,
21260,74U,42,-18.7,147.3,101000.0
21261,74U,42,,,
21262,74U,42,-19.0,149.3,101000.0
21263,74U,42,-17.3,148.9,100800.0
21264,74U,42,,,
21265,74U,42,-18.0,151.4,100800.0
21266,74U,42,-17.2,152.20000000000002,100900.0
21267,74U,42,,,
21268,74U,42,-15.8,155.20000000000002,101000.0
21269,74U,42,-15.0,158.9,100700.0
21270,74U,42,,,
21271,74U,42,-13.8,161.8,100800.0
21272,74U,42,-13.1,162.8,101000.0
21273,74U,43,,,
21274,74U,43,,,
21275,74U,43,,,
21276,74U,43,,,
21277,74U,43,,,
21278,74U,43,,,
21279,74U,43,,,
21280,74U,43,,,
21281,74U,43,,,
21282,74U,43,,,
21283,74U,43,,,
21284,74U,43,,,
21285,74U,43,,,
21286,74U,43,,,
21287,74U,43,,,
21288,74U,43,,,
21289,74U,43,,,
21290,74U,43,,,
21291,74U,43,,,
21292,74U,43,,,
21293,74U,43,,,
21294,74U,43,,,
21295,74U,43,,,
21296,74U,43,,,
21297,74U,43,,,
21298,74U,43,,,
21299,74U,43,,,
21300,74U,43,,,
21301,74U,43,,,
21302,74U,43,,,
21303,74U,43,,,
21304,74U,43,-14.5,159.1,100800.0
21305,74U,43,-15.700000000000001,158.6,100500.0
21306,74U,43,,,
21307,74U,43,-13.9,161.0,100400.0
21308,74U,43,-14.1,162.9,100500.0
21309,74U,43,,,
21310,74U,43,-15.3,165.3,100700.0
21311,74U,43,-15.700000000000001,166.5,100400.0
21312,74U,43,-16.3,169.3,100600.0
21313,74U,45,,,
21314,74U,45,,,
21315,74U,45,-10.5,105.3,100900.0
21316,74U,45,-10.700000000000001,105.10000000000001,100900.0
21317,74U,45,-12.200000000000001,103.7,100800.0
21318,74U,45,-12.1,102.2,100800.0
21319,74U,45,-11.8,100.60000000000001,100900.0
21320,74U,45,,,
21321,74U,45,-12.6,99.3,100700.0
21322,74U,45,-11.0,98.7,100700.0
21323,74U,45,,,
21324,74U,45,,,
21325,74U,45,,,
21326,74U,45,,,
21327,74U,45,,,
21328,74U,45,,,
21329,74U,45,,,
21330,74U,45,,,
21331,74U,45,,,
21332,74U,45,,,
21333,74U,45,,,
21334,74U,45,,,
21335,74U,45,,,
21336,74U,45,,,
21337,74U,45,,,
21338,74U,45,,,
21339,74U,45,,,
21340,74U,45,,,
21341,74U,45,,,
21342,74U,45,,,
21343,74U,45,,,
21344,74U,45,,,
21345,74U,45,,,
21346,74U,45,,,
21347,74U,45,,,
21348,74U,45,,,
21349,74U,45,,,
21350,74U,45,,,
21351,74U,45,,,
21352,74U,45,,,
21353,74U,48,,,
21354,74U,48,,,
21355,74U,48,,,
21356,74U,48,,,
21357,74U,48,,,
21358,74U,48,,,
21359,74U,48,,,
21360,74U,48,,,
21361,74U,48,,,
21362,74U,48,,,
21363,74U,48,,,
21364,74U,48,,,
21365,74U,48,,,
21366,74U,48,,,
21367,74U,48,-19.0,159.1,100400.0
21368,74U,48,-18.6,160.70000000000002,100700.0
21369,74U,48,-19.2,160.0,100300.0
21370,74U,48,-20.400000000000002,162.0,100300.0
21371,74U,48,-20.7,162.0,100500.0
21372,74U,48,-20.7,164.1,100500.0
21373,74U,48,-20.5,165.0,100100.0
21374,74U,48,-20.2,165.70000000000002,100600.0
21375,74U,48,-20.2,166.70000000000002,100400.0
21376,74U,48,-20.400000000000002,167.8,100600.0
21377,74U,48,-20.2,168.5,100500.0
21378,74U,48,-20.400000000000002,169.3,100600.0
21379,74U,48,-20.7,169.6,100400.0
21380,74U,48,-21.400000000000002,169.9,100400.0
21381,74U,48,-21.900000000000002,172.70000000000002,100000.0
21382,74U,48,-21.8,172.6,99800.0
21383,74U,48,-22.900000000000002,174.4,99100.0
21384,74U,48,-22.900000000000002,175.5,99100.0
21385,74U,48,-23.6,177.1,99100.0
21386,74U,48,-24.5,179.20000000000002,99200.0
21387,74U,48,,,
21388,74U,48,-26.1,-177.1,99600.0
21389,74U,48,,,
21390,74U,48,,,
21391,74U,48,,,
21392,74U,48,,,
21393,74U,50,,,
21394,74U,50,,,
21395,74U,50,,,
21396,74U,50,,,
21397,74U,50,,,
21398,74U,50,,,
21399,74U,50,,,
21400,74U,50,,,
21401,74U,50,,,
21402,74U,50,,,
21403,74U,50,,,
21404,74U,50,,,
21405,74U,50,,,
21406,74U,50,,,
21407,74U,50,,,
21408,74U,50,,,
21409,74U,50,,,
21410,74U,50,,,
21411,74U,50,,,
21412,74U,50,,,
21413,74U,50,,,
21414,74U,50,,,
21415,74U,50,,,
21416,74U,50,,,
21417,74U,50,,,
21418,74U,50,,,
21419,74U,50,,,
21420,74U,50,,,
21421,74U,50,,,
21422,74U,50,,,
21423,74U,50,,,
21424,74U,50,-10.0,147.20000000000002,100700.0
21425,74U,50,,,
21426,74U,50,-11.200000000000001,147.4,100900.0
21427,74U,50,,,
21428,74U,50,-12.4,150.6,100900.0
21429,74U,50,,,
21430,74U,50,,,
21431,74U,50,,,
21432,74U,50,,,
21433,75U,5,,,
21434,75U,5,,,
21435,75U,5,,,
21436,75U,5,,,
21437,75U,5,,,
21438,75U,5,,,
21439,75U,5,,,
21440,75U,5,,,
21441,75U,5,,,
21442,75U,5,,,
21443,75U,5,,,
21444,75U,5,,,
21445,75U,5,,,
21446,75U,5,,,
21447,75U,5,,,
21448,75U,5,,,
21449,75U,5,,,
21450,75U,5,,,
21451,75U,5,,,
21452,75U,5,,,
21453,75U,5,,,
21454,75U,5,,,
21455,75U,5,,,
21456,75U,5,,,
21457,75U,5,,,
21458,75U,5,,,
21459,75U,5,,,
21460,75U,5,,,
21461,75U,5,,,
21462,75U,5,,,
21463,75U,5,,,
21464,75U,5,,,
21465,75U,5,,,
21466,75U,5,,,
21467,75U,5,,,
21468,75U,5,,,
21469,75U,5,,,
21470,75U,5,,,
21471,75U,5,-15.200000000000001,156.3,100700.0
21472,75U,5,-14.5,156.20000000000002,100900.0
21473,75U,11,,,
21474,75U,11,,,
21475,75U,11,,,
21476,75U,11,,,
21477,75U,11,,,
21478,75U,11,,,
21479,75U,11,,,
21480,75U,11,,,
21481,75U,11,,,
21482,75U,11,,,
21483,75U,11,,,
21484,75U,11,,,
21485,75U,11,,,
21486,75U,11,,,
21487,75U,11,,,
21488,75U,11,,,
21489,75U,11,,,
21490,75U,11,,,
21491,75U,11,,,
21492,75U,11,,,
21493,75U,11,,,
21494,75U,11,,,
21495,75U,11,-9.9,147.20000000000002,100500.0
21496,75U,11,-8.6,145.8,100700.0
21497,75U,11,,,
21498,75U,11,,,
21499,75U,11,-10.9,142.9,100500.0
21500,75U,11,-10.200000000000001,140.5,100800.0
21501,75U,11,-10.200000000000001,139.70000000000002,100400.0
21502,75U,11,-10.0,139.70000000000002,100700.0
21503,75U,11,-11.6,139.20000000000002,100300.0
21504,75U,11,-11.700000000000001,137.8,100400.0
21505,75U,11,-12.5,137.1,100100.0
21506,75U,11,-12.4,135.8,100500.0
21507,75U,11,-12.6,135.0,100200.0
21508,75U,11,-12.200000000000001,134.0,100600.0
21509,75U,11,-12.1,132.6,100300.0
21510,75U,11,-12.0,131.4,100700.0
21511,75U,11,-11.8,130.0,100500.0
21512,75U,11,-11.700000000000001,128.3,100600.0
21513,75U,13,,,
21514,75U,13,,,
21515,75U,13,,,
21516,75U,13,,,
21517,75U,13,,,
21518,75U,13,,,
21519,75U,13,,,
21520,75U,13,,,
21521,75U,13,,,
21522,75U,13,,,
21523,75U,13,,,
21524,75U,13,,,
21525,75U,13,,,
21526,75U,13,,,
21527,75U,13,,,
21528,75U,13,,,
21529,75U,13,,,
21530,75U,13,,,
21531,75U,13,,,
21532,75U,13,,,
21533,75U,13,,,
21534,75U,13,,,
21535,75U,13,,,
21536,75U,13,,,
21537,75U,13,,,
21538,75U,13,,,
21539,75U,13,,,
21540,75U,13,,,
21541,75U,13,,,
21542,75U,13,-11.0,148.8,100800.0
21543,75U,13,-13.4,147.4,100500.0
21544,75U,13,,,
21545,75U,13,-14.700000000000001,146.20000000000002,100500.0
21546,75U,13,-14.5,147.0,100800.0
21547,75U,13,-15.4,144.70000000000002,100700.0
21548,75U,13,,,
21549,75U,13,,,
21550,75U,13,,,
21551,75U,13,,,
21552,75U,13,,,
21553,75U,18,,,
21554,75U,18,,,
21555,75U,18,,,
21556,75U,18,,,
21557,75U,18,,,
21558,75U,18,,,
21559,75U,18,,,
21560,75U,18,,,
21561,75U,18,,,
21562,75U,18,,,
21563,75U,18,,,
21564,75U,18,,,
21565,75U,18,,,
21566,75U,18,,,
21567,75U,18,,,
21568,75U,18,,,
21569,75U,18,,,
21570,75U,18,,,
21571,75U,18,,,
21572,75U,18,,,
21573,75U,18,,,
21574,75U,18,,,
21575,75U,18,,,
21576,75U,18,,,
21577,75U,18,,,
21578,75U,18,,,
21579,75U,18,,,
21580,75U,18,,,
21581,75U,18,,,
21582,75U,18,,,
21583,75U,18,,,
21584,75U,18,,,
21585,75U,18,,,
21586,75U,18,,,
21587,75U,18,,,
21588,75U,18,,,
21589,75U,18,,,
21590,75U,18,,,
21591,75U,18,-16.0,147.5,100800.0
21592,75U,18,-15.5,146.8,101100.0
21593,75U,19,,,
21594,75U,19,,,
21595,75U,19,,,
21596,75U,19,,,
21597,75U,19,,,
21598,75U,19,,,
21599,75U,19,,,
21600,75U,19,,,
21601,75U,19,,,
21602,75U,19,,,
21603,75U,19,,,
21604,75U,19,,,
21605,75U,19,,,
21606,75U,19,,,
21607,75U,19,,,
21608,75U,19,,,
21609,75U,19,,,
21610,75U,19,,,
21611,75U,19,,,
21612,75U,19,-13.1,159.6,100800.0
21613,75U,19,,,
21614,75U,19,,,
21615,75U,19,-17.3,159.1,100300.0
21616,75U,19,-17.1,159.1,100500.0
21617,75U,19,-18.400000000000002,158.4,100400.0
21618,75U,19,-19.0,160.3,100600.0
21619,75U,19,-19.900000000000002,161.0,100300.0
21620,75U,19,-20.6,162.9,99800.0
21621,75U,19,-20.7,164.1,99400.0
21622,75U,19,-20.900000000000002,166.20000000000002,99200.0
21623,75U,19,-21.1,168.20000000000002,99400.0
21624,75U,19,-21.400000000000002,170.20000000000002,99600.0
21625,75U,19,-21.900000000000002,173.1,99100.0
21626,75U,19,-22.3,174.5,99600.0
21627,75U,19,-22.3,176.4,99800.0
21628,75U,19,-22.2,178.4,100100.0
21629,75U,19,-22.0,-179.6,100300.0
21630,75U,19,-21.900000000000002,-178.20000000000002,100600.0
21631,75U,19,-22.1,-176.9,100700.0
21632,75U,19,-22.1,-175.70000000000002,100800.0
21633,75U,20,,,
21634,75U,20,,,
21635,75U,20,,,
21636,75U,20,,,
21637,75U,20,,,
21638,75U,20,,,
21639,75U,20,,,
21640,75U,20,,,
21641,75U,20,,,
21642,75U,20,,,
21643,75U,20,,,
21644,75U,20,,,
21645,75U,20,,,
21646,75U,20,-11.200000000000001,154.1,99500.0
21647,75U,20,-12.200000000000001,153.5,99200.0
21648,75U,20,-13.1,151.4,99200.0
21649,75U,20,-13.8,150.0,99200.0
21650,75U,20,-14.200000000000001,148.6,99100.0
21651,75U,20,-14.700000000000001,147.5,98800.0
21652,75U,20,-15.5,146.3,99200.0
21653,75U,20,-15.700000000000001,145.6,99200.0
21654,75U,20,-17.1,144.3,100300.0
21655,75U,20,-17.900000000000002,143.3,100200.0
21656,75U,20,-18.6,142.3,100700.0
21657,75U,20,,,
21658,75U,20,-18.0,141.4,100800.0
21659,75U,20,-17.1,140.8,100700.0
21660,75U,20,-17.0,141.0,100900.0
21661,75U,20,,,
21662,75U,20,,,
21663,75U,20,,,
21664,75U,20,,,
21665,75U,20,,,
21666,75U,20,,,
21667,75U,20,,,
21668,75U,20,,,
21669,75U,20,,,
21670,75U,20,,,
21671,75U,20,,,
21672,75U,20,,,
21673,75U,21,,,
21674,75U,21,,,
21675,75U,21,,,
21676,75U,21,,,
21677,75U,21,,,
21678,75U,21,,,
21679,75U,21,,,
21680,75U,21,,,
21681,75U,21,,,
21682,75U,21,,,
21683,75U,21,,,
21684,75U,21,,,
21685,75U,21,,,
21686,75U,21,,,
21687,75U,21,,,
21688,75U,21,,,
21689,75U,21,,,
21690,75U,21,-1.7,151.9,100500.0
21691,75U,21,-4.2,152.6,100300.0
21692,75U,21,-6.3,149.4,100600.0
21693,75U,21,,,
21694,75U,21,,,
21695,75U,21,,,
21696,75U,21,,,
21697,75U,21,,,
21698,75U,21,,,
21699,75U,21,,,
21700,75U,21,,,
21701,75U,21,,,
21702,75U,21,,,
21703,75U,21,,,
21704,75U,21,,,
21705,75U,21,,,
21706,75U,21,,,
21707,75U,21,,,
21708,75U,21,,,
21709,75U,21,,,
21710,75U,21,,,
21711,75U,21,,,
21712,75U,21,,,
21713,75U,28,,,
21714,75U,28,,,
21715,75U,28,,,
21716,75U,28,,,
21717,75U,28,,,
21718,75U,28,,,
21719,75U,28,,,
21720,75U,28,,,
21721,75U,28,,,
21722,75U,28,,,
21723,75U,28,,,
21724,75U,28,,,
21725,75U,28,,,
21726,75U,28,,,
21727,75U,28,,,
21728,75U,28,,,
21729,75U,28,,,
21730,75U,28,,,
21731,75U,28,,,
21732,75U,28,,,
21733,75U,28,,,
21734,75U,28,,,
21735,75U,28,,,
21736,75U,28,,,
21737,75U,28,,,
21738,75U,28,,,
21739,75U,28,,,
21740,75U,28,,,
21741,75U,28,,,
21742,75U,28,,,
21743,75U,28,,,
21744,75U,28,,,
21745,75U,28,,,
21746,75U,28,,,
21747,75U,28,,,
21748,75U,28,-11.700000000000001,146.3,101000.0
21749,75U,28,-13.8,147.70000000000002,100600.0
21750,75U,28,-12.6,148.1,100900.0
21751,75U,28,-11.9,147.70000000000002,100600.0
21752,75U,28,,,
21753,75U,29,,,
21754,75U,29,,,
21755,75U,29,,,
21756,75U,29,,,
21757,75U,29,,,
21758,75U,29,,,
21759,75U,29,,,
21760,75U,29,,,
21761,75U,29,,,
21762,75U,29,,,
21763,75U,29,,,
21764,75U,29,,,
21765,75U,29,,,
21766,75U,29,,,
21767,75U,29,,,
21768,75U,29,,,
21769,75U,29,,,
21770,75U,29,,,
21771,75U,29,,,
21772,75U,29,,,
21773,75U,29,,,
21774,75U,29,,,
21775,75U,29,,,
21776,75U,29,,,
21777,75U,29,,,
21778,75U,29,,,
21779,75U,29,,,
21780,75U,29,,,
21781,75U,29,,,
21782,75U,29,,,
21783,75U,29,-16.6,139.70000000000002,100500.0
21784,75U,29,-16.5,138.70000000000002,100700.0
21785,75U,29,,,
21786,75U,29,,,
21787,75U,29,,,
21788,75U,29,,,
21789,75U,29,,,
21790,75U,29,,,
21791,75U,29,,,
21792,75U,29,,,
21793,75U,31,,,
21794,75U,31,,,
21795,75U,31,,,
21796,75U,31,,,
21797,75U,31,,,
21798,75U,31,,,
21799,75U,31,,,
21800,75U,31,,,
21801,75U,31,,,
21802,75U,31,,,
21803,75U,31,,,
21804,75U,31,,,
21805,75U,31,,,
21806,75U,31,,,
21807,75U,31,,,
21808,75U,31,,,
21809,75U,31,,,
21810,75U,31,-7.0,90.60000000000001,100600.0
21811,75U,31,-7.3,90.10000000000001,100700.0
21812,75U,31,-6.9,89.7,100500.0
21813,75U,31,-8.8,89.60000000000001,100600.0
21814,75U,31,,,
21815,75U,31,-10.4,88.5,100600.0
21816,75U,31,-8.5,88.8,100500.0
21817,75U,31,,,
21818,75U,31,,,
21819,75U,31,,,
21820,75U,31,,,
21821,75U,31,,,
21822,75U,31,,,
21823,75U,31,,,
21824,75U,31,,,
21825,75U,31,,,
21826,75U,31,,,
21827,75U,31,,,
21828,75U,31,,,
21829,75U,31,,,
21830,75U,31,,,
21831,75U,31,,,
21832,75U,31,,,
21833,75U,40,,,
21834,75U,40,,,
21835,75U,40,,,
21836,75U,40,,,
21837,75U,40,,,
21838,75U,40,,,
21839,75U,40,,,
21840,75U,40,,,
21841,75U,40,,,
21842,75U,40,,,
21843,75U,40,,,
21844,75U,40,,,
21845,75U,40,,,
21846,75U,40,,,
21847,75U,40,,,
21848,75U,40,,,
21849,75U,40,,,
21850,75U,40,,,
21851,75U,40,,,
21852,75U,40,,,
21853,75U,40,,,
21854,75U,40,,,
21855,75U,40,,,
21856,75U,40,,,
21857,75U,40,,,
21858,75U,40,-1.5,143.20000000000002,100900.0
21859,75U,40,,,
21860,75U,40,-0.3,140.6,101100.0
21861,75U,40,-0.5,139.9,100800.0
21862,75U,40,-1.4000000000000001,139.70000000000002,101100.0
21863,75U,40,,,
21864,75U,40,,,
21865,75U,40,-3.1,138.5,100700.0
21866,75U,40,,,
21867,75U,40,-1.3,136.8,100900.0
21868,75U,40,,,
21869,75U,40,,,
21870,75U,40,-0.1,137.6,101100.0
21871,75U,40,,,
21872,75U,40,,,
21873,75U,50,,,
21874,75U,50,,,
21875,75U,50,,,
21876,75U,50,,,
21877,75U,50,,,
21878,75U,50,,,
21879,75U,50,,,
21880,75U,50,,,
21881,75U,50,,,
21882,75U,50,,,
21883,75U,50,,,
21884,75U,50,,,
21885,75U,50,,,
21886,75U,50,,,
21887,75U,50,,,
21888,75U,50,,,
21889,75U,50,,,
21890,75U,50,,,
21891,75U,50,,,
21892,75U,50,,,
21893,75U,50,,,
21894,75U,50,,,
21895,75U,50,,,
21896,75U,50,,,
21897,75U,50,,,
21898,75U,50,,,
21899,75U,50,,,
21900,75U,50,,,
21901,75U,50,,,
21902,75U,50,,,
21903,75U,50,,,
21904,75U,50,,,
21905,75U,50,,,
21906,75U,50,,,
21907,75U,50,,,
21908,75U,50,-17.0,157.5,100800.0
21909,75U,50,-16.5,156.5,100500.0
21910,75U,50,,,
21911,75U,50,-15.5,160.0,100300.0
21912,75U,50,,,
21913,76U,11,,,
21914,76U,11,,,
21915,76U,11,,,
21916,76U,11,,,
21917,76U,11,,,
21918,76U,11,,,
21919,76U,11,,,
21920,76U,11,,,
21921,76U,11,,,
21922,76U,11,,,
21923,76U,11,,,
21924,76U,11,,,
21925,76U,11,,,
21926,76U,11,,,
21927,76U,11,,,
21928,76U,11,,,
21929,76U,11,,,
21930,76U,11,,,
21931,76U,11,,,
21932,76U,11,,,
21933,76U,11,,,
21934,76U,11,,,
21935,76U,11,-1.5,147.8,100500.0
21936,76U,11,,,
21937,76U,11,,,
21938,76U,11,,,
21939,76U,11,-2.4,147.5,100600.0
21940,76U,11,,,
21941,76U,11,,,
21942,76U,11,,,
21943,76U,11,-4.2,149.4,100600.0
21944,76U,11,-6.2,150.6,100800.0
21945,76U,11,,,
21946,76U,11,,,
21947,76U,11,-5.5,150.6,100700.0
21948,76U,11,,,
21949,76U,11,,,
21950,76U,11,,,
21951,76U,11,,,
21952,76U,11,,,
21953,76U,19,,,
21954,76U,19,,,
21955,76U,19,,,
21956,76U,19,,,
21957,76U,19,,,
21958,76U,19,,,
21959,76U,19,,,
21960,76U,19,,,
21961,76U,19,,,
21962,76U,19,,,
21963,76U,19,,,
21964,76U,19,,,
21965,76U,19,,,
21966,76U,19,,,
21967,76U,19,,,
21968,76U,19,,,
21969,76U,19,,,
21970,76U,19,,,
21971,76U,19,,,
21972,76U,19,,,
21973,76U,19,,,
21974,76U,19,,,
21975,76U,19,,,
21976,76U,19,,,
21977,76U,19,,,
21978,76U,19,,,
21979,76U,19,,,
21980,76U,19,-16.2,154.1,100900.0
21981,76U,19,-17.5,153.70000000000002,100400.0
21982,76U,19,,,
21983,76U,19,-18.400000000000002,155.1,100300.0
21984,76U,19,,,
21985,76U,19,-17.7,154.8,100300.0
21986,76U,19,,,
21987,76U,19,,,
21988,76U,19,,,
21989,76U,19,,,
21990,76U,19,,,
21991,76U,19,,,
21992,76U,19,,,
21993,76U,20,,,
21994,76U,20,,,
21995,76U,20,,,
21996,76U,20,,,
21997,76U,20,,,
21998,76U,20,,,
21999,76U,20,,,
22000,76U,20,,,
22001,76U,20,,,
22002,76U,20,,,
22003,76U,20,,,
22004,76U,20,,,
22005,76U,20,,,
22006,76U,20,,,
22007,76U,20,,,
22008,76U,20,,,
22009,76U,20,,,
22010,76U,20,,,
22011,76U,20,,,
22012,76U,20,,,
22013,76U,20,,,
22014,76U,20,,,
22015,76U,20,,,
22016,76U,20,,,
22017,76U,20,,,
22018,76U,20,-20.8,159.0,101200.0
22019,76U,20,,,
22020,76U,20,,,
22021,76U,20,,,
22022,76U,20,-21.6,163.9,100600.0
22023,76U,20,-20.5,166.1,100300.0
22024,76U,20,-19.6,168.6,100600.0
22025,76U,20,-18.7,170.3,100400.0
22026,76U,20,-18.2,171.6,100700.0
22027,76U,20,,,
22028,76U,20,,,
22029,76U,20,,,
22030,76U,20,,,
22031,76U,20,,,
22032,76U,20,,,
22033,76U,21,,,
22034,76U,21,,,
22035,76U,21,,,
22036,76U,21,,,
22037,76U,21,,,
22038,76U,21,,,
22039,76U,21,,,
22040,76U,21,,,
22041,76U,21,,,
22042,76U,21,,,
22043,76U,21,,,
22044,76U,21,,,
22045,76U,21,,,
22046,76U,21,,,
22047,76U,21,,,
22048,76U,21,,,
22049,76U,21,,,
22050,76U,21,,,
22051,76U,21,,,
22052,76U,21,,,
22053,76U,21,-10.700000000000001,144.70000000000002,100100.0
22054,76U,21,-10.5,143.20000000000002,100400.0
22055,76U,21,-10.6,141.1,100300.0
22056,76U,21,-11.200000000000001,138.9,100400.0
22057,76U,21,-11.5,137.1,100100.0
22058,76U,21,,,
22059,76U,21,-11.4,134.8,100200.0
22060,76U,21,,,
22061,76U,21,-12.200000000000001,132.7,100200.0
22062,76U,21,-10.5,132.6,100600.0
22063,76U,21,-10.8,131.9,100400.0
22064,76U,21,-11.5,131.5,100700.0
22065,76U,21,-11.200000000000001,131.2,100400.0
22066,76U,21,-11.5,131.6,100800.0
22067,76U,21,-11.4,131.3,100500.0
22068,76U,21,-12.200000000000001,130.0,100700.0
22069,76U,21,-12.4,129.6,100400.0
22070,76U,21,-13.1,129.1,100700.0
22071,76U,21,-13.1,127.4,100600.0
22072,76U,21,-12.9,126.7,100800.0
22073,76U,29,,,
22074,76U,29,,,
22075,76U,29,,,
22076,76U,29,,,
22077,76U,29,,,
22078,76U,29,,,
22079,76U,29,,,
22080,76U,29,,,
22081,76U,29,,,
22082,76U,29,,,
22083,76U,29,,,
22084,76U,29,,,
22085,76U,29,,,
22086,76U,29,,,
22087,76U,29,,,
22088,76U,29,,,
22089,76U,29,,,
22090,76U,29,,,
22091,76U,29,,,
22092,76U,29,,,
22093,76U,29,,,
22094,76U,29,,,
22095,76U,29,,,
22096,76U,29,,,
22097,76U,29,,,
22098,76U,29,,,
22099,76U,29,,,
22100,76U,29,,,
22101,76U,29,,,
22102,76U,29,,,
22103,76U,29,,,
22104,76U,29,,,
22105,76U,29,-17.2,149.8,100600.0
22106,76U,29,,,
22107,76U,29,-19.1,152.5,100600.0
22108,76U,29,,,
22109,76U,29,,,
22110,76U,29,,,
22111,76U,29,-21.3,159.4,100300.0
22112,76U,29,-22.2,163.6,100600.0
22113,76U,31,,,
22114,76U,31,,,
22115,76U,31,,,
22116,76U,31,,,
22117,76U,31,,,
22118,76U,31,,,
22119,76U,31,,,
22120,76U,31,,,
22121,76U,31,,,
22122,76U,31,,,
22123,76U,31,,,
22124,76U,31,,,
22125,76U,31,,,
22126,76U,31,,,
22127,76U,31,,,
22128,76U,31,,,
22129,76U,31,,,
22130,76U,31,,,
22131,76U,31,,,
22132,76U,31,-11.200000000000001,139.3,100700.0
22133,76U,31,-10.6,137.3,100400.0
22134,76U,31,-10.3,136.9,100600.0
22135,76U,31,-10.200000000000001,135.8,100400.0
22136,76U,31,-10.5,135.0,100600.0
22137,76U,31,-9.1,134.1,100300.0
22138,76U,31,,,
22139,76U,31,-8.8,133.4,100400.0
22140,76U,31,-9.5,135.4,100600.0
22141,76U,31,,,
22142,76U,31,,,
22143,76U,31,,,
22144,76U,31,,,
22145,76U,31,,,
22146,76U,31,,,
22147,76U,31,,,
22148,76U,31,,,
22149,76U,31,,,
22150,76U,31,,,
22151,76U,31,,,
22152,76U,31,,,
22153,76U,40,,,
22154,76U,40,,,
22155,76U,40,,,
22156,76U,40,,,
22157,76U,40,,,
22158,76U,40,,,
22159,76U,40,,,
22160,76U,40,,,
22161,76U,40,,,
22162,76U,40,,,
22163,76U,40,,,
22164,76U,40,,,
22165,76U,40,,,
22166,76U,40,,,
22167,76U,40,,,
22168,76U,40,,,
22169,76U,40,,,
22170,76U,40,,,
22171,76U,40,,,
22172,76U,40,,,
22173,76U,40,,,
22174,76U,40,,,
22175,76U,40,,,
22176,76U,40,,,
22177,76U,40,,,
22178,76U,40,,,
22179,76U,40,-9.9,147.20000000000002,100700.0
22180,76U,40,-10.3,147.5,101100.0
22181,76U,40,,,
22182,76U,40,,,
22183,76U,40,,,
22184,76U,40,-9.9,147.20000000000002,101100.0
22185,76U,40,,,
22186,76U,40,-10.0,147.1,101100.0
22187,76U,40,,,
22188,76U,40,-9.9,147.20000000000002,101100.0
22189,76U,40,,,
22190,76U,40,-9.9,147.1,101000.0
22191,76U,40,-9.9,147.20000000000002,100800.0
22192,76U,40,,,
22193,76U,50,,,
22194,76U,50,,,
22195,76U,50,,,
22196,76U,50,,,
22197,76U,50,,,
22198,76U,50,,,
22199,76U,50,,,
22200,76U,50,,,
22201,76U,50,,,
22202,76U,50,,,
22203,76U,50,,,
22204,76U,50,,,
22205,76U,50,,,
22206,76U,50,,,
22207,76U,50,,,
22208,76U,50,,,
22209,76U,50,,,
22210,76U,50,,,
22211,76U,50,,,
22212,76U,50,,,
22213,76U,50,,,
22214,76U,50,,,
22215,76U,50,,,
22216,76U,50,,,
22217,76U,50,,,
22218,76U,50,,,
22219,76U,50,,,
22220,76U,50,,,
22221,76U,50,,,
22222,76U,50,,,
22223,76U,50,,,
22224,76U,50,,,
22225,76U,50,,,
22226,76U,50,,,
22227,76U,50,,,
22228,76U,50,,,
22229,76U,50,,,
22230,76U,50,-13.4,149.20000000000002,100900.0
22231,76U,50,-11.9,149.6,100700.0
22232,76U,50,-12.4,148.0,101000.0
22233,77U,11,,,
22234,77U,11,,,
22235,77U,11,,,
22236,77U,11,,,
22237,77U,11,,,
22238,77U,11,,,
22239,77U,11,,,
22240,77U,11,,,
22241,77U,11,,,
22242,77U,11,,,
22243,77U,11,,,
22244,77U,11,,,
22245,77U,11,,,
22246,77U,11,,,
22247,77U,11,,,
22248,77U,11,,,
22249,77U,11,,,
22250,77U,11,,,
22251,77U,11,,,
22252,77U,11,,,
22253,77U,11,,,
22254,77U,11,,,
22255,77U,11,,,
22256,77U,11,,,
22257,77U,11,,,
22258,77U,11,,,
22259,77U,11,,,
22260,77U,11,-11.4,91.10000000000001,100800.0
22261,77U,11,-11.0,89.5,100900.0
22262,77U,11,,,
22263,77U,11,,,
22264,77U,11,,,
22265,77U,11,,,
22266,77U,11,,,
22267,77U,11,,,
22268,77U,11,,,
22269,77U,11,,,
22270,77U,11,,,
22271,77U,11,,,
22272,77U,31,,,
22273,77U,31,,,
22274,77U,31,,,
22275,77U,31,,,
22276,77U,31,,,
22277,77U,31,,,
22278,77U,31,,,
22279,77U,31,,,
22280,77U,31,,,
22281,77U,31,,,
22282,77U,31,,,
22283,77U,31,,,
22284,77U,31,,,
22285,77U,31,,,
22286,77U,31,,,
22287,77U,31,,,
22288,77U,31,,,
22289,77U,31,,,
22290,77U,31,,,
22291,77U,31,,,
22292,77U,31,,,
22293,77U,31,-5.3,150.4,100300.0
22294,77U,31,-6.5,151.5,99900.0
22295,77U,31,-7.6000000000000005,149.20000000000002,100100.0
22296,77U,31,-10.700000000000001,147.4,99900.0
22297,77U,31,-10.200000000000001,145.8,99900.0
22298,77U,31,-10.700000000000001,145.6,99600.0
22299,77U,31,-11.700000000000001,145.20000000000002,99900.0
22300,77U,31,-12.6,144.70000000000002,99600.0
22301,77U,31,-13.3,144.0,99900.0
22302,77U,31,-13.8,143.5,99700.0
22303,77U,31,-14.3,144.0,100000.0
22304,77U,31,-15.8,143.5,99900.0
22305,77U,31,-15.700000000000001,143.70000000000002,100200.0
22306,77U,31,-15.6,144.20000000000002,100100.0
22307,77U,31,-15.9,145.5,100400.0
22308,77U,31,-16.8,146.6,100100.0
22309,77U,31,-17.3,147.70000000000002,100400.0
22310,77U,31,-17.8,148.5,100100.0
22311,78U,11,,,
22312,78U,11,,,
22313,78U,11,,,
22314,78U,11,,,
22315,78U,11,,,
22316,78U,11,,,
22317,78U,11,,,
22318,78U,11,,,
22319,78U,11,,,
22320,78U,11,,,
22321,78U,11,,,
22322,78U,11,,,
22323,78U,11,,,
22324,78U,11,,,
22325,78U,11,,,
22326,78U,11,,,
22327,78U,11,,,
22328,78U,11,,,
22329,78U,11,,,
22330,78U,11,,,
22331,78U,11,,,
22332,78U,11,,,
22333,78U,11,,,
22334,78U,11,,,
22335,78U,11,,,
22336,78U,11,,,
22337,78U,11,,,
22338,78U,11,,,
22339,78U,11,,,
22340,78U,11,,,
22341,78U,11,,,
22342,78U,11,,,
22343,78U,11,,,
22344,78U,11,-10.9,145.4,100900.0
22345,78U,11,,,
22346,78U,11,-9.9,147.20000000000002,100900.0
22347,78U,11,-10.1,147.1,100600.0
22348,78U,31,,,
22349,78U,31,,,
22350,78U,31,,,
22351,78U,31,,,
22352,78U,31,,,
22353,78U,31,,,
22354,78U,31,,,
22355,78U,31,,,
22356,78U,31,,,
22357,78U,31,,,
22358,78U,31,,,
22359,78U,31,,,
22360,78U,31,,,
22361,78U,31,,,
22362,78U,31,,,
22363,78U,31,,,
22364,78U,31,,,
22365,78U,31,,,
22366,78U,31,,,
22367,78U,31,,,
22368,78U,31,,,
22369,78U,31,,,
22370,78U,31,,,
22371,78U,31,,,
22372,78U,31,,,
22373,78U,31,,,
22374,78U,31,,,
22375,78U,31,,,
22376,78U,31,,,
22377,78U,31,,,
22378,78U,31,,,
22379,78U,31,,,
22380,78U,31,-19.5,151.20000000000002,100200.0
22381,78U,31,-20.400000000000002,152.9,100500.0
22382,78U,31,,,
22383,78U,31,,,
22384,78U,31,,,
22385,70P,1,-28.7,178.5,96200.0
22386,70P,1,-30.0,178.5,96800.0
22387,70P,1,-30.8,177.20000000000002,97300.0
22388,70P,1,-31.2,177.0,97700.0
22389,70P,1,-32.5,176.4,97800.0
22390,70P,1,-33.7,175.6,98100.0
22391,70P,1,-35.2,175.6,98200.0
22392,70P,1,-37.2,176.0,98100.0
22393,70P,1,-39.0,177.5,98300.0
22394,70P,1,-42.0,179.0,98300.0
22395,70P,1,-45.2,-179.9,98100.0
22396,70P,1,-48.9,-179.3,98100.0
22397,70P,1,,,
22398,70P,2,-29.1,178.70000000000002,96200.0
22399,70P,2,-30.1,178.1,96500.0
22400,70P,2,-30.3,177.6,96800.0
22401,70P,2,-31.5,176.8,97100.0
22402,70P,2,-32.3,176.3,97100.0
22403,70P,2,-33.6,175.9,97400.0
22404,70P,2,-35.300000000000004,175.70000000000002,97400.0
22405,70P,2,-37.300000000000004,175.6,97300.0
22406,70P,2,-39.2,177.3,97200.0
22407,70P,2,-42.6,178.1,96800.0
22408,70P,2,-46.0,178.0,96200.0
22409,70P,2,-49.5,177.6,95700.0
22410,70P,2,,,
22411,70P,3,-29.2,178.8,97100.0
22412,70P,3,-29.5,178.3,97400.0
22413,70P,3,-31.0,177.9,97600.0
22414,70P,3,-31.3,176.20000000000002,97800.0
22415,70P,3,,,
22416,70P,3,-33.4,175.9,98300.0
22417,70P,3,-35.300000000000004,174.70000000000002,98200.0
22418,70P,3,-36.7,174.70000000000002,98200.0
22419,70P,3,-38.800000000000004,175.8,98500.0
22420,70P,3,,,
22421,70P,3,,,
22422,70P,3,,,
22423,70P,3,,,
22424,70P,4,-28.900000000000002,178.6,95800.0
22425,70P,4,-30.2,178.5,96100.0
22426,70P,4,-30.6,177.1,96200.0
22427,70P,4,-31.0,177.1,96500.0
22428,70P,4,-32.3,176.6,96600.0
22429,70P,4,-33.5,176.0,96900.0
22430,70P,4,-35.1,175.70000000000002,97000.0
22431,70P,4,-36.9,175.8,97100.0
22432,70P,4,-38.9,176.4,97400.0
22433,70P,4,-41.800000000000004,177.4,97000.0
22434,70P,4,-45.6,177.9,96800.0
22435,70P,4,-49.5,177.3,96700.0
22436,70P,4,,,
22437,70P,5,-29.1,178.70000000000002,96300.0
22438,70P,5,-29.900000000000002,178.5,96500.0
22439,70P,5,-30.7,177.6,96600.0
22440,70P,5,-31.5,177.1,97000.0
22441,70P,5,-32.3,176.8,97100.0
22442,70P,5,-33.4,176.70000000000002,97500.0
22443,70P,5,-35.4,176.8,97500.0
22444,70P,5,-37.5,176.9,97400.0
22445,70P,5,-40.0,177.3,97400.0
22446,70P,5,-42.6,177.8,97300.0
22447,70P,5,-45.800000000000004,178.70000000000002,97200.0
22448,70P,5,-49.800000000000004,179.0,97200.0
22449,70P,5,,,
22450,70P,6,-29.2,178.4,96400.0
22451,70P,6,-30.1,177.9,96700.0
22452,70P,6,-30.8,177.20000000000002,96800.0
22453,70P,6,-31.8,176.4,97100.0
22454,70P,6,-33.0,175.20000000000002,97100.0
22455,70P,6,-33.8,174.8,97500.0
22456,70P,6,-36.0,175.0,97400.0
22457,70P,6,-38.6,174.0,97400.0
22458,70P,6,-41.2,175.3,97200.0
22459,70P,6,-45.0,176.3,97100.0
22460,70P,6,-49.4,175.5,96500.0
22461,70P,6,,,
22462,70P,6,,,
22463,70P,7,-28.8,178.3,95300.0
22464,70P,7,-29.900000000000002,178.20000000000002,95700.0
22465,70P,7,-30.400000000000002,177.0,95900.0
22466,70P,7,-30.7,176.6,96200.0
22467,70P,7,-31.8,176.4,96500.0
22468,70P,7,-33.0,175.9,97000.0
22469,70P,7,-34.4,175.9,97300.0
22470,70P,7,-36.300000000000004,176.4,97600.0
22471,70P,7,-38.5,176.8,98100.0
22472,70P,7,-41.300000000000004,177.6,97900.0
22473,70P,7,-44.300000000000004,178.70000000000002,97700.0
22474,70P,7,-47.9,179.0,97400.0
22475,70P,7,,,
22476,70P,8,-29.0,179.20000000000002,97200.0
22477,70P,8,-29.6,178.4,97400.0
22478,70P,8,-30.8,177.4,97600.0
22479,70P,8,-30.400000000000002,177.0,98000.0
22480,70P,8,-32.3,177.1,98000.0
22481,70P,8,-33.6,175.70000000000002,98200.0
22482,70P,8,-34.5,175.8,98200.0
22483,70P,8,-36.9,176.20000000000002,98300.0
22484,70P,8,,,
22485,70P,8,,,
22486,70P,8,,,
22487,70P,8,,,
22488,70P,8,,,
22489,70P,9,-28.900000000000002,178.1,97100.0
22490,70P,9,-29.7,178.5,97400.0
22491,70P,9,-30.5,177.3,97400.0
22492,70P,9,-31.1,176.9,97700.0
22493,70P,9,-32.0,176.6,97800.0
22494,70P,9,-33.9,175.9,98000.0
22495,70P,9,-35.5,174.70000000000002,98000.0
22496,70P,9,-36.9,175.4,97800.0
22497,70P,9,,,
22498,70P,9,,,
22499,70P,9,,,
22500,70P,9,,,
22501,70P,9,,,
22502,70P,10,-29.0,179.0,95900.0
22503,70P,10,-30.2,178.5,96200.0
22504,70P,10,-30.6,177.5,96400.0
22505,70P,10,-31.2,177.1,96700.0
22506,70P,10,-32.3,176.4,96800.0
22507,70P,10,-33.2,175.9,97200.0
22508,70P,10,-34.6,175.9,97300.0
22509,70P,10,-36.5,175.9,97500.0
22510,70P,10,-38.6,176.6,97800.0
22511,70P,10,-41.5,177.6,97600.0
22512,70P,10,-45.0,178.0,97300.0
22513,70P,10,-49.1,177.8,97100.0
22514,70P,10,,,
22515,70P,11,-29.1,179.4,97100.0
22516,70P,11,-30.1,177.8,97300.0
22517,70P,11,-30.5,177.1,97500.0
22518,70P,11,-31.1,176.9,97800.0
22519,70P,11,-32.5,176.0,97900.0
22520,70P,11,-33.2,175.20000000000002,98300.0
22521,70P,11,-34.9,175.70000000000002,98400.0
22522,70P,11,-36.800000000000004,175.8,98300.0
22523,70P,11,-38.9,177.3,98300.0
22524,70P,11,-42.2,177.6,98600.0
22525,70P,11,-44.6,-179.9,98300.0
22526,70P,11,-48.1,-179.9,98200.0
22527,70P,11,,,
22528,70P,12,-28.8,178.4,96000.0
22529,70P,12,-29.7,178.5,96300.0
22530,70P,12,-30.7,177.70000000000002,96500.0
22531,70P,12,-31.3,176.9,96700.0
22532,70P,12,-32.3,176.6,96800.0
22533,70P,12,-33.8,176.0,97000.0
22534,70P,12,-35.6,175.3,97200.0
22535,70P,12,-37.7,175.4,97300.0
22536,70P,12,-40.0,176.9,97200.0
22537,70P,12,-43.4,177.6,96900.0
22538,70P,12,-47.4,178.1,96700.0
22539,70P,12,-51.4,178.1,96600.0
22540,70P,12,,,
22541,70P,13,-29.0,178.9,96800.0
22542,70P,13,-30.400000000000002,179.1,97000.0
22543,70P,13,-30.900000000000002,177.5,97200.0
22544,70P,13,-31.5,177.70000000000002,97600.0
22545,70P,13,-32.6,176.6,97700.0
22546,70P,13,-33.4,176.1,98000.0
22547,70P,13,-35.1,176.5,98100.0
22548,70P,13,-37.2,176.70000000000002,98100.0
22549,70P,13,-39.9,177.20000000000002,98100.0
22550,70P,13,-43.2,176.70000000000002,97600.0
22551,70P,13,-46.6,175.9,97200.0
22552,70P,13,-49.7,176.20000000000002,97000.0
22553,70P,13,,,
22554,70P,14,-28.7,178.8,96000.0
22555,70P,14,-30.1,178.6,96300.0
22556,70P,14,-30.900000000000002,177.5,96500.0
22557,70P,14,-31.5,176.9,96700.0
22558,70P,14,-32.5,176.3,96900.0
22559,70P,14,-33.8,175.8,97200.0
22560,70P,14,-35.300000000000004,175.8,97300.0
22561,70P,14,-37.4,176.0,97200.0
22562,70P,14,-39.6,177.1,97400.0
22563,70P,14,-42.800000000000004,177.8,97300.0
22564,70P,14,-46.7,178.1,96900.0
22565,70P,14,-50.800000000000004,177.3,96600.0
22566,70P,14,,,
22567,70P,15,-9.6,159.1,100200.0
22568,70P,15,-10.6,158.9,100400.0
22569,70P,15,-11.200000000000001,158.3,100200.0
22570,70P,15,,,
22571,70P,15,,,
22572,70P,15,,,
22573,70P,15,,,
22574,70P,15,,,
22575,70P,15,,,
22576,70P,15,,,
22577,70P,15,,,
22578,70P,15,,,
22579,70P,15,,,
22580,70P,16,-29.0,179.0,96800.0
22581,70P,16,-30.2,178.8,97100.0
22582,70P,16,-31.0,177.1,97300.0
22583,70P,16,-31.3,177.3,97700.0
22584,70P,16,-33.1,176.4,97700.0
22585,70P,16,-33.7,175.6,98000.0
22586,70P,16,-35.300000000000004,175.9,98100.0
22587,70P,16,-37.2,176.3,98200.0
22588,70P,16,-39.6,177.20000000000002,98100.0
22589,70P,16,-42.2,178.1,98000.0
22590,70P,16,-45.4,179.70000000000002,97900.0
22591,70P,16,-49.300000000000004,-179.6,97600.0
22592,70P,16,,,
22593,70P,17,-28.900000000000002,178.9,96500.0
22594,70P,17,-30.400000000000002,178.3,96700.0
22595,70P,17,-30.8,177.8,96900.0
22596,70P,17,-31.5,176.9,97200.0
22597,70P,17,-32.5,176.20000000000002,97300.0
22598,70P,17,-33.2,175.9,97600.0
22599,70P,17,-34.800000000000004,175.9,97700.0
22600,70P,17,-36.800000000000004,176.20000000000002,97700.0
22601,70P,17,-38.4,176.9,97700.0
22602,70P,17,-41.5,177.70000000000002,97400.0
22603,70P,17,-44.6,178.1,97100.0
22604,70P,17,-48.1,178.3,96700.0
22605,70P,17,-51.4,177.8,96300.0
22606,70P,18,-28.8,178.8,95500.0
22607,70P,18,-30.1,178.6,95800.0
22608,70P,18,-30.5,177.3,96000.0
22609,70P,18,-31.0,176.9,96400.0
22610,70P,18,-31.7,176.6,96600.0
22611,70P,18,-32.7,176.3,97100.0
22612,70P,18,-34.4,176.5,97300.0
22613,70P,18,-36.5,176.3,97100.0
22614,70P,18,-38.1,176.6,97200.0
22615,70P,18,,,
22616,70P,18,,,
22617,70P,18,,,
22618,70P,18,,,
22619,70P,19,-28.6,178.4,95900.0
22620,70P,19,-29.900000000000002,178.5,96200.0
22621,70P,19,-30.6,177.6,96500.0
22622,70P,19,-31.400000000000002,176.9,96900.0
22623,70P,19,-32.3,176.20000000000002,96900.0
22624,70P,19,-33.5,176.20000000000002,97200.0
22625,70P,19,-35.300000000000004,176.20000000000002,97300.0
22626,70P,19,-37.6,176.4,97000.0
22627,70P,19,-40.5,177.20000000000002,97300.0
22628,70P,19,-43.300000000000004,177.1,97000.0
22629,70P,19,-46.2,178.5,97000.0
22630,70P,19,-49.9,179.0,97000.0
22631,70P,19,,,
22632,70P,20,-29.0,178.20000000000002,96100.0
22633,70P,20,-29.8,177.8,96400.0
22634,70P,20,-30.7,177.1,96600.0
22635,70P,20,-31.3,175.9,96900.0
22636,70P,20,-32.0,175.20000000000002,97000.0
22637,70P,20,-33.0,174.9,97400.0
22638,70P,20,-34.4,175.5,97600.0
22639,70P,20,-36.9,175.8,97500.0
22640,70P,20,-39.9,176.5,97800.0
22641,70P,20,-43.1,177.0,97700.0
22642,70P,20,-46.6,177.6,97400.0
22643,70P,20,-49.800000000000004,178.20000000000002,97200.0
22644,70P,20,,,
22645,70P,21,-28.900000000000002,178.8,96800.0
22646,70P,21,-29.900000000000002,178.9,97100.0
22647,70P,21,-30.5,178.1,97200.0
22648,70P,21,-31.5,177.3,97600.0
22649,70P,21,-32.3,176.9,97600.0
22650,70P,21,-33.7,176.20000000000002,97900.0
22651,70P,21,-34.800000000000004,176.20000000000002,98000.0
22652,70P,21,-37.0,176.9,98100.0
22653,70P,21,-39.9,177.1,97800.0
22654,70P,21,-42.5,178.1,97500.0
22655,70P,21,-45.2,178.8,97300.0
22656,70P,21,-48.6,-180.0,97200.0
22657,70P,21,,,
22658,70P,22,-28.8,179.5,97700.0
22659,70P,22,-30.1,178.4,97900.0
22660,70P,22,-31.3,178.0,98000.0
22661,70P,22,-31.8,177.1,98100.0
22662,70P,22,-32.8,176.6,98200.0
22663,70P,22,-34.0,175.9,98500.0
22664,70P,22,-36.5,175.70000000000002,98600.0
22665,70P,22,-40.1,175.70000000000002,98500.0
22666,70P,22,-43.300000000000004,175.5,98000.0
22667,70P,22,-47.1,175.6,97500.0
22668,70P,22,,,
22669,70P,22,,,
22670,70P,22,,,
22671,70P,23,-29.400000000000002,178.70000000000002,96100.0
22672,70P,23,-30.400000000000002,177.6,96400.0
22673,70P,23,-30.400000000000002,176.9,96600.0
22674,70P,23,-31.1,176.9,97000.0
22675,70P,23,-32.5,176.20000000000002,97000.0
22676,70P,23,-33.7,175.8,97300.0
22677,70P,23,-35.7,175.8,97200.0
22678,70P,23,-37.9,175.6,97000.0
22679,70P,23,-39.7,177.3,96800.0
22680,70P,23,-42.5,178.4,96700.0
22681,70P,23,-45.9,179.4,96700.0
22682,70P,23,-49.300000000000004,179.6,96800.0
22683,70P,23,,,
22684,70P,24,-28.7,178.1,95400.0
22685,70P,24,-30.0,177.9,96000.0
22686,70P,24,-30.5,176.9,96200.0
22687,70P,24,-31.2,176.1,96500.0
22688,70P,24,-32.1,175.4,96600.0
22689,70P,24,-33.0,175.1,96900.0
22690,70P,24,-34.5,175.20000000000002,97100.0
22691,70P,24,-36.6,175.20000000000002,97000.0
22692,70P,24,-38.4,175.70000000000002,97400.0
22693,70P,24,-41.0,177.5,97500.0
22694,70P,24,-44.300000000000004,178.1,97200.0
22695,70P,24,-48.1,178.3,97000.0
22696,70P,24,,,
22697,70P,25,-29.2,178.5,96300.0
22698,70P,25,-30.2,178.5,96600.0
22699,70P,25,-30.7,177.5,96800.0
22700,70P,25,-31.8,176.6,97100.0
22701,70P,25,-32.5,176.1,97300.0
22702,70P,25,-33.7,175.9,97600.0
22703,70P,25,-36.0,175.70000000000002,97400.0
22704,70P,25,-38.4,175.70000000000002,97500.0
22705,70P,25,-41.5,175.5,97200.0
22706,70P,25,-44.6,176.3,96600.0
22707,70P,25,-48.4,176.20000000000002,96300.0
22708,70P,25,,,
22709,70P,25,,,
22710,70P,26,-28.7,178.5,95800.0
22711,70P,26,-30.1,178.8,96200.0
22712,70P,26,-30.8,177.9,96400.0
22713,70P,26,-31.5,177.1,96800.0
22714,70P,26,-32.3,176.70000000000002,96800.0
22715,70P,26,-33.7,176.3,97200.0
22716,70P,26,-35.2,176.20000000000002,97300.0
22717,70P,26,-37.1,176.6,97300.0
22718,70P,26,-39.300000000000004,177.8,97400.0
22719,70P,26,-42.2,178.9,97400.0
22720,70P,26,-45.9,179.5,97200.0
22721,70P,26,-49.9,179.5,97000.0
22722,70P,26,,,
22723,70P,27,,,
22724,70P,27,-13.4,168.3,100700.0
22725,70P,27,-13.3,168.9,100600.0
22726,70P,27,-13.4,169.3,100700.0
22727,70P,27,,,
22728,70P,27,,,
22729,70P,27,,,
22730,70P,27,,,
22731,70P,27,,,
22732,70P,27,,,
22733,70P,27,,,
22734,70P,27,,,
22735,70P,27,,,
22736,70P,28,-29.1,179.1,96500.0
22737,70P,28,-30.1,178.6,96800.0
22738,70P,28,-30.900000000000002,177.1,97000.0
22739,70P,28,-32.0,177.1,97300.0
22740,70P,28,-32.5,176.0,97400.0
22741,70P,28,-33.6,175.5,97700.0
22742,70P,28,-35.1,176.20000000000002,97900.0
22743,70P,28,-37.5,176.4,97800.0
22744,70P,28,-40.1,177.1,97800.0
22745,70P,28,-43.4,177.4,97400.0
22746,70P,28,-47.300000000000004,177.8,96900.0
22747,70P,28,,,
22748,70P,28,,,
22749,70P,29,-29.2,178.6,96300.0
22750,70P,29,-30.0,178.6,96600.0
22751,70P,29,-30.900000000000002,177.5,96700.0
22752,70P,29,-31.5,176.9,97000.0
22753,70P,29,-32.5,176.1,97100.0
22754,70P,29,-33.6,175.70000000000002,97500.0
22755,70P,29,-35.1,175.9,97600.0
22756,70P,29,-37.2,176.4,97600.0
22757,70P,29,-39.4,177.1,97500.0
22758,70P,29,-42.0,178.0,97400.0
22759,70P,29,-45.4,178.70000000000002,97100.0
22760,70P,29,-49.300000000000004,178.4,96900.0
22761,70P,29,,,
22762,70P,30,-28.7,178.3,95800.0
22763,70P,30,-29.900000000000002,178.20000000000002,96200.0
22764,70P,30,-30.3,176.9,96300.0
22765,70P,30,-31.1,176.8,96700.0
22766,70P,30,-32.4,176.0,96800.0
22767,70P,30,-33.4,175.3,97200.0
22768,70P,30,-35.0,175.3,97300.0
22769,70P,30,-37.0,175.8,97200.0
22770,70P,30,-39.4,176.1,97400.0
22771,70P,30,-42.0,176.9,97200.0
22772,70P,30,-45.0,178.1,96900.0
22773,70P,30,-48.800000000000004,178.6,96900.0
22774,70P,30,,,
22775,70P,31,-28.8,178.8,95400.0
22776,70P,31,-30.1,178.1,95700.0
22777,70P,31,-30.2,177.1,95800.0
22778,70P,31,-30.8,176.9,96100.0
22779,70P,31,-31.900000000000002,176.20000000000002,96000.0
22780,70P,31,-32.6,175.6,96400.0
22781,70P,31,-34.2,175.70000000000002,96500.0
22782,70P,31,-36.1,175.20000000000002,96600.0
22783,70P,31,-37.7,175.5,96700.0
22784,70P,31,-39.800000000000004,177.6,97100.0
22785,70P,31,-43.5,178.6,96800.0
22786,70P,31,-47.6,177.70000000000002,96500.0
22787,70P,31,,,
22788,70P,32,-29.1,178.8,95100.0
22789,70P,32,-30.400000000000002,178.1,95300.0
22790,70P,32,-30.8,176.9,95600.0
22791,70P,32,-31.400000000000002,176.4,96000.0
22792,70P,32,-32.5,175.8,96200.0
22793,70P,32,-33.7,175.4,96600.0
22794,70P,32,-35.300000000000004,175.5,96800.0
22795,70P,32,-37.6,175.5,97000.0
22796,70P,32,-40.0,176.8,97800.0
22797,70P,32,-43.4,177.20000000000002,97400.0
22798,70P,32,-46.9,177.9,97100.0
22799,70P,32,-50.5,178.0,96900.0
22800,70P,32,,,
22801,70P,33,-29.0,178.5,95200.0
22802,70P,33,-30.3,178.1,95700.0
22803,70P,33,-30.400000000000002,176.8,95900.0
22804,70P,33,-30.8,176.5,96100.0
22805,70P,33,-32.4,176.20000000000002,96400.0
22806,70P,33,-33.6,175.1,96900.0
22807,70P,33,-34.9,174.8,97000.0
22808,70P,33,-36.800000000000004,175.1,97200.0
22809,70P,33,-39.4,175.70000000000002,97800.0
22810,70P,33,-42.1,177.3,97700.0
22811,70P,33,-45.9,178.1,97300.0
22812,70P,33,-50.5,178.20000000000002,96800.0
22813,70P,33,,,
22814,70P,34,-28.900000000000002,178.6,95900.0
22815,70P,34,-29.900000000000002,178.20000000000002,96300.0
22816,70P,34,-30.3,177.3,96400.0
22817,70P,34,-30.8,177.0,96600.0
22818,70P,34,-31.8,176.8,96700.0
22819,70P,34,-33.2,176.3,97100.0
22820,70P,34,-34.6,175.9,97400.0
22821,70P,34,-36.6,176.1,97500.0
22822,70P,34,-38.800000000000004,176.3,97900.0
22823,70P,34,-41.2,177.4,97900.0
22824,70P,34,-43.6,178.8,97900.0
22825,70P,34,-46.800000000000004,-180.0,98000.0
22826,70P,34,-50.4,-179.70000000000002,98000.0
22827,70P,35,-28.900000000000002,178.8,95900.0
22828,70P,35,-30.1,178.70000000000002,96200.0
22829,70P,35,-30.6,177.70000000000002,96500.0
22830,70P,35,-31.5,177.6,96900.0
22831,70P,35,-33.0,176.8,97000.0
22832,70P,35,-33.7,175.9,97400.0
22833,70P,35,-35.300000000000004,176.5,97700.0
22834,70P,35,-37.800000000000004,176.6,97700.0
22835,70P,35,-40.800000000000004,177.0,97300.0
22836,70P,35,-43.7,177.9,97100.0
22837,70P,35,-47.6,178.9,97000.0
22838,70P,35,,,
22839,70P,35,,,
22840,70P,36,-28.8,178.5,96000.0
22841,70P,36,-30.0,178.5,96300.0
22842,70P,36,-30.6,177.6,96400.0
22843,70P,36,-31.3,177.3,96800.0
22844,70P,36,-32.4,176.6,96800.0
22845,70P,36,-33.4,175.9,97100.0
22846,70P,36,-34.800000000000004,176.1,97300.0
22847,70P,36,-36.800000000000004,175.9,97100.0
22848,70P,36,-38.4,176.5,97400.0
22849,70P,36,-41.1,178.20000000000002,97300.0
22850,70P,36,-44.300000000000004,178.8,97000.0
22851,70P,36,-48.1,179.0,96800.0
22852,70P,36,,,
22853,70P,37,-29.0,178.6,97200.0
22854,70P,37,-30.0,178.5,97400.0
22855,70P,37,-30.6,177.1,97500.0
22856,70P,37,-30.8,176.70000000000002,97800.0
22857,70P,37,-32.0,176.4,97800.0
22858,70P,37,-33.1,175.5,98000.0
22859,70P,37,-34.6,175.0,98100.0
22860,70P,37,-35.800000000000004,175.20000000000002,98000.0
22861,70P,37,-37.5,176.5,98000.0
22862,70P,37,-40.2,177.6,98100.0
22863,70P,37,-42.7,178.8,98100.0
22864,70P,37,-46.300000000000004,178.4,97800.0
22865,70P,37,-49.9,178.5,97700.0
22866,70P,38,-28.7,178.4,96200.0
22867,70P,38,-30.1,178.3,96500.0
22868,70P,38,-30.400000000000002,177.20000000000002,96700.0
22869,70P,38,-31.0,177.1,97000.0
22870,70P,38,-31.900000000000002,176.5,97100.0
22871,70P,38,-33.1,176.1,97400.0
22872,70P,38,-34.4,175.9,97500.0
22873,70P,38,-36.300000000000004,176.1,97500.0
22874,70P,38,-38.0,176.70000000000002,97400.0
22875,70P,38,-40.1,178.4,97500.0
22876,70P,38,-43.1,179.70000000000002,97500.0
22877,70P,38,-46.5,179.9,97400.0
22878,70P,38,-50.0,-178.8,97600.0
22879,70P,39,-28.6,178.70000000000002,96000.0
22880,70P,39,-30.1,178.6,96200.0
22881,70P,39,-30.5,177.5,96300.0
22882,70P,39,-31.1,177.1,96600.0
22883,70P,39,-32.2,176.8,96700.0
22884,70P,39,-33.6,176.20000000000002,97000.0
22885,70P,39,-35.300000000000004,176.0,97100.0
22886,70P,39,-37.2,176.20000000000002,97100.0
22887,70P,39,-39.6,177.6,97400.0
22888,70P,39,-42.6,178.20000000000002,97200.0
22889,70P,39,-46.0,178.8,96900.0
22890,70P,39,-49.5,178.20000000000002,96600.0
22891,70P,39,,,
22892,70P,40,-28.6,178.1,95800.0
22893,70P,40,-29.900000000000002,178.1,96100.0
22894,70P,40,-30.6,176.9,96300.0
22895,70P,40,-31.1,176.3,96600.0
22896,70P,40,-32.2,175.70000000000002,96700.0
22897,70P,40,-33.3,175.20000000000002,97000.0
22898,70P,40,-34.800000000000004,175.0,97300.0
22899,70P,40,-36.9,175.3,97300.0
22900,70P,40,-39.800000000000004,175.8,97600.0
22901,70P,40,-42.4,176.6,97500.0
22902,70P,40,-46.0,177.4,97100.0
22903,70P,40,-50.2,177.9,96600.0
22904,70P,40,,,
22905,70P,41,-28.900000000000002,178.4,96700.0
22906,70P,41,-29.8,178.20000000000002,96900.0
22907,70P,41,-30.8,177.6,97000.0
22908,70P,41,-31.3,176.5,97200.0
22909,70P,41,-32.2,175.9,97300.0
22910,70P,41,-33.2,175.70000000000002,97600.0
22911,70P,41,-34.9,175.4,97700.0
22912,70P,41,-37.300000000000004,175.20000000000002,97600.0
22913,70P,41,-39.9,175.20000000000002,97500.0
22914,70P,41,-42.5,176.20000000000002,97300.0
22915,70P,41,-46.1,176.20000000000002,96900.0
22916,70P,41,-50.2,174.5,96300.0
22917,70P,41,,,
22918,70P,42,-29.0,178.9,96700.0
22919,70P,42,-30.5,178.6,97100.0
22920,70P,42,-30.6,176.8,97200.0
22921,70P,42,-31.3,176.8,97500.0
22922,70P,42,-31.900000000000002,175.6,97600.0
22923,70P,42,-32.6,176.20000000000002,98000.0
22924,70P,42,-35.0,175.20000000000002,97900.0
22925,70P,42,-36.6,174.5,97800.0
22926,70P,42,-39.9,175.70000000000002,97800.0
22927,70P,42,,,
22928,70P,42,,,
22929,70P,42,,,
22930,70P,42,,,
22931,70P,43,-29.0,178.3,96300.0
22932,70P,43,-29.900000000000002,178.6,96500.0
22933,70P,43,-30.6,177.4,96700.0
22934,70P,43,-31.0,177.20000000000002,96800.0
22935,70P,43,-32.3,176.5,96900.0
22936,70P,43,-33.3,175.9,97300.0
22937,70P,43,-34.6,175.70000000000002,97600.0
22938,70P,43,-36.4,175.9,97700.0
22939,70P,43,-38.800000000000004,176.0,97800.0
22940,70P,43,-41.6,176.70000000000002,97700.0
22941,70P,43,-44.7,177.1,97400.0
22942,70P,43,-49.1,177.1,97200.0
22943,70P,43,,,
22944,70P,44,-28.8,179.5,96900.0
22945,70P,44,-29.8,178.0,97100.0
22946,70P,44,-30.6,177.70000000000002,97300.0
22947,70P,44,-30.8,176.9,97600.0
22948,70P,44,-32.2,176.6,97700.0
22949,70P,44,-32.9,175.70000000000002,98000.0
22950,70P,44,-34.2,176.3,98200.0
22951,70P,44,-36.5,175.8,98200.0
22952,70P,44,-37.9,176.70000000000002,98100.0
22953,70P,44,-41.5,176.6,97800.0
22954,70P,44,-44.300000000000004,177.1,97400.0
22955,70P,44,-48.5,177.8,97300.0
22956,70P,44,,,
22957,70P,45,-29.0,178.4,96100.0
22958,70P,45,-30.0,178.5,96400.0
22959,70P,45,-30.900000000000002,177.6,96600.0
22960,70P,45,-31.5,176.9,96900.0
22961,70P,45,-32.2,175.9,97000.0
22962,70P,45,-33.2,175.9,97400.0
22963,70P,45,-34.9,176.1,97400.0
22964,70P,45,-36.800000000000004,175.8,97300.0
22965,70P,45,-38.4,176.20000000000002,97500.0
22966,70P,45,-40.300000000000004,178.3,97700.0
22967,70P,45,-43.4,179.8,97700.0
22968,70P,45,-47.2,-179.6,97600.0
22969,70P,45,-50.800000000000004,-180.0,97400.0
22970,70P,46,-11.200000000000001,159.9,100300.0
22971,70P,46,,,
22972,70P,46,,,
22973,70P,46,-11.9,155.70000000000002,100400.0
22974,70P,46,,,
22975,70P,46,,,
22976,70P,46,,,
22977,70P,46,,,
22978,70P,46,,,
22979,70P,46,,,
22980,70P,46,,,
22981,70P,46,,,
22982,70P,46,,,
22983,70P,47,-28.8,178.70000000000002,95900.0
22984,70P,47,-30.0,178.3,96200.0
22985,70P,47,-30.2,177.3,96400.0
22986,70P,47,-31.0,177.3,96700.0
22987,70P,47,-32.2,176.6,96700.0
22988,70P,47,-33.2,175.9,97000.0
22989,70P,47,-34.6,176.1,97100.0
22990,70P,47,-36.6,176.20000000000002,97000.0
22991,70P,47,-38.5,176.5,97200.0
22992,70P,47,-40.800000000000004,177.6,97100.0
22993,70P,47,-43.7,178.9,97000.0
22994,70P,47,-47.4,178.9,97000.0
22995,70P,47,,,
22996,70P,48,-28.8,178.5,95500.0
22997,70P,48,-30.2,178.5,95900.0
22998,70P,48,-30.8,177.3,96100.0
22999,70P,48,-31.5,176.5,96400.0
23000,70P,48,-32.5,175.9,96500.0
23001,70P,48,-33.5,175.3,96900.0
23002,70P,48,-35.300000000000004,175.4,97100.0
23003,70P,48,-37.7,175.1,97100.0
23004,70P,48,-40.5,175.0,97000.0
23005,70P,48,-43.300000000000004,175.8,96800.0
23006,70P,48,-47.300000000000004,176.20000000000002,96300.0
23007,70P,48,-51.4,175.70000000000002,95700.0
23008,70P,48,,,
23009,70P,49,-29.400000000000002,178.5,96900.0
23010,70P,49,-29.7,178.20000000000002,97100.0
23011,70P,49,-30.400000000000002,176.9,97300.0
23012,70P,49,-31.1,176.9,97700.0
23013,70P,49,-31.900000000000002,175.70000000000002,97700.0
23014,70P,49,-32.8,175.70000000000002,98100.0
23015,70P,49,-34.4,175.70000000000002,98200.0
23016,70P,49,-36.800000000000004,176.20000000000002,98200.0
23017,70P,49,-39.5,176.8,98000.0
23018,70P,49,-43.0,176.0,97500.0
23019,70P,49,-45.9,177.70000000000002,97200.0
23020,70P,49,-50.2,177.4,96800.0
23021,70P,49,,,
23022,70P,50,-29.0,179.0,96500.0
23023,70P,50,-30.400000000000002,178.70000000000002,96700.0
23024,70P,50,-30.7,176.9,96900.0
23025,70P,50,-31.5,177.1,97200.0
23026,70P,50,-32.4,175.8,97300.0
23027,70P,50,-33.2,175.5,97700.0
23028,70P,50,-34.9,175.5,97700.0
23029,70P,50,-37.1,175.5,97700.0
23030,70P,50,-40.1,175.5,97700.0
23031,70P,50,-42.2,176.0,97800.0
23032,70P,50,-44.9,178.8,97700.0
23033,70P,50,-48.9,178.5,97500.0
23034,70P,50,,,
23035,70P,51,-28.900000000000002,178.6,96400.0
23036,70P,51,-30.2,178.5,96700.0
23037,70P,51,-30.6,177.3,96800.0
23038,70P,51,-31.400000000000002,177.1,97100.0
23039,70P,51,-32.5,176.20000000000002,97200.0
23040,70P,51,-33.4,175.6,97600.0
23041,70P,51,-35.1,175.6,97600.0
23042,70P,51,-37.2,176.1,97600.0
23043,70P,51,-39.800000000000004,177.1,97700.0
23044,70P,51,-42.9,177.3,97400.0
23045,70P,51,-46.2,178.3,97200.0
23046,70P,51,-50.2,178.5,96900.0
23047,70P,51,,,
23048,70P,52,-28.900000000000002,178.6,96400.0
23049,70P,52,-30.2,178.5,96700.0
23050,70P,52,-30.6,177.3,96800.0
23051,70P,52,-31.400000000000002,177.1,97100.0
23052,70P,52,-32.5,176.20000000000002,97200.0
23053,70P,52,-33.4,175.6,97600.0
23054,70P,52,-35.1,175.6,97600.0
23055,70P,52,-37.2,176.1,97600.0
23056,70P,52,-39.800000000000004,177.1,97700.0
23057,70P,52,-42.9,177.3,97400.0
23058,70P,52,-46.2,178.3,97200.0
23059,70P,52,-50.2,178.5,96900.0
23060,70P,52,,,
23061,71P,1,,,
23062,71P,1,,,
23063,71P,1,,,
23064,71P,1,,,
23065,71P,1,,,
23066,71P,1,,,
23067,71P,1,,,
23068,71P,1,,,
23069,71P,1,,,
23070,71P,1,,,
23071,71P,1,,,
23072,71P,1,-17.6,166.8,100900.0
23073,71P,1,,,
23074,71P,1,-18.5,166.6,100900.0
23075,71P,1,-19.900000000000002,167.70000000000002,100800.0
23076,71P,1,-20.8,168.20000000000002,100900.0
23077,71P,1,,,
23078,71P,1,,,
23079,71P,1,,,
23080,71P,1,,,
23081,71P,1,,,
23082,71P,1,,,
23083,71P,1,,,
23084,71P,1,,,
23085,71P,1,,,
23086,71P,1,,,
23087,71P,1,,,
23088,71P,1,,,
23089,71P,1,,,
23090,71P,1,,,
23091,71P,1,,,
23092,71P,1,,,
23093,71P,1,,,
23094,71P,1,,,
23095,71P,1,,,
23096,71P,1,,,
23097,71P,1,,,
23098,71P,1,,,
23099,71P,1,,,
23100,71P,1,,,
23101,71P,2,,,
23102,71P,2,,,
23103,71P,2,,,
23104,71P,2,,,
23105,71P,2,,,
23106,71P,2,,,
23107,71P,2,,,
23108,71P,2,,,
23109,71P,2,,,
23110,71P,2,,,
23111,71P,2,,,
23112,71P,2,,,
23113,71P,2,,,
23114,71P,2,,,
23115,71P,2,,,
23116,71P,2,,,
23117,71P,2,,,
23118,71P,2,,,
23119,71P,2,,,
23120,71P,2,,,
23121,71P,2,,,
23122,71P,2,,,
23123,71P,2,,,
23124,71P,2,,,
23125,71P,2,,,
23126,71P,2,,,
23127,71P,2,,,
23128,71P,2,,,
23129,71P,2,,,
23130,71P,2,-21.5,-160.1,99500.0
23131,71P,2,-22.1,-158.3,99300.0
23132,71P,2,,,
23133,71P,2,,,
23134,71P,2,,,
23135,71P,2,,,
23136,71P,2,,,
23137,71P,2,,,
23138,71P,2,,,
23139,71P,2,,,
23140,71P,2,,,
23141,71P,5,,,
23142,71P,5,,,
23143,71P,5,,,
23144,71P,5,,,
23145,71P,5,,,
23146,71P,5,,,
23147,71P,5,,,
23148,71P,5,,,
23149,71P,5,,,
23150,71P,5,,,
23151,71P,5,,,
23152,71P,5,,,
23153,71P,5,,,
23154,71P,5,,,
23155,71P,5,,,
23156,71P,5,,,
23157,71P,5,,,
23158,71P,5,,,
23159,71P,5,,,
23160,71P,5,,,
23161,71P,5,,,
23162,71P,5,,,
23163,71P,5,,,
23164,71P,5,,,
23165,71P,5,,,
23166,71P,5,,,
23167,71P,5,,,
23168,71P,5,-21.6,-162.3,100600.0
23169,71P,5,-21.8,-161.6,100500.0
23170,71P,5,-22.2,-159.0,100500.0
23171,71P,5,-22.5,-157.8,100600.0
23172,71P,5,,,
23173,71P,5,-25.6,-156.8,100500.0
23174,71P,5,,,
23175,71P,5,,,
23176,71P,5,,,
23177,71P,5,,,
23178,71P,5,,,
23179,71P,5,,,
23180,71P,5,,,
23181,71P,6,,,
23182,71P,6,,,
23183,71P,6,,,
23184,71P,6,,,
23185,71P,6,,,
23186,71P,6,,,
23187,71P,6,,,
23188,71P,6,,,
23189,71P,6,,,
23190,71P,6,,,
23191,71P,6,,,
23192,71P,6,,,
23193,71P,6,,,
23194,71P,6,,,
23195,71P,6,,,
23196,71P,6,-22.3,168.70000000000002,100700.0
23197,71P,6,,,
23198,71P,6,-24.0,171.9,99600.0
23199,71P,6,-24.7,174.3,99200.0
23200,71P,6,-25.2,176.3,99200.0
23201,71P,6,-25.7,178.20000000000002,98800.0
23202,71P,6,,,
23203,71P,6,,,
23204,71P,6,-25.3,-174.70000000000002,99100.0
23205,71P,6,,,
23206,71P,6,,,
23207,71P,6,,,
23208,71P,6,,,
23209,71P,6,,,
23210,71P,6,,,
23211,71P,6,,,
23212,71P,6,,,
23213,71P,6,,,
23214,71P,6,,,
23215,71P,6,,,
23216,71P,6,,,
23217,71P,6,,,
23218,71P,6,,,
23219,71P,6,,,
23220,71P,6,,,
23221,71P,7,,,
23222,71P,7,,,
23223,71P,7,,,
23224,71P,7,,,
23225,71P,7,,,
23226,71P,7,,,
23227,71P,7,,,
23228,71P,7,,,
23229,71P,7,,,
23230,71P,7,,,
23231,71P,7,,,
23232,71P,7,,,
23233,71P,7,,,
23234,71P,7,,,
23235,71P,7,,,
23236,71P,7,,,
23237,71P,7,,,
23238,71P,7,,,
23239,71P,7,,,
23240,71P,7,,,
23241,71P,7,,,
23242,71P,7,-14.1,-171.8,100900.0
23243,71P,7,,,
23244,71P,7,-13.8,-172.70000000000002,100800.0
23245,71P,7,-14.700000000000001,-175.70000000000002,100700.0
23246,71P,7,-15.700000000000001,-176.70000000000002,100700.0
23247,71P,7,,,
23248,71P,7,-17.5,-173.70000000000002,100400.0
23249,71P,7,-17.400000000000002,-173.20000000000002,100400.0
23250,71P,7,-17.1,-172.5,100400.0
23251,71P,7,,,
23252,71P,7,,,
23253,71P,7,,,
23254,71P,7,-18.400000000000002,-169.70000000000002,100800.0
23255,71P,7,,,
23256,71P,7,,,
23257,71P,7,,,
23258,71P,7,,,
23259,71P,7,,,
23260,71P,7,,,
23261,71P,10,,,
23262,71P,10,,,
23263,71P,10,,,
23264,71P,10,,,
23265,71P,10,,,
23266,71P,10,,,
23267,71P,10,,,
23268,71P,10,,,
23269,71P,10,,,
23270,71P,10,,,
23271,71P,10,,,
23272,71P,10,,,
23273,71P,10,,,
23274,71P,10,,,
23275,71P,10,,,
23276,71P,10,,,
23277,71P,10,,,
23278,71P,10,,,
23279,71P,10,,,
23280,71P,10,,,
23281,71P,10,,,
23282,71P,10,,,
23283,71P,10,,,
23284,71P,10,,,
23285,71P,10,,,
23286,71P,10,,,
23287,71P,10,,,
23288,71P,10,,,
23289,71P,10,,,
23290,71P,10,,,
23291,71P,10,,,
23292,71P,10,,,
23293,71P,10,,,
23294,71P,10,-22.0,-161.9,100000.0
23295,71P,10,-23.0,-159.9,99200.0
23296,71P,10,-24.1,-158.5,99200.0
23297,71P,10,-24.900000000000002,-156.70000000000002,99000.0
23298,71P,10,-25.400000000000002,-154.4,98800.0
23299,71P,10,-26.6,-152.20000000000002,99400.0
23300,71P,10,-28.2,-150.9,99200.0
23301,71P,11,,,
23302,71P,11,,,
23303,71P,11,,,
23304,71P,11,,,
23305,71P,11,,,
23306,71P,11,,,
23307,71P,11,,,
23308,71P,11,,,
23309,71P,11,,,
23310,71P,11,,,
23311,71P,11,,,
23312,71P,11,,,
23313,71P,11,,,
23314,71P,11,,,
23315,71P,11,,,
23316,71P,11,,,
23317,71P,11,,,
23318,71P,11,,,
23319,71P,11,,,
23320,71P,11,,,
23321,71P,11,,,
23322,71P,11,,,
23323,71P,11,,,
23324,71P,11,,,
23325,71P,11,,,
23326,71P,11,,,
23327,71P,11,,,
23328,71P,11,,,
23329,71P,11,,,
23330,71P,11,,,
23331,71P,11,-16.4,162.4,100700.0
23332,71P,11,-17.3,163.20000000000002,100900.0
23333,71P,11,-17.2,163.6,100600.0
23334,71P,11,-17.0,164.5,100800.0
23335,71P,11,-17.8,166.20000000000002,100500.0
23336,71P,11,-17.400000000000002,167.0,100700.0
23337,71P,11,-17.8,168.8,100500.0
23338,71P,11,-17.1,169.9,100600.0
23339,71P,11,-16.9,171.20000000000002,100600.0
23340,71P,11,,,
23341,71P,13,,,
23342,71P,13,-23.3,-146.20000000000002,100600.0
23343,71P,13,,,
23344,71P,13,,,
23345,71P,13,,,
23346,71P,13,,,
23347,71P,13,,,
23348,71P,13,,,
23349,71P,13,,,
23350,71P,13,,,
23351,71P,13,,,
23352,71P,13,,,
23353,71P,13,,,
23354,71P,13,,,
23355,71P,13,,,
23356,71P,13,,,
23357,71P,13,,,
23358,71P,13,,,
23359,71P,13,,,
23360,71P,13,,,
23361,71P,13,,,
23362,71P,13,,,
23363,71P,13,,,
23364,71P,13,,,
23365,71P,13,,,
23366,71P,13,,,
23367,71P,13,,,
23368,71P,13,,,
23369,71P,13,,,
23370,71P,13,,,
23371,71P,13,,,
23372,71P,13,,,
23373,71P,13,,,
23374,71P,13,,,
23375,71P,13,,,
23376,71P,13,,,
23377,71P,13,,,
23378,71P,13,,,
23379,71P,13,,,
23380,71P,13,,,
23381,71P,15,-29.400000000000002,179.0,96700.0
23382,71P,15,-30.1,178.8,97100.0
23383,71P,15,-31.1,178.0,97200.0
23384,71P,15,-31.7,176.9,97600.0
23385,71P,15,-32.4,176.4,97600.0
23386,71P,15,-33.4,175.9,98000.0
23387,71P,15,-35.2,175.9,98000.0
23388,71P,15,-37.4,175.5,97800.0
23389,71P,15,-39.4,176.6,97800.0
23390,71P,15,-42.9,177.0,97400.0
23391,71P,15,-46.2,177.1,96800.0
23392,71P,15,-49.7,176.9,96400.0
23393,71P,15,,,
23394,71P,15,,,
23395,71P,15,,,
23396,71P,15,,,
23397,71P,15,,,
23398,71P,15,,,
23399,71P,15,,,
23400,71P,15,,,
23401,71P,15,,,
23402,71P,15,,,
23403,71P,15,,,
23404,71P,15,,,
23405,71P,15,,,
23406,71P,15,,,
23407,71P,15,,,
23408,71P,15,,,
23409,71P,15,,,
23410,71P,15,,,
23411,71P,15,,,
23412,71P,15,,,
23413,71P,15,,,
23414,71P,15,,,
23415,71P,15,,,
23416,71P,15,,,
23417,71P,15,,,
23418,71P,15,,,
23419,71P,15,,,
23420,71P,15,,,
23421,71P,16,-34.0,-145.8,98800.0
23422,71P,16,-33.9,-145.70000000000002,98700.0
23423,71P,16,,,
23424,71P,16,,,
23425,71P,16,-35.300000000000004,-144.8,98900.0
23426,71P,16,-35.0,-144.0,98900.0
23427,71P,16,,,
23428,71P,16,,,
23429,71P,16,,,
23430,71P,16,,,
23431,71P,16,,,
23432,71P,16,,,
23433,71P,16,,,
23434,71P,16,,,
23435,71P,16,,,
23436,71P,16,,,
23437,71P,16,,,
23438,71P,16,,,
23439,71P,16,,,
23440,71P,16,,,
23441,71P,16,,,
23442,71P,16,,,
23443,71P,16,,,
23444,71P,16,,,
23445,71P,16,,,
23446,71P,16,,,
23447,71P,16,,,
23448,71P,16,,,
23449,71P,16,,,
23450,71P,16,,,
23451,71P,16,,,
23452,71P,16,,,
23453,71P,16,,,
23454,71P,16,,,
23455,71P,16,,,
23456,71P,16,,,
23457,71P,16,,,
23458,71P,16,,,
23459,71P,16,,,
23460,71P,16,,,
23461,71P,18,,,
23462,71P,18,,,
23463,71P,18,,,
23464,71P,18,,,
23465,71P,18,,,
23466,71P,18,,,
23467,71P,18,,,
23468,71P,18,,,
23469,71P,18,,,
23470,71P,18,,,
23471,71P,18,,,
23472,71P,18,,,
23473,71P,18,,,
23474,71P,18,,,
23475,71P,18,,,
23476,71P,18,,,
23477,71P,18,,,
23478,71P,18,,,
23479,71P,18,,,
23480,71P,18,,,
23481,71P,18,,,
23482,71P,18,,,
23483,71P,18,,,
23484,71P,18,,,
23485,71P,18,,,
23486,71P,18,,,
23487,71P,18,,,
23488,71P,18,,,
23489,71P,18,,,
23490,71P,18,,,
23491,71P,18,,,
23492,71P,18,,,
23493,71P,18,,,
23494,71P,18,-25.2,163.4,99300.0
23495,71P,18,-26.400000000000002,166.6,98700.0
23496,71P,18,-27.7,169.3,98600.0
23497,71P,18,-29.900000000000002,173.70000000000002,97800.0
23498,71P,18,-32.9,177.1,98200.0
23499,71P,18,-36.0,-179.9,98300.0
23500,71P,18,,,
23501,71P,21,-20.0,-151.20000000000002,100800.0
23502,71P,21,,,
23503,71P,21,,,
23504,71P,21,,,
23505,71P,21,,,
23506,71P,21,,,
23507,71P,21,,,
23508,71P,21,,,
23509,71P,21,,,
23510,71P,21,,,
23511,71P,21,,,
23512,71P,21,,,
23513,71P,21,,,
23514,71P,21,,,
23515,71P,21,,,
23516,71P,21,,,
23517,71P,21,,,
23518,71P,21,,,
23519,71P,21,,,
23520,71P,21,,,
23521,71P,21,,,
23522,71P,21,,,
23523,71P,21,,,
23524,71P,21,,,
23525,71P,21,,,
23526,71P,21,,,
23527,71P,21,,,
23528,71P,21,,,
23529,71P,21,,,
23530,71P,21,,,
23531,71P,21,,,
23532,71P,21,,,
23533,71P,21,,,
23534,71P,21,,,
23535,71P,21,,,
23536,71P,21,,,
23537,71P,21,,,
23538,71P,21,,,
23539,71P,21,,,
23540,71P,21,,,
23541,71P,22,,,
23542,71P,22,,,
23543,71P,22,,,
23544,71P,22,,,
23545,71P,22,,,
23546,71P,22,,,
23547,71P,22,,,
23548,71P,22,,,
23549,71P,22,,,
23550,71P,22,,,
23551,71P,22,,,
23552,71P,22,,,
23553,71P,22,,,
23554,71P,22,,,
23555,71P,22,,,
23556,71P,22,,,
23557,71P,22,,,
23558,71P,22,,,
23559,71P,22,,,
23560,71P,22,,,
23561,71P,22,,,
23562,71P,22,,,
23563,71P,22,,,
23564,71P,22,,,
23565,71P,22,,,
23566,71P,22,,,
23567,71P,22,,,
23568,71P,22,,,
23569,71P,22,,,
23570,71P,22,,,
23571,71P,22,,,
23572,71P,22,,,
23573,71P,22,-26.7,-153.70000000000002,100300.0
23574,71P,22,-28.400000000000002,-154.20000000000002,99200.0
23575,71P,22,-29.900000000000002,-154.1,99400.0
23576,71P,22,-30.6,-154.3,99200.0
23577,71P,22,-31.2,-154.20000000000002,99500.0
23578,71P,22,,,
23579,71P,22,,,
23580,71P,22,,,
23581,71P,23,,,
23582,71P,23,-34.4,-145.70000000000002,98100.0
23583,71P,23,-34.9,-146.1,98200.0
23584,71P,23,,,
23585,71P,23,,,
23586,71P,23,-34.9,-143.5,98400.0
23587,71P,23,-35.5,-141.8,98500.0
23588,71P,23,,,
23589,71P,23,,,
23590,71P,23,,,
23591,71P,23,,,
23592,71P,23,,,
23593,71P,23,,,
23594,71P,23,,,
23595,71P,23,,,
23596,71P,23,,,
23597,71P,23,,,
23598,71P,23,,,
23599,71P,23,,,
23600,71P,23,,,
23601,71P,23,,,
23602,71P,23,,,
23603,71P,23,,,
23604,71P,23,,,
23605,71P,23,,,
23606,71P,23,,,
23607,71P,23,,,
23608,71P,23,,,
23609,71P,23,,,
23610,71P,23,,,
23611,71P,23,,,
23612,71P,23,,,
23613,71P,23,,,
23614,71P,23,,,
23615,71P,23,,,
23616,71P,23,,,
23617,71P,23,,,
23618,71P,23,,,
23619,71P,23,,,
23620,71P,23,,,
23621,71P,24,,,
23622,71P,24,-26.1,-142.20000000000002,100400.0
23623,71P,24,-27.8,-140.0,99800.0
23624,71P,24,-31.7,-136.4,99700.0
23625,71P,24,-35.6,-133.9,99800.0
23626,71P,24,,,
23627,71P,24,,,
23628,71P,24,,,
23629,71P,24,,,
23630,71P,24,,,
23631,71P,24,,,
23632,71P,24,,,
23633,71P,24,,,
23634,71P,24,,,
23635,71P,24,,,
23636,71P,24,,,
23637,71P,24,,,
23638,71P,24,,,
23639,71P,24,,,
23640,71P,24,,,
23641,71P,24,,,
23642,71P,24,,,
23643,71P,24,,,
23644,71P,24,,,
23645,71P,24,,,
23646,71P,24,,,
23647,71P,24,,,
23648,71P,24,,,
23649,71P,24,,,
23650,71P,24,,,
23651,71P,24,,,
23652,71P,24,,,
23653,71P,24,,,
23654,71P,24,,,
23655,71P,24,,,
23656,71P,24,,,
23657,71P,24,,,
23658,71P,24,,,
23659,71P,24,,,
23660,71P,24,,,
23661,71P,27,-28.900000000000002,178.5,96600.0
23662,71P,27,-30.1,177.8,97000.0
23663,71P,27,-30.400000000000002,176.4,97200.0
23664,71P,27,-30.8,176.20000000000002,97500.0
23665,71P,27,-32.2,175.20000000000002,97500.0
23666,71P,27,-33.0,174.5,97900.0
23667,71P,27,-34.5,175.0,98000.0
23668,71P,27,-37.1,175.3,98000.0
23669,71P,27,-40.5,175.70000000000002,98000.0
23670,71P,27,-44.1,175.6,97400.0
23671,71P,27,-47.800000000000004,176.20000000000002,96800.0
23672,71P,27,-51.300000000000004,177.1,96200.0
23673,71P,27,,,
23674,71P,27,,,
23675,71P,27,,,
23676,71P,27,,,
23677,71P,27,,,
23678,71P,27,,,
23679,71P,27,,,
23680,71P,27,,,
23681,71P,27,,,
23682,71P,27,,,
23683,71P,27,,,
23684,71P,27,,,
23685,71P,27,,,
23686,71P,27,,,
23687,71P,27,,,
23688,71P,27,,,
23689,71P,27,,,
23690,71P,27,,,
23691,71P,27,,,
23692,71P,27,,,
23693,71P,27,,,
23694,71P,27,,,
23695,71P,27,,,
23696,71P,27,,,
23697,71P,27,,,
23698,71P,27,,,
23699,71P,27,,,
23700,71P,27,,,
23701,71P,29,-34.0,-145.5,98300.0
23702,71P,29,-34.300000000000004,-145.70000000000002,98300.0
23703,71P,29,-34.6,-145.70000000000002,98500.0
23704,71P,29,-34.6,-145.70000000000002,98400.0
23705,71P,29,-34.2,-145.4,98500.0
23706,71P,29,-33.7,-144.1,98500.0
23707,71P,29,-33.8,-141.8,98700.0
23708,71P,29,,,
23709,71P,29,,,
23710,71P,29,,,
23711,71P,29,,,
23712,71P,29,,,
23713,71P,29,,,
23714,71P,29,,,
23715,71P,29,,,
23716,71P,29,,,
23717,71P,29,,,
23718,71P,29,,,
23719,71P,29,,,
23720,71P,29,,,
23721,71P,29,,,
23722,71P,29,,,
23723,71P,29,,,
23724,71P,29,,,
23725,71P,29,,,
23726,71P,29,,,
23727,71P,29,,,
23728,71P,29,,,
23729,71P,29,,,
23730,71P,29,,,
23731,71P,29,,,
23732,71P,29,,,
23733,71P,29,,,
23734,71P,29,,,
23735,71P,29,,,
23736,71P,29,,,
23737,71P,29,,,
23738,71P,29,,,
23739,71P,29,,,
23740,71P,29,,,
23741,71P,30,-34.2,-144.70000000000002,98600.0
23742,71P,30,-34.6,-145.3,98200.0
23743,71P,30,-34.9,-145.0,98300.0
23744,71P,30,-35.6,-144.8,98100.0
23745,71P,30,-35.4,-144.4,98100.0
23746,71P,30,-35.300000000000004,-143.20000000000002,98000.0
23747,71P,30,-35.6,-141.4,98200.0
23748,71P,30,,,
23749,71P,30,,,
23750,71P,30,,,
23751,71P,30,,,
23752,71P,30,,,
23753,71P,30,,,
23754,71P,30,,,
23755,71P,30,,,
23756,71P,30,,,
23757,71P,30,,,
23758,71P,30,,,
23759,71P,30,,,
23760,71P,30,,,
23761,71P,30,,,
23762,71P,30,,,
23763,71P,30,,,
23764,71P,30,,,
23765,71P,30,,,
23766,71P,30,,,
23767,71P,30,,,
23768,71P,30,,,
23769,71P,30,,,
23770,71P,30,,,
23771,71P,30,,,
23772,71P,30,,,
23773,71P,30,,,
23774,71P,30,,,
23775,71P,30,,,
23776,71P,30,,,
23777,71P,30,,,
23778,71P,30,,,
23779,71P,30,,,
23780,71P,30,,,
23781,71P,31,-20.8,-148.8,100700.0
23782,71P,31,,,
23783,71P,31,,,
23784,71P,31,,,
23785,71P,31,,,
23786,71P,31,,,
23787,71P,31,,,
23788,71P,31,,,
23789,71P,31,,,
23790,71P,31,,,
23791,71P,31,,,
23792,71P,31,,,
23793,71P,31,,,
23794,71P,31,,,
23795,71P,31,,,
23796,71P,31,,,
23797,71P,31,,,
23798,71P,31,,,
23799,71P,31,,,
23800,71P,31,,,
23801,71P,31,,,
23802,71P,31,,,
23803,71P,31,,,
23804,71P,31,,,
23805,71P,31,,,
23806,71P,31,,,
23807,71P,31,,,
23808,71P,31,,,
23809,71P,31,,,
23810,71P,31,,,
23811,71P,31,,,
23812,71P,31,,,
23813,71P,31,,,
23814,71P,31,,,
23815,71P,31,,,
23816,71P,31,,,
23817,71P,31,,,
23818,71P,31,,,
23819,71P,31,,,
23820,71P,31,,,
23821,71P,32,,,
23822,71P,32,,,
23823,71P,32,,,
23824,71P,32,,,
23825,71P,32,,,
23826,71P,32,,,
23827,71P,32,,,
23828,71P,32,,,
23829,71P,32,,,
23830,71P,32,,,
23831,71P,32,,,
23832,71P,32,,,
23833,71P,32,,,
23834,71P,32,,,
23835,71P,32,,,
23836,71P,32,,,
23837,71P,32,,,
23838,71P,32,,,
23839,71P,32,,,
23840,71P,32,,,
23841,71P,32,,,
23842,71P,32,,,
23843,71P,32,,,
23844,71P,32,,,
23845,71P,32,,,
23846,71P,32,-23.1,-165.1,100100.0
23847,71P,32,-22.8,-162.9,100000.0
23848,71P,32,,,
23849,71P,32,,,
23850,71P,32,,,
23851,71P,32,,,
23852,71P,32,,,
23853,71P,32,,,
23854,71P,32,,,
23855,71P,32,,,
23856,71P,32,,,
23857,71P,32,,,
23858,71P,32,,,
23859,71P,32,,,
23860,71P,32,,,
23861,71P,33,,,
23862,71P,33,,,
23863,71P,33,,,
23864,71P,33,,,
23865,71P,33,,,
23866,71P,33,,,
23867,71P,33,,,
23868,71P,33,,,
23869,71P,33,,,
23870,71P,33,,,
23871,71P,33,,,
23872,71P,33,,,
23873,71P,33,-15.6,160.9,100600.0
23874,71P,33,,,
23875,71P,33,,,
23876,71P,33,-19.7,162.4,101000.0
23877,71P,33,-19.8,162.70000000000002,100500.0
23878,71P,33,-19.8,162.9,100800.0
23879,71P,33,-19.7,163.0,100700.0
23880,71P,33,-19.5,163.1,101000.0
23881,71P,33,,,
23882,71P,33,-18.8,162.9,101000.0
23883,71P,33,,,
23884,71P,33,,,
23885,71P,33,,,
23886,71P,33,,,
23887,71P,33,,,
23888,71P,33,,,
23889,71P,33,,,
23890,71P,33,,,
23891,71P,33,,,
23892,71P,33,,,
23893,71P,33,,,
23894,71P,33,,,
23895,71P,33,,,
23896,71P,33,,,
23897,71P,33,,,
23898,71P,33,,,
23899,71P,33,,,
23900,71P,33,,,
23901,71P,35,-22.1,-149.8,100800.0
23902,71P,35,,,
23903,71P,35,,,
23904,71P,35,,,
23905,71P,35,,,
23906,71P,35,,,
23907,71P,35,,,
23908,71P,35,,,
23909,71P,35,,,
23910,71P,35,,,
23911,71P,35,,,
23912,71P,35,,,
23913,71P,35,,,
23914,71P,35,,,
23915,71P,35,,,
23916,71P,35,,,
23917,71P,35,,,
23918,71P,35,,,
23919,71P,35,,,
23920,71P,35,,,
23921,71P,35,,,
23922,71P,35,,,
23923,71P,35,,,
23924,71P,35,,,
23925,71P,35,,,
23926,71P,35,,,
23927,71P,35,,,
23928,71P,35,,,
23929,71P,35,,,
23930,71P,35,,,
23931,71P,35,,,
23932,71P,35,,,
23933,71P,35,,,
23934,71P,35,,,
23935,71P,35,,,
23936,71P,35,,,
23937,71P,35,,,
23938,71P,35,,,
23939,71P,35,,,
23940,71P,35,,,
23941,71P,38,-34.2,-144.9,98600.0
23942,71P,38,,,
23943,71P,38,,,
23944,71P,38,-35.1,-144.8,98300.0
23945,71P,38,-35.5,-144.1,98400.0
23946,71P,38,-35.4,-142.8,98200.0
23947,71P,38,-36.0,-140.5,98400.0
23948,71P,38,,,
23949,71P,38,,,
23950,71P,38,,,
23951,71P,38,,,
23952,71P,38,,,
23953,71P,38,,,
23954,71P,38,,,
23955,71P,38,,,
23956,71P,38,,,
23957,71P,38,,,
23958,71P,38,,,
23959,71P,38,,,
23960,71P,38,,,
23961,71P,38,,,
23962,71P,38,,,
23963,71P,38,,,
23964,71P,38,,,
23965,71P,38,,,
23966,71P,38,,,
23967,71P,38,,,
23968,71P,38,,,
23969,71P,38,,,
23970,71P,38,,,
23971,71P,38,,,
23972,71P,38,,,
23973,71P,38,,,
23974,71P,38,,,
23975,71P,38,,,
23976,71P,38,,,
23977,71P,38,,,
23978,71P,38,,,
23979,71P,38,,,
23980,71P,38,,,
23981,71P,39,-34.2,-144.9,98600.0
23982,71P,39,,,
23983,71P,39,,,
23984,71P,39,,,
23985,71P,39,-35.1,-144.5,98400.0
23986,71P,39,-35.1,-142.5,98300.0
23987,71P,39,-35.7,-140.3,98300.0
23988,71P,39,,,
23989,71P,39,,,
23990,71P,39,,,
23991,71P,39,,,
23992,71P,39,,,
23993,71P,39,,,
23994,71P,39,,,
23995,71P,39,,,
23996,71P,39,,,
23997,71P,39,,,
23998,71P,39,,,
23999,71P,39,,,
24000,71P,39,,,
24001,71P,39,,,
24002,71P,39,,,
24003,71P,39,,,
24004,71P,39,,,
24005,71P,39,,,
24006,71P,39,,,
24007,71P,39,,,
24008,71P,39,,,
24009,71P,39,,,
24010,71P,39,,,
24011,71P,39,,,
24012,71P,39,,,
24013,71P,39,,,
24014,71P,39,,,
24015,71P,39,,,
24016,71P,39,,,
24017,71P,39,,,
24018,71P,39,,,
24019,71P,39,,,
24020,71P,39,,,
24021,71P,42,,,
24022,71P,42,,,
24023,71P,42,,,
24024,71P,42,,,
24025,71P,42,,,
24026,71P,42,,,
24027,71P,42,,,
24028,71P,42,,,
24029,71P,42,,,
24030,71P,42,,,
24031,71P,42,-16.4,-165.9,100900.0
24032,71P,42,,,
24033,71P,42,,,
24034,71P,42,-17.6,-165.6,100800.0
24035,71P,42,-17.7,-167.4,100900.0
24036,71P,42,,,
24037,71P,42,-17.3,-167.3,100900.0
24038,71P,42,-17.5,-167.3,100900.0
24039,71P,42,-17.6,-168.70000000000002,100900.0
24040,71P,42,,,
24041,71P,42,-16.7,-169.3,100800.0
24042,71P,42,,,
24043,71P,42,,,
24044,71P,42,,,
24045,71P,42,,,
24046,71P,42,,,
24047,71P,42,,,
24048,71P,42,,,
24049,71P,42,,,
24050,71P,42,,,
24051,71P,42,,,
24052,71P,42,,,
24053,71P,42,,,
24054,71P,42,,,
24055,71P,42,,,
24056,71P,42,,,
24057,71P,42,,,
24058,71P,42,,,
24059,71P,42,,,
24060,71P,42,,,
24061,71P,43,,,
24062,71P,43,,,
24063,71P,43,,,
24064,71P,43,,,
24065,71P,43,,,
24066,71P,43,,,
24067,71P,43,,,
24068,71P,43,,,
24069,71P,43,,,
24070,71P,43,,,
24071,71P,43,,,
24072,71P,43,,,
24073,71P,43,,,
24074,71P,43,,,
24075,71P,43,,,
24076,71P,43,,,
24077,71P,43,,,
24078,71P,43,,,
24079,71P,43,,,
24080,71P,43,,,
24081,71P,43,,,
24082,71P,43,,,
24083,71P,43,,,
24084,71P,43,,,
24085,71P,43,,,
24086,71P,43,,,
24087,71P,43,,,
24088,71P,43,,,
24089,71P,43,,,
24090,71P,43,-15.6,170.1,100800.0
24091,71P,43,-14.9,168.20000000000002,100600.0
24092,71P,43,-14.8,168.6,100700.0
24093,71P,43,-15.0,169.4,100500.0
24094,71P,43,-15.3,169.9,100600.0
24095,71P,43,-15.4,170.5,100500.0
24096,71P,43,-15.8,171.70000000000002,100600.0
24097,71P,43,-17.8,175.6,100600.0
24098,71P,43,,,
24099,71P,43,,,
24100,71P,43,,,
24101,71P,44,,,
24102,71P,44,,,
24103,71P,44,,,
24104,71P,44,,,
24105,71P,44,,,
24106,71P,44,,,
24107,71P,44,,,
24108,71P,44,,,
24109,71P,44,,,
24110,71P,44,,,
24111,71P,44,,,
24112,71P,44,,,
24113,71P,44,,,
24114,71P,44,,,
24115,71P,44,,,
24116,71P,44,,,
24117,71P,44,,,
24118,71P,44,,,
24119,71P,44,,,
24120,71P,44,,,
24121,71P,44,,,
24122,71P,44,,,
24123,71P,44,,,
24124,71P,44,,,
24125,71P,44,,,
24126,71P,44,,,
24127,71P,44,,,
24128,71P,44,,,
24129,71P,44,,,
24130,71P,44,,,
24131,71P,44,,,
24132,71P,44,,,
24133,71P,44,-17.6,171.6,100700.0
24134,71P,44,,,
24135,71P,44,-18.400000000000002,174.5,100600.0
24136,71P,44,-18.5,175.20000000000002,100700.0
24137,71P,44,-19.400000000000002,179.4,100700.0
24138,71P,44,-20.2,-179.4,100600.0
24139,71P,44,-20.400000000000002,-177.9,100600.0
24140,71P,44,-20.5,-176.20000000000002,100700.0
24141,71P,45,,,
24142,71P,45,,,
24143,71P,45,,,
24144,71P,45,,,
24145,71P,45,,,
24146,71P,45,,,
24147,71P,45,,,
24148,71P,45,,,
24149,71P,45,,,
24150,71P,45,,,
24151,71P,45,,,
24152,71P,45,,,
24153,71P,45,,,
24154,71P,45,,,
24155,71P,45,,,
24156,71P,45,,,
24157,71P,45,,,
24158,71P,45,,,
24159,71P,45,,,
24160,71P,45,,,
24161,71P,45,,,
24162,71P,45,,,
24163,71P,45,,,
24164,71P,45,,,
24165,71P,45,,,
24166,71P,45,,,
24167,71P,45,-21.1,-165.0,100400.0
24168,71P,45,-20.8,-160.8,100300.0
24169,71P,45,-22.3,-159.20000000000002,100400.0
24170,71P,45,-22.5,-158.5,100600.0
24171,71P,45,-23.5,-156.6,100400.0
24172,71P,45,-24.1,-155.20000000000002,100400.0
24173,71P,45,-25.1,-153.5,100700.0
24174,71P,45,,,
24175,71P,45,,,
24176,71P,45,,,
24177,71P,45,,,
24178,71P,45,,,
24179,71P,45,,,
24180,71P,45,,,
24181,71P,46,,,
24182,71P,46,,,
24183,71P,46,-13.6,169.9,100400.0
24184,71P,46,-14.4,170.20000000000002,100300.0
24185,71P,46,,,
24186,71P,46,-15.8,170.8,100500.0
24187,71P,46,-16.2,171.5,100300.0
24188,71P,46,,,
24189,71P,46,,,
24190,71P,46,,,
24191,71P,46,,,
24192,71P,46,,,
24193,71P,46,,,
24194,71P,46,,,
24195,71P,46,,,
24196,71P,46,,,
24197,71P,46,,,
24198,71P,46,,,
24199,71P,46,,,
24200,71P,46,,,
24201,71P,46,,,
24202,71P,46,,,
24203,71P,46,,,
24204,71P,46,,,
24205,71P,46,,,
24206,71P,46,,,
24207,71P,46,,,
24208,71P,46,,,
24209,71P,46,,,
24210,71P,46,,,
24211,71P,46,,,
24212,71P,46,,,
24213,71P,46,,,
24214,71P,46,,,
24215,71P,46,,,
24216,71P,46,,,
24217,71P,46,,,
24218,71P,46,,,
24219,71P,46,,,
24220,71P,46,,,
24221,71P,48,,,
24222,71P,48,-22.5,-147.8,100700.0
24223,71P,48,,,
24224,71P,48,,,
24225,71P,48,,,
24226,71P,48,,,
24227,71P,48,,,
24228,71P,48,,,
24229,71P,48,,,
24230,71P,48,,,
24231,71P,48,,,
24232,71P,48,,,
24233,71P,48,,,
24234,71P,48,,,
24235,71P,48,,,
24236,71P,48,,,
24237,71P,48,,,
24238,71P,48,,,
24239,71P,48,,,
24240,71P,48,,,
24241,71P,48,,,
24242,71P,48,,,
24243,71P,48,,,
24244,71P,48,,,
24245,71P,48,,,
24246,71P,48,,,
24247,71P,48,,,
24248,71P,48,,,
24249,71P,48,,,
24250,71P,48,,,
24251,71P,48,,,
24252,71P,48,,,
24253,71P,48,,,
24254,71P,48,,,
24255,71P,48,,,
24256,71P,48,,,
24257,71P,48,,,
24258,71P,48,,,
24259,71P,48,,,
24260,71P,48,,,
24261,71P,49,,,
24262,71P,49,,,
24263,71P,49,,,
24264,71P,49,,,
24265,71P,49,,,
24266,71P,49,,,
24267,71P,49,,,
24268,71P,49,,,
24269,71P,49,,,
24270,71P,49,,,
24271,71P,49,,,
24272,71P,49,,,
24273,71P,49,,,
24274,71P,49,,,
24275,71P,49,,,
24276,71P,49,,,
24277,71P,49,,,
24278,71P,49,,,
24279,71P,49,,,
24280,71P,49,,,
24281,71P,49,,,
24282,71P,49,,,
24283,71P,49,,,
24284,71P,49,,,
24285,71P,49,-20.2,-167.70000000000002,100500.0
24286,71P,49,,,
24287,71P,49,-22.6,-166.4,98600.0
24288,71P,49,-23.5,-164.9,99300.0
24289,71P,49,-24.900000000000002,-163.3,99500.0
24290,71P,49,-27.1,-161.3,99300.0
24291,71P,49,-28.7,-160.3,98900.0
24292,71P,49,-30.5,-159.0,98800.0
24293,71P,49,-32.1,-158.0,98600.0
24294,71P,49,-33.2,-158.0,98500.0
24295,71P,49,-34.300000000000004,-156.9,98500.0
24296,71P,49,-35.5,-155.70000000000002,98300.0
24297,71P,49,-37.2,-154.5,98300.0
24298,71P,49,-38.4,-153.3,98300.0
24299,71P,49,-40.300000000000004,-151.70000000000002,98400.0
24300,71P,49,-42.2,-151.20000000000002,98300.0
24301,71P,50,,,
24302,71P,50,,,
24303,71P,50,,,
24304,71P,50,,,
24305,71P,50,,,
24306,71P,50,,,
24307,71P,50,,,
24308,71P,50,,,
24309,71P,50,,,
24310,71P,50,,,
24311,71P,50,,,
24312,71P,50,,,
24313,71P,50,,,
24314,71P,50,,,
24315,71P,50,,,
24316,71P,50,,,
24317,71P,50,,,
24318,71P,50,,,
24319,71P,50,,,
24320,71P,50,,,
24321,71P,50,,,
24322,71P,50,,,
24323,71P,50,,,
24324,71P,50,,,
24325,71P,50,,,
24326,71P,50,,,
24327,71P,50,,,
24328,71P,50,,,
24329,71P,50,-18.7,169.3,100500.0
24330,71P,50,-17.900000000000002,168.8,100600.0
24331,71P,50,-17.5,170.0,100500.0
24332,71P,50,-17.1,169.8,100500.0
24333,71P,50,-16.9,170.70000000000002,100400.0
24334,71P,50,-16.5,171.3,100600.0
24335,71P,50,-16.1,171.8,100600.0
24336,71P,50,,,
24337,71P,50,-15.6,173.6,100600.0
24338,71P,50,-15.0,174.8,100800.0
24339,71P,50,-15.5,174.70000000000002,100700.0
24340,71P,50,,,
24341,72P,6,,,
24342,72P,6,,,
24343,72P,6,,,
24344,72P,6,,,
24345,72P,6,,,
24346,72P,6,,,
24347,72P,6,,,
24348,72P,6,,,
24349,72P,6,,,
24350,72P,6,,,
24351,72P,6,,,
24352,72P,6,,,
24353,72P,6,,,
24354,72P,6,,,
24355,72P,6,,,
24356,72P,6,,,
24357,72P,6,,,
24358,72P,6,,,
24359,72P,6,,,
24360,72P,6,,,
24361,72P,6,,,
24362,72P,6,,,
24363,72P,6,,,
24364,72P,6,,,
24365,72P,6,,,
24366,72P,6,-19.7,-167.3,100700.0
24367,72P,6,,,
24368,72P,6,-23.7,-162.3,100300.0
24369,72P,6,-25.900000000000002,-159.4,100100.0
24370,72P,6,-27.900000000000002,-156.20000000000002,100100.0
24371,72P,6,-30.1,-153.8,99800.0
24372,72P,6,,,
24373,72P,6,,,
24374,72P,6,,,
24375,72P,6,,,
24376,72P,6,,,
24377,72P,6,,,
24378,72P,6,,,
24379,72P,6,,,
24380,72P,6,,,
24381,72P,7,,,
24382,72P,7,,,
24383,72P,7,,,
24384,72P,7,,,
24385,72P,7,,,
24386,72P,7,,,
24387,72P,7,,,
24388,72P,7,,,
24389,72P,7,,,
24390,72P,7,,,
24391,72P,7,,,
24392,72P,7,,,
24393,72P,7,,,
24394,72P,7,,,
24395,72P,7,,,
24396,72P,7,,,
24397,72P,7,,,
24398,72P,7,,,
24399,72P,7,,,
24400,72P,7,,,
24401,72P,7,,,
24402,72P,7,,,
24403,72P,7,,,
24404,72P,7,,,
24405,72P,7,,,
24406,72P,7,,,
24407,72P,7,,,
24408,72P,7,,,
24409,72P,7,,,
24410,72P,7,-18.7,167.9,100900.0
24411,72P,7,-17.6,167.9,100700.0
24412,72P,7,-17.400000000000002,169.8,100700.0
24413,72P,7,-17.2,169.20000000000002,100600.0
24414,72P,7,-17.5,169.70000000000002,100800.0
24415,72P,7,-17.3,170.20000000000002,100600.0
24416,72P,7,-17.900000000000002,171.3,100800.0
24417,72P,7,-18.1,171.9,100600.0
24418,72P,7,-17.900000000000002,172.4,100900.0
24419,72P,7,-17.6,172.70000000000002,100800.0
24420,72P,7,-16.2,172.6,101000.0
24421,72P,13,,,
24422,72P,13,,,
24423,72P,13,,,
24424,72P,13,,,
24425,72P,13,,,
24426,72P,13,,,
24427,72P,13,,,
24428,72P,13,,,
24429,72P,13,,,
24430,72P,13,,,
24431,72P,13,,,
24432,72P,13,,,
24433,72P,13,,,
24434,72P,13,,,
24435,72P,13,,,
24436,72P,13,,,
24437,72P,13,-5.5,160.1,100500.0
24438,72P,13,-6.7,159.70000000000002,100700.0
24439,72P,13,,,
24440,72P,13,,,
24441,72P,13,,,
24442,72P,13,,,
24443,72P,13,,,
24444,72P,13,,,
24445,72P,13,,,
24446,72P,13,,,
24447,72P,13,,,
24448,72P,13,,,
24449,72P,13,,,
24450,72P,13,,,
24451,72P,13,,,
24452,72P,13,,,
24453,72P,13,,,
24454,72P,13,,,
24455,72P,13,,,
24456,72P,13,,,
24457,72P,13,,,
24458,72P,13,,,
24459,72P,13,,,
24460,72P,13,,,
24461,72P,15,,,
24462,72P,15,,,
24463,72P,15,,,
24464,72P,15,,,
24465,72P,15,,,
24466,72P,15,,,
24467,72P,15,,,
24468,72P,15,,,
24469,72P,15,,,
24470,72P,15,,,
24471,72P,15,,,
24472,72P,15,,,
24473,72P,15,,,
24474,72P,15,,,
24475,72P,15,,,
24476,72P,15,,,
24477,72P,15,,,
24478,72P,15,-20.8,163.9,101100.0
24479,72P,15,-19.7,164.1,100700.0
24480,72P,15,,,
24481,72P,15,,,
24482,72P,15,,,
24483,72P,15,,,
24484,72P,15,,,
24485,72P,15,,,
24486,72P,15,,,
24487,72P,15,,,
24488,72P,15,,,
24489,72P,15,,,
24490,72P,15,,,
24491,72P,15,,,
24492,72P,15,,,
24493,72P,15,,,
24494,72P,15,,,
24495,72P,15,,,
24496,72P,15,,,
24497,72P,15,,,
24498,72P,15,,,
24499,72P,15,,,
24500,72P,15,,,
24501,72P,16,,,
24502,72P,16,-10.8,160.4,100400.0
24503,72P,16,-12.5,157.4,100200.0
24504,72P,16,-12.9,156.1,100400.0
24505,72P,16,,,
24506,72P,16,,,
24507,72P,16,,,
24508,72P,16,-14.6,154.3,100500.0
24509,72P,16,,,
24510,72P,16,,,
24511,72P,16,,,
24512,72P,16,,,
24513,72P,16,,,
24514,72P,16,,,
24515,72P,16,,,
24516,72P,16,,,
24517,72P,16,,,
24518,72P,16,,,
24519,72P,16,,,
24520,72P,16,,,
24521,72P,16,,,
24522,72P,16,,,
24523,72P,16,,,
24524,72P,16,,,
24525,72P,16,,,
24526,72P,16,,,
24527,72P,16,,,
24528,72P,16,,,
24529,72P,16,,,
24530,72P,16,,,
24531,72P,16,,,
24532,72P,16,,,
24533,72P,16,,,
24534,72P,16,,,
24535,72P,16,,,
24536,72P,16,,,
24537,72P,16,,,
24538,72P,16,,,
24539,72P,16,,,
24540,72P,16,,,
24541,72P,27,,,
24542,72P,27,-20.3,-148.4,100700.0
24543,72P,27,,,
24544,72P,27,,,
24545,72P,27,,,
24546,72P,27,,,
24547,72P,27,,,
24548,72P,27,,,
24549,72P,27,,,
24550,72P,27,,,
24551,72P,27,,,
24552,72P,27,,,
24553,72P,27,,,
24554,72P,27,,,
24555,72P,27,,,
24556,72P,27,,,
24557,72P,27,,,
24558,72P,27,,,
24559,72P,27,,,
24560,72P,27,,,
24561,72P,27,,,
24562,72P,27,,,
24563,72P,27,,,
24564,72P,27,,,
24565,72P,27,,,
24566,72P,27,,,
24567,72P,27,,,
24568,72P,27,,,
24569,72P,27,,,
24570,72P,27,,,
24571,72P,27,,,
24572,72P,27,,,
24573,72P,27,,,
24574,72P,27,,,
24575,72P,27,,,
24576,72P,27,,,
24577,72P,27,,,
24578,72P,27,,,
24579,72P,27,,,
24580,72P,27,,,
24581,72P,29,,,
24582,72P,29,,,
24583,72P,29,,,
24584,72P,29,,,
24585,72P,29,,,
24586,72P,29,,,
24587,72P,29,,,
24588,72P,29,,,
24589,72P,29,,,
24590,72P,29,,,
24591,72P,29,,,
24592,72P,29,,,
24593,72P,29,,,
24594,72P,29,,,
24595,72P,29,,,
24596,72P,29,,,
24597,72P,29,,,
24598,72P,29,,,
24599,72P,29,,,
24600,72P,29,,,
24601,72P,29,,,
24602,72P,29,,,
24603,72P,29,,,
24604,72P,29,-19.0,-168.20000000000002,100800.0
24605,72P,29,-19.7,-168.1,100800.0
24606,72P,29,-19.900000000000002,-166.20000000000002,100500.0
24607,72P,29,-19.3,-165.0,100400.0
24608,72P,29,-20.7,-164.4,100300.0
24609,72P,29,-20.2,-163.6,100600.0
24610,72P,29,,,
24611,72P,29,,,
24612,72P,29,,,
24613,72P,29,,,
24614,72P,29,,,
24615,72P,29,,,
24616,72P,29,,,
24617,72P,29,,,
24618,72P,29,,,
24619,72P,29,,,
24620,72P,29,,,
24621,72P,30,,,
24622,72P,30,,,
24623,72P,30,,,
24624,72P,30,,,
24625,72P,30,,,
24626,72P,30,,,
24627,72P,30,,,
24628,72P,30,,,
24629,72P,30,,,
24630,72P,30,,,
24631,72P,30,,,
24632,72P,30,,,
24633,72P,30,,,
24634,72P,30,,,
24635,72P,30,,,
24636,72P,30,,,
24637,72P,30,,,
24638,72P,30,,,
24639,72P,30,,,
24640,72P,30,,,
24641,72P,30,,,
24642,72P,30,,,
24643,72P,30,,,
24644,72P,30,,,
24645,72P,30,,,
24646,72P,30,,,
24647,72P,30,,,
24648,72P,30,,,
24649,72P,30,,,
24650,72P,30,,,
24651,72P,30,,,
24652,72P,30,,,
24653,72P,30,,,
24654,72P,30,,,
24655,72P,30,,,
24656,72P,30,,,
24657,72P,30,-10.0,-152.20000000000002,101100.0
24658,72P,30,-9.0,-150.0,100900.0
24659,72P,30,,,
24660,72P,30,-7.9,-151.20000000000002,100900.0
24661,72P,31,,,
24662,72P,31,,,
24663,72P,31,,,
24664,72P,31,,,
24665,72P,31,,,
24666,72P,31,,,
24667,72P,31,,,
24668,72P,31,,,
24669,72P,31,,,
24670,72P,31,,,
24671,72P,31,,,
24672,72P,31,,,
24673,72P,31,-1.2,163.6,100200.0
24674,72P,31,-2.3000000000000003,162.20000000000002,100400.0
24675,72P,31,-3.9,160.20000000000002,100200.0
24676,72P,31,-3.1,159.70000000000002,100400.0
24677,72P,31,,,
24678,72P,31,,,
24679,72P,31,,,
24680,72P,31,,,
24681,72P,31,,,
24682,72P,31,,,
24683,72P,31,,,
24684,72P,31,,,
24685,72P,31,,,
24686,72P,31,,,
24687,72P,31,,,
24688,72P,31,,,
24689,72P,31,,,
24690,72P,31,,,
24691,72P,31,,,
24692,72P,31,,,
24693,72P,31,,,
24694,72P,31,,,
24695,72P,31,,,
24696,72P,31,,,
24697,72P,31,,,
24698,72P,31,,,
24699,72P,31,,,
24700,72P,31,,,
24701,72P,32,,,
24702,72P,32,,,
24703,72P,32,,,
24704,72P,32,,,
24705,72P,32,,,
24706,72P,32,,,
24707,72P,32,,,
24708,72P,32,,,
24709,72P,32,,,
24710,72P,32,,,
24711,72P,32,,,
24712,72P,32,,,
24713,72P,32,,,
24714,72P,32,,,
24715,72P,32,,,
24716,72P,32,,,
24717,72P,32,,,
24718,72P,32,,,
24719,72P,32,,,
24720,72P,32,,,
24721,72P,32,,,
24722,72P,32,,,
24723,72P,32,,,
24724,72P,32,,,
24725,72P,32,,,
24726,72P,32,,,
24727,72P,32,,,
24728,72P,32,,,
24729,72P,32,-25.400000000000002,-156.8,99900.0
24730,72P,32,-26.8,-153.8,99800.0
24731,72P,32,-28.0,-152.1,100000.0
24732,72P,32,,,
24733,72P,32,,,
24734,72P,32,,,
24735,72P,32,,,
24736,72P,32,,,
24737,72P,32,,,
24738,72P,32,,,
24739,72P,32,,,
24740,72P,32,,,
24741,72P,33,,,
24742,72P,33,,,
24743,72P,33,,,
24744,72P,33,,,
24745,72P,33,,,
24746,72P,33,,,
24747,72P,33,,,
24748,72P,33,,,
24749,72P,33,,,
24750,72P,33,,,
24751,72P,33,,,
24752,72P,33,,,
24753,72P,33,,,
24754,72P,33,,,
24755,72P,33,,,
24756,72P,33,,,
24757,72P,33,,,
24758,72P,33,,,
24759,72P,33,,,
24760,72P,33,,,
24761,72P,33,,,
24762,72P,33,,,
24763,72P,33,,,
24764,72P,33,,,
24765,72P,33,,,
24766,72P,33,,,
24767,72P,33,,,
24768,72P,33,,,
24769,72P,33,,,
24770,72P,33,,,
24771,72P,33,,,
24772,72P,33,,,
24773,72P,33,,,
24774,72P,33,-26.8,-156.6,100800.0
24775,72P,33,-28.2,-154.1,100600.0
24776,72P,33,-28.1,-153.0,100400.0
24777,72P,33,-29.400000000000002,-150.1,100600.0
24778,72P,33,,,
24779,72P,33,-30.8,-145.70000000000002,99500.0
24780,72P,33,-31.3,-143.3,99300.0
24781,72P,39,,,
24782,72P,39,,,
24783,72P,39,,,
24784,72P,39,,,
24785,72P,39,,,
24786,72P,39,,,
24787,72P,39,,,
24788,72P,39,,,
24789,72P,39,,,
24790,72P,39,,,
24791,72P,39,,,
24792,72P,39,,,
24793,72P,39,,,
24794,72P,39,,,
24795,72P,39,,,
24796,72P,39,,,
24797,72P,39,,,
24798,72P,39,,,
24799,72P,39,,,
24800,72P,39,,,
24801,72P,39,,,
24802,72P,39,,,
24803,72P,39,,,
24804,72P,39,,,
24805,72P,39,,,
24806,72P,39,,,
24807,72P,39,,,
24808,72P,39,,,
24809,72P,39,,,
24810,72P,39,-20.6,167.6,100700.0
24811,72P,39,,,
24812,72P,39,-21.6,169.1,100500.0
24813,72P,39,,,
24814,72P,39,-23.7,173.6,100100.0
24815,72P,39,,,
24816,72P,39,-26.400000000000002,177.5,99800.0
24817,72P,39,-29.0,-179.6,99000.0
24818,72P,39,,,
24819,72P,39,,,
24820,72P,39,,,
24821,72P,42,,,
24822,72P,42,,,
24823,72P,42,,,
24824,72P,42,,,
24825,72P,42,,,
24826,72P,42,,,
24827,72P,42,,,
24828,72P,42,,,
24829,72P,42,,,
24830,72P,42,,,
24831,72P,42,,,
24832,72P,42,,,
24833,72P,42,,,
24834,72P,42,,,
24835,72P,42,,,
24836,72P,42,,,
24837,72P,42,,,
24838,72P,42,,,
24839,72P,42,,,
24840,72P,42,,,
24841,72P,42,,,
24842,72P,42,,,
24843,72P,42,,,
24844,72P,42,,,
24845,72P,42,,,
24846,72P,42,,,
24847,72P,42,,,
24848,72P,42,,,
24849,72P,42,,,
24850,72P,42,,,
24851,72P,42,,,
24852,72P,42,,,
24853,72P,42,,,
24854,72P,42,-17.2,170.6,100700.0
24855,72P,42,-17.6,172.4,100500.0
24856,72P,42,-17.7,173.8,100400.0
24857,72P,42,-17.8,175.4,100300.0
24858,72P,42,,,
24859,72P,42,,,
24860,72P,42,,,
24861,72P,46,-28.7,178.5,95800.0
24862,72P,46,-30.3,178.3,96100.0
24863,72P,46,-30.5,177.1,96400.0
24864,72P,46,-31.1,176.5,96800.0
24865,72P,46,-32.1,175.9,96800.0
24866,72P,46,-33.0,175.20000000000002,97100.0
24867,72P,46,-33.9,175.6,97300.0
24868,72P,46,-35.800000000000004,176.1,97300.0
24869,72P,46,-37.800000000000004,176.4,97100.0
24870,72P,46,-40.0,177.4,97500.0
24871,72P,46,-42.800000000000004,178.1,97400.0
24872,72P,46,-46.1,177.8,97200.0
24873,72P,46,-49.6,177.3,97200.0
24874,72P,46,,,
24875,72P,46,,,
24876,72P,46,,,
24877,72P,46,,,
24878,72P,46,,,
24879,72P,46,,,
24880,72P,46,,,
24881,72P,46,,,
24882,72P,46,,,
24883,72P,46,,,
24884,72P,46,,,
24885,72P,46,,,
24886,72P,46,,,
24887,72P,46,,,
24888,72P,46,,,
24889,72P,46,,,
24890,72P,46,,,
24891,72P,46,,,
24892,72P,46,,,
24893,72P,46,,,
24894,72P,46,,,
24895,72P,46,,,
24896,72P,46,,,
24897,72P,46,,,
24898,72P,46,,,
24899,72P,46,,,
24900,72P,46,,,
24901,73P,7,,,
24902,73P,7,,,
24903,73P,7,,,
24904,73P,7,,,
24905,73P,7,,,
24906,73P,7,,,
24907,73P,7,,,
24908,73P,7,,,
24909,73P,7,,,
24910,73P,7,,,
24911,73P,7,,,
24912,73P,7,,,
24913,73P,7,,,
24914,73P,7,,,
24915,73P,7,,,
24916,73P,7,,,
24917,73P,7,,,
24918,73P,7,,,
24919,73P,7,,,
24920,73P,7,,,
24921,73P,7,,,
24922,73P,7,,,
24923,73P,7,,,
24924,73P,7,,,
24925,73P,7,,,
24926,73P,7,,,
24927,73P,7,,,
24928,73P,7,,,
24929,73P,7,,,
24930,73P,7,-13.3,-177.20000000000002,100800.0
24931,73P,7,,,
24932,73P,7,-14.200000000000001,-173.70000000000002,100500.0
24933,73P,7,-14.1,-172.70000000000002,100700.0
24934,73P,7,-13.3,-172.5,100800.0
24935,73P,7,,,
24936,73P,7,,,
24937,73P,7,,,
24938,73P,7,,,
24939,73P,7,,,
24940,73P,7,,,
24941,73P,15,,,
24942,73P,15,,,
24943,73P,15,,,
24944,73P,15,,,
24945,73P,15,,,
24946,73P,15,,,
24947,73P,15,,,
24948,73P,15,,,
24949,73P,15,,,
24950,73P,15,,,
24951,73P,15,,,
24952,73P,15,,,
24953,73P,15,,,
24954,73P,15,,,
24955,73P,15,,,
24956,73P,15,,,
24957,73P,15,,,
24958,73P,15,,,
24959,73P,15,,,
24960,73P,15,,,
24961,73P,15,,,
24962,73P,15,,,
24963,73P,15,,,
24964,73P,15,,,
24965,73P,15,,,
24966,73P,15,,,
24967,73P,15,-17.400000000000002,162.8,100600.0
24968,73P,15,-17.3,163.3,100900.0
24969,73P,15,,,
24970,73P,15,-17.0,163.0,100900.0
24971,73P,15,-16.6,162.0,100700.0
24972,73P,15,-16.2,163.6,100900.0
24973,73P,15,-16.4,163.1,100700.0
24974,73P,15,-16.1,164.0,100900.0
24975,73P,15,-17.7,166.20000000000002,100700.0
24976,73P,15,-17.400000000000002,167.4,100900.0
24977,73P,15,-17.1,169.3,100700.0
24978,73P,15,,,
24979,73P,15,,,
24980,73P,15,,,
24981,73P,42,,,
24982,73P,42,,,
24983,73P,42,,,
24984,73P,42,,,
24985,73P,42,,,
24986,73P,42,,,
24987,73P,42,,,
24988,73P,42,,,
24989,73P,42,,,
24990,73P,42,,,
24991,73P,42,,,
24992,73P,42,,,
24993,73P,42,,,
24994,73P,42,,,
24995,73P,42,,,
24996,73P,42,,,
24997,73P,42,,,
24998,73P,42,,,
24999,73P,42,,,
25000,73P,42,,,
25001,73P,42,,,
25002,73P,42,,,
25003,73P,42,,,
25004,73P,42,,,
25005,73P,42,,,
25006,73P,42,,,
25007,73P,42,,,
25008,73P,42,,,
25009,73P,42,,,
25010,73P,42,,,
25011,73P,42,,,
25012,73P,42,,,
25013,73P,42,,,
25014,73P,42,,,
25015,73P,42,,,
25016,73P,42,,,
25017,73P,42,,,
25018,73P,42,-15.3,171.9,100700.0
25019,73P,42,-15.5,174.20000000000002,100600.0
25020,73P,42,-15.700000000000001,175.4,100800.0
25021,73P,46,-33.9,-145.4,98700.0
25022,73P,46,-34.800000000000004,-145.4,98500.0
25023,73P,46,,,
25024,73P,46,-35.5,-145.70000000000002,98400.0
25025,73P,46,-35.300000000000004,-145.5,98400.0
25026,73P,46,-34.9,-144.4,98400.0
25027,73P,46,,,
25028,73P,46,,,
25029,73P,46,,,
25030,73P,46,,,
25031,73P,46,,,
25032,73P,46,,,
25033,73P,46,,,
25034,73P,46,,,
25035,73P,46,,,
25036,73P,46,,,
25037,73P,46,,,
25038,73P,46,,,
25039,73P,46,,,
25040,73P,46,,,
25041,73P,46,,,
25042,73P,46,,,
25043,73P,46,,,
25044,73P,46,,,
25045,73P,46,,,
25046,73P,46,,,
25047,73P,46,,,
25048,73P,46,,,
25049,73P,46,,,
25050,73P,46,,,
25051,73P,46,,,
25052,73P,46,,,
25053,73P,46,,,
25054,73P,46,,,
25055,73P,46,,,
25056,73P,46,,,
25057,73P,46,,,
25058,73P,46,,,
25059,73P,46,,,
25060,73P,46,,,
25061,74P,7,,,
25062,74P,7,,,
25063,74P,7,,,
25064,74P,7,,,
25065,74P,7,,,
25066,74P,7,,,
25067,74P,7,,,
25068,74P,7,,,
25069,74P,7,,,
25070,74P,7,,,
25071,74P,7,,,
25072,74P,7,,,
25073,74P,7,,,
25074,74P,7,,,
25075,74P,7,,,
25076,74P,7,,,
25077,74P,7,,,
25078,74P,7,,,
25079,74P,7,,,
25080,74P,7,,,
25081,74P,7,,,
25082,74P,7,,,
25083,74P,7,,,
25084,74P,7,,,
25085,74P,7,,,
25086,74P,7,,,
25087,74P,7,,,
25088,74P,7,,,
25089,74P,7,,,
25090,74P,7,,,
25091,74P,7,-18.400000000000002,161.3,100800.0
25092,74P,7,,,
25093,74P,7,,,
25094,74P,7,-18.1,164.1,100900.0
25095,74P,7,-17.400000000000002,164.5,100400.0
25096,74P,7,,,
25097,74P,7,,,
25098,74P,7,,,
25099,74P,7,,,
25100,74P,15,,,
25101,74P,15,,,
25102,74P,15,,,
25103,74P,15,,,
25104,74P,15,,,
25105,74P,15,,,
25106,74P,15,,,
25107,74P,15,,,
25108,74P,15,,,
25109,74P,15,,,
25110,74P,15,,,
25111,74P,15,,,
25112,74P,15,,,
25113,74P,15,,,
25114,74P,15,,,
25115,74P,15,,,
25116,74P,15,,,
25117,74P,15,,,
25118,74P,15,,,
25119,74P,15,,,
25120,74P,15,,,
25121,74P,15,,,
25122,74P,15,,,
25123,74P,15,,,
25124,74P,15,,,
25125,74P,15,,,
25126,74P,15,,,
25127,74P,15,,,
25128,74P,15,,,
25129,74P,15,,,
25130,74P,15,,,
25131,74P,15,,,
25132,74P,15,,,
25133,74P,15,,,
25134,74P,15,,,
25135,74P,15,-28.900000000000002,-150.5,99800.0
25136,74P,15,-29.400000000000002,-149.70000000000002,99500.0
25137,74P,15,-29.5,-149.6,99700.0
25138,74P,15,-29.1,-149.0,100000.0
25139,75P,15,,,
25140,75P,15,,,
25141,75P,15,,,
25142,75P,15,,,
25143,75P,15,,,
25144,75P,15,,,
25145,75P,15,,,
25146,75P,15,,,
25147,75P,15,,,
25148,75P,15,,,
25149,75P,15,,,
25150,75P,15,,,
25151,75P,15,,,
25152,75P,15,,,
25153,75P,15,,,
25154,75P,15,,,
25155,75P,15,,,
25156,75P,15,,,
25157,75P,15,,,
25158,75P,15,,,
25159,75P,15,,,
25160,75P,15,,,
25161,75P,15,,,
25162,75P,15,,,
25163,75P,15,,,
25164,75P,15,,,
25165,75P,15,,,
25166,75P,15,,,
25167,75P,15,,,
25168,75P,15,,,
25169,75P,15,,,
25170,75P,15,,,
25171,75P,15,,,
25172,75P,15,,,
25173,75P,15,,,
25174,75P,15,,,
25175,75P,15,,,
25176,75P,15,-20.2,177.70000000000002,100900.0
25177,75P,15,-20.0,179.0,100600.0
